<?xml version="1.0" encoding="utf-8"?>
<COLLADA xmlns="http://www.collada.org/2005/11/COLLADASchema" version="1.4.1">
  <asset>
    <contributor>
      <authoring_tool>Fusion URDF/XACRO Exporter</authoring_tool>
    </contributor>
    <created>2026-09-02T21:27:18Z</created>
    <modified>2026-09-02T21:27:18Z</modified>
    <unit name="meter" meter="1.0"/>
    <up_axis>Z_UP</up_axis>
  </asset>
  <library_effects>
    <effect id="Plastic_-_Glossy__Black_-effect">
      <profile_COMMON>
        <technique sid="common">
          <lambert>
            <emission><color>0 0 0 1</color></emission>
            <ambient><color>0.0000 0.0000 0.0000 1</color></ambient>
            <diffuse><color>0.0980 0.0980 0.0980 1</color></diffuse>
            <reflective><color>0 0 0 1</color></reflective>
            <transparent opaque="A_ONE"><color>1 1 1 1</color></transparent>
            <transparency><float>1</float></transparency>
          </lambert>
        </technique>
      </profile_COMMON>
    </effect>
    <effect id="Plastic_-_Matte__Blue_-effect">
      <profile_COMMON>
        <technique sid="common">
          <lambert>
            <emission><color>0 0 0 1</color></emission>
            <ambient><color>0.0000 0.0000 0.0000 1</color></ambient>
            <diffuse><color>0.1882 0.2314 0.5882 1</color></diffuse>
            <reflective><color>0 0 0 1</color></reflective>
            <transparent opaque="A_ONE"><color>1 1 1 1</color></transparent>
            <transparency><float>1</float></transparency>
          </lambert>
        </technique>
      </profile_COMMON>
    </effect>
  </library_effects>
  <library_materials>
    <material id="Plastic_-_Glossy__Black_" name="Plastic_-_Glossy_(Black)">
      <instance_effect url="#Plastic_-_Glossy__Black_-effect"/>
    </material>
    <material id="Plastic_-_Matte__Blue_" name="Plastic_-_Matte_(Blue)">
      <instance_effect url="#Plastic_-_Matte__Blue_-effect"/>
    </material>
  </library_materials>
  <library_geometries>
    <geometry id="base_link-mesh" name="base_link">
      <mesh>
        <source id="base_link-mesh-positions">
          <float_array id="base_link-mesh-positions-array" count="3300">-0.061037 -0.062500 0.120000 -0.061071 -0.062759 0.120000 -0.061171 -0.063000 0.120000 -0.061330 -0.063207 0.120000 -0.061537 -0.063366 0.120000 -0.061778 -0.063466 0.120000 -0.062037 -0.063500 0.120000 -0.062296 -0.063466 0.120000 -0.062537 -0.063366 0.120000 -0.062744 -0.063207 0.120000 -0.062903 -0.063000 0.120000 -0.063003 -0.062759 0.120000 -0.063037 -0.062500 0.120000 -0.063003 -0.062241 0.120000 -0.062903 -0.062000 0.120000 -0.062744 -0.061793 0.120000 -0.062537 -0.061634 0.120000 -0.062296 -0.061534 0.120000 -0.062037 -0.061500 0.120000 -0.061778 -0.061534 0.120000 -0.061537 -0.061634 0.120000 -0.061330 -0.061793 0.120000 -0.061171 -0.062000 0.120000 -0.061071 -0.062241 0.120000 -0.061037 -0.062500 0.050000 -0.061071 -0.062241 0.050000 -0.061171 -0.062000 0.050000 -0.061330 -0.061793 0.050000 -0.061537 -0.061634 0.050000 -0.061778 -0.061534 0.050000 -0.062037 -0.061500 0.050000 -0.062296 -0.061534 0.050000 -0.062537 -0.061634 0.050000 -0.062744 -0.061793 0.050000 -0.062903 -0.062000 0.050000 -0.063003 -0.062241 0.050000 -0.063037 -0.062500 0.050000 -0.063003 -0.062759 0.050000 -0.062903 -0.063000 0.050000 -0.062744 -0.063207 0.050000 -0.062537 -0.063366 0.050000 -0.062296 -0.063466 0.050000 -0.062037 -0.063500 0.050000 -0.061778 -0.063466 0.050000 -0.061537 -0.063366 0.050000 -0.061330 -0.063207 0.050000 -0.061171 -0.063000 0.050000 -0.061071 -0.062759 0.050000 -0.061037 -0.062500 0.114615 -0.061037 -0.062500 0.109231 -0.061037 -0.062500 0.103846 -0.061037 -0.062500 0.098462 -0.061037 -0.062500 0.093077 -0.061037 -0.062500 0.087692 -0.061037 -0.062500 0.082308 -0.061037 -0.062500 0.076923 -0.061037 -0.062500 0.071538 -0.061037 -0.062500 0.066154 -0.061037 -0.062500 0.060769 -0.061037 -0.062500 0.055385 -0.061071 -0.062759 0.114615 -0.061071 -0.062759 0.109231 -0.061071 -0.062759 0.103846 -0.061071 -0.062759 0.098462 -0.061071 -0.062759 0.093077 -0.061071 -0.062759 0.087692 -0.061071 -0.062759 0.082308 -0.061071 -0.062759 0.076923 -0.061071 -0.062759 0.071538 -0.061071 -0.062759 0.066154 -0.061071 -0.062759 0.060769 -0.061071 -0.062759 0.055385 -0.061171 -0.063000 0.114615 -0.061171 -0.063000 0.109231 -0.061171 -0.063000 0.103846 -0.061171 -0.063000 0.098462 -0.061171 -0.063000 0.093077 -0.061171 -0.063000 0.087692 -0.061171 -0.063000 0.082308 -0.061171 -0.063000 0.076923 -0.061171 -0.063000 0.071538 -0.061171 -0.063000 0.066154 -0.061171 -0.063000 0.060769 -0.061171 -0.063000 0.055385 -0.061330 -0.063207 0.114615 -0.061330 -0.063207 0.109231 -0.061330 -0.063207 0.103846 -0.061330 -0.063207 0.098462 -0.061330 -0.063207 0.093077 -0.061330 -0.063207 0.087692 -0.061330 -0.063207 0.082308 -0.061330 -0.063207 0.076923 -0.061330 -0.063207 0.071538 -0.061330 -0.063207 0.066154 -0.061330 -0.063207 0.060769 -0.061330 -0.063207 0.055385 -0.061537 -0.063366 0.114615 -0.061537 -0.063366 0.109231 -0.061537 -0.063366 0.103846 -0.061537 -0.063366 0.098462 -0.061537 -0.063366 0.093077 -0.061537 -0.063366 0.087692 -0.061537 -0.063366 0.082308 -0.061537 -0.063366 0.076923 -0.061537 -0.063366 0.071538 -0.061537 -0.063366 0.066154 -0.061537 -0.063366 0.060769 -0.061537 -0.063366 0.055385 -0.061778 -0.063466 0.114615 -0.061778 -0.063466 0.109231 -0.061778 -0.063466 0.103846 -0.061778 -0.063466 0.098462 -0.061778 -0.063466 0.093077 -0.061778 -0.063466 0.087692 -0.061778 -0.063466 0.082308 -0.061778 -0.063466 0.076923 -0.061778 -0.063466 0.071538 -0.061778 -0.063466 0.066154 -0.061778 -0.063466 0.060769 -0.061778 -0.063466 0.055385 -0.062037 -0.063500 0.114615 -0.062037 -0.063500 0.109231 -0.062037 -0.063500 0.103846 -0.062037 -0.063500 0.098462 -0.062037 -0.063500 0.093077 -0.062037 -0.063500 0.087692 -0.062037 -0.063500 0.082308 -0.062037 -0.063500 0.076923 -0.062037 -0.063500 0.071538 -0.062037 -0.063500 0.066154 -0.062037 -0.063500 0.060769 -0.062037 -0.063500 0.055385 -0.062296 -0.063466 0.114615 -0.062296 -0.063466 0.109231 -0.062296 -0.063466 0.103846 -0.062296 -0.063466 0.098462 -0.062296 -0.063466 0.093077 -0.062296 -0.063466 0.087692 -0.062296 -0.063466 0.082308 -0.062296 -0.063466 0.076923 -0.062296 -0.063466 0.071538 -0.062296 -0.063466 0.066154 -0.062296 -0.063466 0.060769 -0.062296 -0.063466 0.055385 -0.062537 -0.063366 0.114615 -0.062537 -0.063366 0.109231 -0.062537 -0.063366 0.103846 -0.062537 -0.063366 0.098462 -0.062537 -0.063366 0.093077 -0.062537 -0.063366 0.087692 -0.062537 -0.063366 0.082308 -0.062537 -0.063366 0.076923 -0.062537 -0.063366 0.071538 -0.062537 -0.063366 0.066154 -0.062537 -0.063366 0.060769 -0.062537 -0.063366 0.055385 -0.062744 -0.063207 0.114615 -0.062744 -0.063207 0.109231 -0.062744 -0.063207 0.103846 -0.062744 -0.063207 0.098462 -0.062744 -0.063207 0.093077 -0.062744 -0.063207 0.087692 -0.062744 -0.063207 0.082308 -0.062744 -0.063207 0.076923 -0.062744 -0.063207 0.071538 -0.062744 -0.063207 0.066154 -0.062744 -0.063207 0.060769 -0.062744 -0.063207 0.055385 -0.062903 -0.063000 0.114615 -0.062903 -0.063000 0.109231 -0.062903 -0.063000 0.103846 -0.062903 -0.063000 0.098462 -0.062903 -0.063000 0.093077 -0.062903 -0.063000 0.087692 -0.062903 -0.063000 0.082308 -0.062903 -0.063000 0.076923 -0.062903 -0.063000 0.071538 -0.062903 -0.063000 0.066154 -0.062903 -0.063000 0.060769 -0.062903 -0.063000 0.055385 -0.063003 -0.062759 0.114615 -0.063003 -0.062759 0.109231 -0.063003 -0.062759 0.103846 -0.063003 -0.062759 0.098462 -0.063003 -0.062759 0.093077 -0.063003 -0.062759 0.087692 -0.063003 -0.062759 0.082308 -0.063003 -0.062759 0.076923 -0.063003 -0.062759 0.071538 -0.063003 -0.062759 0.066154 -0.063003 -0.062759 0.060769 -0.063003 -0.062759 0.055385 -0.063037 -0.062500 0.114615 -0.063037 -0.062500 0.109231 -0.063037 -0.062500 0.103846 -0.063037 -0.062500 0.098462 -0.063037 -0.062500 0.093077 -0.063037 -0.062500 0.087692 -0.063037 -0.062500 0.082308 -0.063037 -0.062500 0.076923 -0.063037 -0.062500 0.071538 -0.063037 -0.062500 0.066154 -0.063037 -0.062500 0.060769 -0.063037 -0.062500 0.055385 -0.063003 -0.062241 0.114615 -0.063003 -0.062241 0.109231 -0.063003 -0.062241 0.103846 -0.063003 -0.062241 0.098462 -0.063003 -0.062241 0.093077 -0.063003 -0.062241 0.087692 -0.063003 -0.062241 0.082308 -0.063003 -0.062241 0.076923 -0.063003 -0.062241 0.071538 -0.063003 -0.062241 0.066154 -0.063003 -0.062241 0.060769 -0.063003 -0.062241 0.055385 -0.062903 -0.062000 0.114615 -0.062903 -0.062000 0.109231 -0.062903 -0.062000 0.103846 -0.062903 -0.062000 0.098462 -0.062903 -0.062000 0.093077 -0.062903 -0.062000 0.087692 -0.062903 -0.062000 0.082308 -0.062903 -0.062000 0.076923 -0.062903 -0.062000 0.071538 -0.062903 -0.062000 0.066154 -0.062903 -0.062000 0.060769 -0.062903 -0.062000 0.055385 -0.062744 -0.061793 0.114615 -0.062744 -0.061793 0.109231 -0.062744 -0.061793 0.103846 -0.062744 -0.061793 0.098462 -0.062744 -0.061793 0.093077 -0.062744 -0.061793 0.087692 -0.062744 -0.061793 0.082308 -0.062744 -0.061793 0.076923 -0.062744 -0.061793 0.071538 -0.062744 -0.061793 0.066154 -0.062744 -0.061793 0.060769 -0.062744 -0.061793 0.055385 -0.062537 -0.061634 0.114615 -0.062537 -0.061634 0.109231 -0.062537 -0.061634 0.103846 -0.062537 -0.061634 0.098462 -0.062537 -0.061634 0.093077 -0.062537 -0.061634 0.087692 -0.062537 -0.061634 0.082308 -0.062537 -0.061634 0.076923 -0.062537 -0.061634 0.071538 -0.062537 -0.061634 0.066154 -0.062537 -0.061634 0.060769 -0.062537 -0.061634 0.055385 -0.062296 -0.061534 0.114615 -0.062296 -0.061534 0.109231 -0.062296 -0.061534 0.103846 -0.062296 -0.061534 0.098462 -0.062296 -0.061534 0.093077 -0.062296 -0.061534 0.087692 -0.062296 -0.061534 0.082308 -0.062296 -0.061534 0.076923 -0.062296 -0.061534 0.071538 -0.062296 -0.061534 0.066154 -0.062296 -0.061534 0.060769 -0.062296 -0.061534 0.055385 -0.062037 -0.061500 0.114615 -0.062037 -0.061500 0.109231 -0.062037 -0.061500 0.103846 -0.062037 -0.061500 0.098462 -0.062037 -0.061500 0.093077 -0.062037 -0.061500 0.087692 -0.062037 -0.061500 0.082308 -0.062037 -0.061500 0.076923 -0.062037 -0.061500 0.071538 -0.062037 -0.061500 0.066154 -0.062037 -0.061500 0.060769 -0.062037 -0.061500 0.055385 -0.061778 -0.061534 0.114615 -0.061778 -0.061534 0.109231 -0.061778 -0.061534 0.103846 -0.061778 -0.061534 0.098462 -0.061778 -0.061534 0.093077 -0.061778 -0.061534 0.087692 -0.061778 -0.061534 0.082308 -0.061778 -0.061534 0.076923 -0.061778 -0.061534 0.071538 -0.061778 -0.061534 0.066154 -0.061778 -0.061534 0.060769 -0.061778 -0.061534 0.055385 -0.061537 -0.061634 0.114615 -0.061537 -0.061634 0.109231 -0.061537 -0.061634 0.103846 -0.061537 -0.061634 0.098462 -0.061537 -0.061634 0.093077 -0.061537 -0.061634 0.087692 -0.061537 -0.061634 0.082308 -0.061537 -0.061634 0.076923 -0.061537 -0.061634 0.071538 -0.061537 -0.061634 0.066154 -0.061537 -0.061634 0.060769 -0.061537 -0.061634 0.055385 -0.061330 -0.061793 0.114615 -0.061330 -0.061793 0.109231 -0.061330 -0.061793 0.103846 -0.061330 -0.061793 0.098462 -0.061330 -0.061793 0.093077 -0.061330 -0.061793 0.087692 -0.061330 -0.061793 0.082308 -0.061330 -0.061793 0.076923 -0.061330 -0.061793 0.071538 -0.061330 -0.061793 0.066154 -0.061330 -0.061793 0.060769 -0.061330 -0.061793 0.055385 -0.061171 -0.062000 0.114615 -0.061171 -0.062000 0.109231 -0.061171 -0.062000 0.103846 -0.061171 -0.062000 0.098462 -0.061171 -0.062000 0.093077 -0.061171 -0.062000 0.087692 -0.061171 -0.062000 0.082308 -0.061171 -0.062000 0.076923 -0.061171 -0.062000 0.071538 -0.061171 -0.062000 0.066154 -0.061171 -0.062000 0.060769 -0.061171 -0.062000 0.055385 -0.061071 -0.062241 0.114615 -0.061071 -0.062241 0.109231 -0.061071 -0.062241 0.103846 -0.061071 -0.062241 0.098462 -0.061071 -0.062241 0.093077 -0.061071 -0.062241 0.087692 -0.061071 -0.062241 0.082308 -0.061071 -0.062241 0.076923 -0.061071 -0.062241 0.071538 -0.061071 -0.062241 0.066154 -0.061071 -0.062241 0.060769 -0.061071 -0.062241 0.055385 -0.017700 0.060000 0.020000 -0.017778 0.060000 0.020595 -0.018008 0.060000 0.021150 -0.018374 0.060000 0.021626 -0.018850 0.060000 0.021992 -0.019405 0.060000 0.022222 -0.020000 0.060000 0.022300 -0.020595 0.060000 0.022222 -0.021150 0.060000 0.021992 -0.021626 0.060000 0.021626 -0.021992 0.060000 0.021150 -0.022222 0.060000 0.020595 -0.022300 0.060000 0.020000 -0.022222 0.060000 0.019405 -0.021992 0.060000 0.018850 -0.021626 0.060000 0.018374 -0.021150 0.060000 0.018008 -0.020595 0.060000 0.017778 -0.020000 0.060000 0.017700 -0.019405 0.060000 0.017778 -0.018850 0.060000 0.018008 -0.018374 0.060000 0.018374 -0.018008 0.060000 0.018850 -0.017778 0.060000 0.019405 -0.017700 0.025000 0.020000 -0.017778 0.025000 0.019405 -0.018008 0.025000 0.018850 -0.018374 0.025000 0.018374 -0.018850 0.025000 0.018008 -0.019405 0.025000 0.017778 -0.020000 0.025000 0.017700 -0.020595 0.025000 0.017778 -0.021150 0.025000 0.018008 -0.021626 0.025000 0.018374 -0.021992 0.025000 0.018850 -0.022222 0.025000 0.019405 -0.022300 0.025000 0.020000 -0.022222 0.025000 0.020595 -0.021992 0.025000 0.021150 -0.021626 0.025000 0.021626 -0.021150 0.025000 0.021992 -0.020595 0.025000 0.022222 -0.020000 0.025000 0.022300 -0.019405 0.025000 0.022222 -0.018850 0.025000 0.021992 -0.018374 0.025000 0.021626 -0.018008 0.025000 0.021150 -0.017778 0.025000 0.020595 -0.017700 0.048333 0.020000 -0.017700 0.036667 0.020000 -0.017778 0.048333 0.020595 -0.017778 0.036667 0.020595 -0.018008 0.048333 0.021150 -0.018008 0.036667 0.021150 -0.018374 0.048333 0.021626 -0.018374 0.036667 0.021626 -0.018850 0.048333 0.021992 -0.018850 0.036667 0.021992 -0.019405 0.048333 0.022222 -0.019405 0.036667 0.022222 -0.020000 0.048333 0.022300 -0.020000 0.036667 0.022300 -0.020595 0.048333 0.022222 -0.020595 0.036667 0.022222 -0.021150 0.048333 0.021992 -0.021150 0.036667 0.021992 -0.021626 0.048333 0.021626 -0.021626 0.036667 0.021626 -0.021992 0.048333 0.021150 -0.021992 0.036667 0.021150 -0.022222 0.048333 0.020595 -0.022222 0.036667 0.020595 -0.022300 0.048333 0.020000 -0.022300 0.036667 0.020000 -0.022222 0.048333 0.019405 -0.022222 0.036667 0.019405 -0.021992 0.048333 0.018850 -0.021992 0.036667 0.018850 -0.021626 0.048333 0.018374 -0.021626 0.036667 0.018374 -0.021150 0.048333 0.018008 -0.021150 0.036667 0.018008 -0.020595 0.048333 0.017778 -0.020595 0.036667 0.017778 -0.020000 0.048333 0.017700 -0.020000 0.036667 0.017700 -0.019405 0.048333 0.017778 -0.019405 0.036667 0.017778 -0.018850 0.048333 0.018008 -0.018850 0.036667 0.018008 -0.018374 0.048333 0.018374 -0.018374 0.036667 0.018374 -0.018008 0.048333 0.018850 -0.018008 0.036667 0.018850 -0.017778 0.048333 0.019405 -0.017778 0.036667 0.019405 0.132300 0.060000 0.020000 0.132222 0.060000 0.020595 0.131992 0.060000 0.021150 0.131626 0.060000 0.021626 0.131150 0.060000 0.021992 0.130595 0.060000 0.022222 0.130000 0.060000 0.022300 0.129405 0.060000 0.022222 0.128850 0.060000 0.021992 0.128374 0.060000 0.021626 0.128008 0.060000 0.021150 0.127778 0.060000 0.020595 0.127700 0.060000 0.020000 0.127778 0.060000 0.019405 0.128008 0.060000 0.018850 0.128374 0.060000 0.018374 0.128850 0.060000 0.018008 0.129405 0.060000 0.017778 0.130000 0.060000 0.017700 0.130595 0.060000 0.017778 0.131150 0.060000 0.018008 0.131626 0.060000 0.018374 0.131992 0.060000 0.018850 0.132222 0.060000 0.019405 0.132300 0.025000 0.020000 0.132222 0.025000 0.019405 0.131992 0.025000 0.018850 0.131626 0.025000 0.018374 0.131150 0.025000 0.018008 0.130595 0.025000 0.017778 0.130000 0.025000 0.017700 0.129405 0.025000 0.017778 0.128850 0.025000 0.018008 0.128374 0.025000 0.018374 0.128008 0.025000 0.018850 0.127778 0.025000 0.019405 0.127700 0.025000 0.020000 0.127778 0.025000 0.020595 0.128008 0.025000 0.021150 0.128374 0.025000 0.021626 0.128850 0.025000 0.021992 0.129405 0.025000 0.022222 0.130000 0.025000 0.022300 0.130595 0.025000 0.022222 0.131150 0.025000 0.021992 0.131626 0.025000 0.021626 0.131992 0.025000 0.021150 0.132222 0.025000 0.020595 0.132300 0.048333 0.020000 0.132300 0.036667 0.020000 0.132222 0.048333 0.020595 0.132222 0.036667 0.020595 0.131992 0.048333 0.021150 0.131992 0.036667 0.021150 0.131626 0.048333 0.021626 0.131626 0.036667 0.021626 0.131150 0.048333 0.021992 0.131150 0.036667 0.021992 0.130595 0.048333 0.022222 0.130595 0.036667 0.022222 0.130000 0.048333 0.022300 0.130000 0.036667 0.022300 0.129405 0.048333 0.022222 0.129405 0.036667 0.022222 0.128850 0.048333 0.021992 0.128850 0.036667 0.021992 0.128374 0.048333 0.021626 0.128374 0.036667 0.021626 0.128008 0.048333 0.021150 0.128008 0.036667 0.021150 0.127778 0.048333 0.020595 0.127778 0.036667 0.020595 0.127700 0.048333 0.020000 0.127700 0.036667 0.020000 0.127778 0.048333 0.019405 0.127778 0.036667 0.019405 0.128008 0.048333 0.018850 0.128008 0.036667 0.018850 0.128374 0.048333 0.018374 0.128374 0.036667 0.018374 0.128850 0.048333 0.018008 0.128850 0.036667 0.018008 0.129405 0.048333 0.017778 0.129405 0.036667 0.017778 0.130000 0.048333 0.017700 0.130000 0.036667 0.017700 0.130595 0.048333 0.017778 0.130595 0.036667 0.017778 0.131150 0.048333 0.018008 0.131150 0.036667 0.018008 0.131626 0.048333 0.018374 0.131626 0.036667 0.018374 0.131992 0.048333 0.018850 0.131992 0.036667 0.018850 0.132222 0.048333 0.019405 0.132222 0.036667 0.019405 0.127700 -0.185000 0.020000 0.127778 -0.185000 0.020595 0.128008 -0.185000 0.021150 0.128374 -0.185000 0.021626 0.128850 -0.185000 0.021992 0.129405 -0.185000 0.022222 0.130000 -0.185000 0.022300 0.130595 -0.185000 0.022222 0.131150 -0.185000 0.021992 0.131626 -0.185000 0.021626 0.131992 -0.185000 0.021150 0.132222 -0.185000 0.020595 0.132300 -0.185000 0.020000 0.132222 -0.185000 0.019405 0.131992 -0.185000 0.018850 0.131626 -0.185000 0.018374 0.131150 -0.185000 0.018008 0.130595 -0.185000 0.017778 0.130000 -0.185000 0.017700 0.129405 -0.185000 0.017778 0.128850 -0.185000 0.018008 0.128374 -0.185000 0.018374 0.128008 -0.185000 0.018850 0.127778 -0.185000 0.019405 0.127700 -0.150000 0.020000 0.127778 -0.150000 0.019405 0.128008 -0.150000 0.018850 0.128374 -0.150000 0.018374 0.128850 -0.150000 0.018008 0.129405 -0.150000 0.017778 0.130000 -0.150000 0.017700 0.130595 -0.150000 0.017778 0.131150 -0.150000 0.018008 0.131626 -0.150000 0.018374 0.131992 -0.150000 0.018850 0.132222 -0.150000 0.019405 0.132300 -0.150000 0.020000 0.132222 -0.150000 0.020595 0.131992 -0.150000 0.021150 0.131626 -0.150000 0.021626 0.131150 -0.150000 0.021992 0.130595 -0.150000 0.022222 0.130000 -0.150000 0.022300 0.129405 -0.150000 0.022222 0.128850 -0.150000 0.021992 0.128374 -0.150000 0.021626 0.128008 -0.150000 0.021150 0.127778 -0.150000 0.020595 0.127700 -0.173333 0.020000 0.127700 -0.161667 0.020000 0.127778 -0.173333 0.020595 0.127778 -0.161667 0.020595 0.128008 -0.173333 0.021150 0.128008 -0.161667 0.021150 0.128374 -0.173333 0.021626 0.128374 -0.161667 0.021626 0.128850 -0.173333 0.021992 0.128850 -0.161667 0.021992 0.129405 -0.173333 0.022222 0.129405 -0.161667 0.022222 0.130000 -0.173333 0.022300 0.130000 -0.161667 0.022300 0.130595 -0.173333 0.022222 0.130595 -0.161667 0.022222 0.131150 -0.173333 0.021992 0.131150 -0.161667 0.021992 0.131626 -0.173333 0.021626 0.131626 -0.161667 0.021626 0.131992 -0.173333 0.021150 0.131992 -0.161667 0.021150 0.132222 -0.173333 0.020595 0.132222 -0.161667 0.020595 0.132300 -0.173333 0.020000 0.132300 -0.161667 0.020000 0.132222 -0.173333 0.019405 0.132222 -0.161667 0.019405 0.131992 -0.173333 0.018850 0.131992 -0.161667 0.018850 0.131626 -0.173333 0.018374 0.131626 -0.161667 0.018374 0.131150 -0.173333 0.018008 0.131150 -0.161667 0.018008 0.130595 -0.173333 0.017778 0.130595 -0.161667 0.017778 0.130000 -0.173333 0.017700 0.130000 -0.161667 0.017700 0.129405 -0.173333 0.017778 0.129405 -0.161667 0.017778 0.128850 -0.173333 0.018008 0.128850 -0.161667 0.018008 0.128374 -0.173333 0.018374 0.128374 -0.161667 0.018374 0.128008 -0.173333 0.018850 0.128008 -0.161667 0.018850 0.127778 -0.173333 0.019405 0.127778 -0.161667 0.019405 -0.022300 -0.185000 0.020000 -0.022222 -0.185000 0.020595 -0.021992 -0.185000 0.021150 -0.021626 -0.185000 0.021626 -0.021150 -0.185000 0.021992 -0.020595 -0.185000 0.022222 -0.020000 -0.185000 0.022300 -0.019405 -0.185000 0.022222 -0.018850 -0.185000 0.021992 -0.018374 -0.185000 0.021626 -0.018008 -0.185000 0.021150 -0.017778 -0.185000 0.020595 -0.017700 -0.185000 0.020000 -0.017778 -0.185000 0.019405 -0.018008 -0.185000 0.018850 -0.018374 -0.185000 0.018374 -0.018850 -0.185000 0.018008 -0.019405 -0.185000 0.017778 -0.020000 -0.185000 0.017700 -0.020595 -0.185000 0.017778 -0.021150 -0.185000 0.018008 -0.021626 -0.185000 0.018374 -0.021992 -0.185000 0.018850 -0.022222 -0.185000 0.019405 -0.022300 -0.150000 0.020000 -0.022222 -0.150000 0.019405 -0.021992 -0.150000 0.018850 -0.021626 -0.150000 0.018374 -0.021150 -0.150000 0.018008 -0.020595 -0.150000 0.017778 -0.020000 -0.150000 0.017700 -0.019405 -0.150000 0.017778 -0.018850 -0.150000 0.018008 -0.018374 -0.150000 0.018374 -0.018008 -0.150000 0.018850 -0.017778 -0.150000 0.019405 -0.017700 -0.150000 0.020000 -0.017778 -0.150000 0.020595 -0.018008 -0.150000 0.021150 -0.018374 -0.150000 0.021626 -0.018850 -0.150000 0.021992 -0.019405 -0.150000 0.022222 -0.020000 -0.150000 0.022300 -0.020595 -0.150000 0.022222 -0.021150 -0.150000 0.021992 -0.021626 -0.150000 0.021626 -0.021992 -0.150000 0.021150 -0.022222 -0.150000 0.020595 -0.022300 -0.173333 0.020000 -0.022300 -0.161667 0.020000 -0.022222 -0.173333 0.020595 -0.022222 -0.161667 0.020595 -0.021992 -0.173333 0.021150 -0.021992 -0.161667 0.021150 -0.021626 -0.173333 0.021626 -0.021626 -0.161667 0.021626 -0.021150 -0.173333 0.021992 -0.021150 -0.161667 0.021992 -0.020595 -0.173333 0.022222 -0.020595 -0.161667 0.022222 -0.020000 -0.173333 0.022300 -0.020000 -0.161667 0.022300 -0.019405 -0.173333 0.022222 -0.019405 -0.161667 0.022222 -0.018850 -0.173333 0.021992 -0.018850 -0.161667 0.021992 -0.018374 -0.173333 0.021626 -0.018374 -0.161667 0.021626 -0.018008 -0.173333 0.021150 -0.018008 -0.161667 0.021150 -0.017778 -0.173333 0.020595 -0.017778 -0.161667 0.020595 -0.017700 -0.173333 0.020000 -0.017700 -0.161667 0.020000 -0.017778 -0.173333 0.019405 -0.017778 -0.161667 0.019405 -0.018008 -0.173333 0.018850 -0.018008 -0.161667 0.018850 -0.018374 -0.173333 0.018374 -0.018374 -0.161667 0.018374 -0.018850 -0.173333 0.018008 -0.018850 -0.161667 0.018008 -0.019405 -0.173333 0.017778 -0.019405 -0.161667 0.017778 -0.020000 -0.173333 0.017700 -0.020000 -0.161667 0.017700 -0.020595 -0.173333 0.017778 -0.020595 -0.161667 0.017778 -0.021150 -0.173333 0.018008 -0.021150 -0.161667 0.018008 -0.021626 -0.173333 0.018374 -0.021626 -0.161667 0.018374 -0.021992 -0.173333 0.018850 -0.021992 -0.161667 0.018850 -0.022222 -0.173333 0.019405 -0.022222 -0.161667 0.019405 -0.001372 -0.098521 0.050000 0.004165 -0.093547 0.050000 0.004165 -0.093547 0.055000 -0.001372 -0.098521 0.055000 -0.001331 -0.100044 0.050000 -0.001503 -0.099867 0.050000 -0.001626 -0.099653 0.050000 -0.001693 -0.099415 0.050000 -0.001700 -0.099169 0.050000 -0.001646 -0.098928 0.050000 -0.001534 -0.098707 0.050000 -0.001534 -0.098707 0.055000 -0.001646 -0.098928 0.055000 -0.001700 -0.099169 0.055000 -0.001693 -0.099415 0.055000 -0.001626 -0.099653 0.055000 -0.001503 -0.099867 0.055000 -0.001331 -0.100044 0.055000 0.003933 -0.104279 0.050000 0.003933 -0.104279 0.055000 0.004301 -0.119552 0.050000 0.005396 -0.118414 0.050000 0.006298 -0.117118 0.050000 0.006984 -0.115697 0.050000 0.007439 -0.114185 0.050000 0.007650 -0.112620 0.050000 0.007612 -0.111042 0.050000 0.007326 -0.109489 0.050000 0.006799 -0.108001 0.050000 0.006045 -0.106614 0.050000 0.005081 -0.105363 0.050000 0.005081 -0.105363 0.055000 0.006045 -0.106614 0.055000 0.006799 -0.108001 0.055000 0.007326 -0.109489 0.055000 0.007612 -0.111042 0.055000 0.007650 -0.112620 0.055000 0.007439 -0.114185 0.055000 0.006984 -0.115697 0.055000 0.006298 -0.117118 0.055000 0.005396 -0.118414 0.055000 0.004301 -0.119552 0.055000 -0.021790 -0.142697 0.050000 -0.021790 -0.142697 0.055000 -0.021790 -0.117128 0.050000 -0.021790 -0.117128 0.055000 -0.014214 -0.111015 0.050000 -0.014214 -0.111015 0.055000 -0.014214 -0.126426 0.050000 -0.014214 -0.126426 0.055000 -0.003800 -0.118024 0.050000 -0.003800 -0.118024 0.055000 -0.003808 -0.107901 0.050000 -0.002889 -0.108803 0.050000 -0.002167 -0.109868 0.050000 -0.001669 -0.111055 0.050000 -0.001414 -0.112317 0.050000 -0.001413 -0.113604 0.050000 -0.001666 -0.114866 0.050000 -0.002163 -0.116054 0.050000 -0.002884 -0.117120 0.050000 -0.002884 -0.117120 0.055000 -0.002163 -0.116054 0.055000 -0.001666 -0.114866 0.055000 -0.001413 -0.113604 0.055000 -0.001414 -0.112317 0.055000 -0.001669 -0.111055 0.055000 -0.002167 -0.109868 0.055000 -0.002889 -0.108803 0.055000 -0.003808 -0.107901 0.055000 -0.021790 -0.093433 0.050000 -0.021790 -0.093433 0.055000 -0.021790 -0.083294 0.050000 -0.021790 -0.083294 0.055000 -0.008634 -0.094370 0.050000 -0.008634 -0.094370 0.055000 -0.004329 -0.090904 0.050000 -0.004329 -0.090904 0.055000 -0.004219 -0.080868 0.050000 -0.003330 -0.081779 0.050000 -0.002636 -0.082845 0.050000 -0.002163 -0.084026 0.050000 -0.001929 -0.085276 0.050000 -0.001943 -0.086548 0.050000 -0.002205 -0.087793 0.050000 -0.002704 -0.088963 0.050000 -0.003421 -0.090013 0.050000 -0.003421 -0.090013 0.055000 -0.002704 -0.088963 0.055000 -0.002205 -0.087793 0.055000 -0.001943 -0.086548 0.055000 -0.001929 -0.085276 0.055000 -0.002163 -0.084026 0.055000 -0.002636 -0.082845 0.055000 -0.003330 -0.081779 0.055000 -0.004219 -0.080868 0.055000 -0.021790 -0.066076 0.050000 -0.021790 -0.066076 0.055000 -0.021790 -0.055000 0.050000 -0.021790 -0.055000 0.055000 0.004221 -0.078718 0.050000 0.004221 -0.078718 0.055000 0.005310 -0.092333 0.050000 0.006236 -0.090945 0.050000 0.006918 -0.089422 0.050000 0.007338 -0.087807 0.050000 0.007483 -0.086145 0.050000 0.007350 -0.084482 0.050000 0.006943 -0.082864 0.050000 0.006272 -0.081336 0.050000 0.005356 -0.079941 0.050000 0.005356 -0.079941 0.055000 0.006272 -0.081336 0.055000 0.006943 -0.082864 0.055000 0.007350 -0.084482 0.055000 0.007483 -0.086145 0.055000 0.007338 -0.087807 0.055000 0.006918 -0.089422 0.055000 0.006236 -0.090945 0.055000 0.005310 -0.092333 0.055000 -0.005000 -0.040000 0.050000 -0.025000 -0.020000 0.050000 -0.025000 -0.020000 0.055000 -0.005000 -0.040000 0.055000 -0.005000 -0.055000 0.050000 -0.005000 -0.055000 0.055000 -0.025000 -0.035000 0.050000 -0.025000 -0.035000 0.055000 -0.045000 -0.055000 0.050000 -0.045000 -0.055000 0.055000 -0.045000 -0.040000 0.050000 -0.045000 -0.040000 0.055000 0.020000 -0.015000 0.050000 0.020000 0.000000 0.050000 0.020000 0.000000 0.055000 0.020000 -0.015000 0.055000 0.000000 -0.035000 0.050000 0.000000 -0.035000 0.055000 -0.020000 -0.016190 0.050000 -0.020000 -0.016190 0.055000 -0.020000 0.000000 0.050000 -0.020000 0.000000 0.055000 0.000000 -0.020000 0.050000 0.000000 -0.020000 0.055000 0.173541 -0.137500 0.050000 0.172859 -0.138998 0.049908 0.172045 -0.140458 0.049642 0.171115 -0.141845 0.049220 0.170088 -0.143127 0.048661 0.168994 -0.144286 0.047995 0.167868 -0.145310 0.047259 0.166731 -0.146197 0.046477 0.165538 -0.146996 0.045625 0.164289 -0.147709 0.044708 0.162996 -0.148330 0.043738 0.161671 -0.148855 0.042727 0.160325 -0.149277 0.041687 0.158972 -0.149599 0.040631 0.157624 -0.149824 0.039572 0.156296 -0.149957 0.038524 0.155000 -0.150000 0.037500 0.145000 -0.150000 0.037500 0.145000 -0.149873 0.039279 0.145000 -0.149494 0.041022 0.145000 -0.148870 0.042693 0.145000 -0.148016 0.044258 0.145000 -0.146947 0.045686 0.145000 -0.145686 0.046947 0.145000 -0.144258 0.048016 0.145000 -0.142693 0.048870 0.145000 -0.141022 0.049494 0.145000 -0.139279 0.049873 0.145000 -0.137500 0.050000 0.155000 0.025000 0.037500 0.156296 0.024957 0.038524 0.157624 0.024824 0.039572 0.158972 0.024599 0.040631 0.160325 0.024277 0.041687 0.161671 0.023855 0.042727 0.162996 0.023330 0.043738 0.164289 0.022709 0.044708 0.165538 0.021996 0.045625 0.166731 0.021197 0.046477 0.167868 0.020310 0.047259 0.168994 0.019286 0.047995 0.170088 0.018127 0.048661 0.171115 0.016845 0.049220 0.172045 0.015458 0.049642 0.172859 0.013998 0.049908 0.173541 0.012500 0.050000 0.145000 0.012500 0.050000 0.145000 0.014279 0.049873 0.145000 0.016022 0.049494 0.145000 0.017693 0.048870 0.145000 0.019258 0.048016 0.145000 0.020686 0.046947 0.145000 0.021947 0.045686 0.145000 0.023016 0.044258 0.145000 0.023870 0.042693 0.145000 0.024494 0.041022 0.145000 0.024873 0.039279 0.145000 0.025000 0.037500 0.173541 -0.137500 0.020000 0.174175 -0.135686 0.020000 0.174632 -0.133820 0.020000 0.174908 -0.131919 0.020000 0.175000 -0.130000 0.020000 0.175000 0.005000 0.020000 0.174908 0.006919 0.020000 0.174632 0.008820 0.020000 0.174175 0.010686 0.020000 0.173541 0.012500 0.020000 0.145000 0.012500 0.020000 0.145000 -0.137500 0.020000 0.172859 0.013998 0.020092 0.172045 0.015458 0.020358 0.171115 0.016845 0.020780 0.170088 0.018127 0.021339 0.168994 0.019286 0.022005 0.167868 0.020310 0.022741 0.166731 0.021197 0.023523 0.165538 0.021996 0.024375 0.164289 0.022709 0.025292 0.162996 0.023330 0.026262 0.161671 0.023855 0.027273 0.160325 0.024277 0.028313 0.158972 0.024599 0.029369 0.157624 0.024824 0.030428 0.156296 0.024957 0.031476 0.155000 0.025000 0.032500 0.145000 0.025000 0.032500 0.145000 0.024873 0.030721 0.145000 0.024494 0.028978 0.145000 0.023870 0.027307 0.145000 0.023016 0.025742 0.145000 0.021947 0.024314 0.145000 0.020686 0.023053 0.145000 0.019258 0.021984 0.145000 0.017693 0.021130 0.145000 0.016022 0.020506 0.145000 0.014279 0.020127 0.155000 -0.150000 0.032500 0.156296 -0.149957 0.031476 0.157624 -0.149824 0.030428 0.158972 -0.149599 0.029369 0.160325 -0.149277 0.028313 0.161671 -0.148855 0.027273 0.162996 -0.148330 0.026262 0.164289 -0.147709 0.025292 0.165538 -0.146996 0.024375 0.166731 -0.146197 0.023523 0.167868 -0.145310 0.022741 0.168994 -0.144286 0.022005 0.170088 -0.143127 0.021339 0.171115 -0.141845 0.020780 0.172045 -0.140458 0.020358 0.172859 -0.138998 0.020092 0.145000 -0.139279 0.020127 0.145000 -0.141022 0.020506 0.145000 -0.142693 0.021130 0.145000 -0.144258 0.021984 0.145000 -0.145686 0.023053 0.145000 -0.146947 0.024314 0.145000 -0.148016 0.025742 0.145000 -0.148870 0.027307 0.145000 -0.149494 0.028978 0.145000 -0.149873 0.030721 0.145000 -0.150000 0.032500 0.155000 -0.150000 0.000000 0.157411 -0.149854 0.000000 0.159786 -0.149419 0.000000 0.162092 -0.148700 0.000000 0.164294 -0.147709 0.000000 0.166361 -0.146460 0.000000 0.168262 -0.144970 0.000000 0.169970 -0.143262 0.000000 0.171460 -0.141361 0.000000 0.172709 -0.139294 0.000000 0.173700 -0.137092 0.000000 0.174419 -0.134786 0.000000 0.174854 -0.132411 0.000000 0.175000 -0.130000 0.000000 0.172522 -0.139642 0.050000 0.171258 -0.141648 0.050000 0.169765 -0.143490 0.050000 0.168065 -0.145143 0.050000 0.166180 -0.146583 0.050000 0.164139 -0.147790 0.050000 0.161969 -0.148747 0.050000 0.159701 -0.149440 0.050000 0.157367 -0.149859 0.050000 0.155000 -0.150000 0.050000 0.172522 0.014642 0.050000 0.171258 0.016648 0.050000 0.169765 0.018490 0.050000 0.168065 0.020143 0.050000 0.166180 0.021583 0.050000 0.164139 0.022790 0.050000 0.161969 0.023747 0.050000 0.159701 0.024440 0.050000 0.157367 0.024859 0.050000 0.155000 0.025000 0.050000 -0.055000 0.025000 0.050000 -0.057411 0.024854 0.050000 -0.059786 0.024419 0.050000 -0.062092 0.023700 0.050000 -0.064294 0.022709 0.050000 -0.066361 0.021460 0.050000 -0.068262 0.019970 0.050000 -0.069970 0.018262 0.050000 -0.071460 0.016361 0.050000 -0.072709 0.014294 0.050000 -0.073700 0.012092 0.050000 -0.074419 0.009786 0.050000 -0.074854 0.007411 0.050000 -0.075000 0.005000 0.050000 -0.075000 -0.130000 0.050000 -0.074854 -0.132411 0.050000 -0.074419 -0.134786 0.050000 -0.073700 -0.137092 0.050000 -0.072709 -0.139294 0.050000 -0.071460 -0.141361 0.050000 -0.069970 -0.143262 0.050000 -0.068262 -0.144970 0.050000 -0.066361 -0.146460 0.050000 -0.064294 -0.147709 0.050000 -0.062092 -0.148700 0.050000 -0.059786 -0.149419 0.050000 -0.057411 -0.149854 0.050000 -0.055000 -0.150000 0.050000 0.175000 0.005000 0.000000 0.174854 0.007411 0.000000 0.174419 0.009786 0.000000 0.173700 0.012092 0.000000 0.172709 0.014294 0.000000 0.171460 0.016361 0.000000 0.169970 0.018262 0.000000 0.168262 0.019970 0.000000 0.166361 0.021460 0.000000 0.164294 0.022709 0.000000 0.162092 0.023700 0.000000 0.159786 0.024419 0.000000 0.157411 0.024854 0.000000 0.155000 0.025000 0.000000 -0.055000 0.025000 0.000000 -0.055000 -0.150000 0.000000 -0.075000 -0.130000 0.000000 -0.074854 -0.132411 0.000000 -0.074419 -0.134786 0.000000 -0.073700 -0.137092 0.000000 -0.072709 -0.139294 0.000000 -0.071460 -0.141361 0.000000 -0.069970 -0.143262 0.000000 -0.068262 -0.144970 0.000000 -0.066361 -0.146460 0.000000 -0.064294 -0.147709 0.000000 -0.062092 -0.148700 0.000000 -0.059786 -0.149419 0.000000 -0.057411 -0.149854 0.000000 -0.075000 0.005000 0.000000 -0.057411 0.024854 0.000000 -0.059786 0.024419 0.000000 -0.062092 0.023700 0.000000 -0.064294 0.022709 0.000000 -0.066361 0.021460 0.000000 -0.068262 0.019970 0.000000 -0.069970 0.018262 0.000000 -0.071460 0.016361 0.000000 -0.072709 0.014294 0.000000 -0.073700 0.012092 0.000000 -0.074419 0.009786 0.000000 -0.074854 0.007411 0.000000 -0.063037 -0.062442 0.119810 -0.063037 -0.062442 0.096426 -0.088037 -0.062442 0.096426 -0.088037 -0.062442 0.119810 -0.063037 -0.062542 0.119810 -0.088037 -0.062542 0.119810 -0.063037 -0.062542 0.096426 -0.088037 -0.062542 0.096426</float_array>
          <technique_common>
            <accessor source="#base_link-mesh-positions-array" count="1100" stride="3">
              <param name="X" type="float"/>
              <param name="Y" type="float"/>
              <param name="Z" type="float"/>
            </accessor>
          </technique_common>
        </source>
        <source id="base_link-mesh-normals">
          <float_array id="base_link-mesh-normals-array" count="5334">0.965926 -0.258819 -0.000000 0.965926 -0.258819 -0.000000 1.000000 -0.000000 -0.000000 1.000000 -0.000000 -0.000000 0.965926 0.258819 -0.000000 0.965926 0.258819 -0.000000 0.866025 0.500000 -0.000000 0.866025 0.500000 -0.000000 0.707107 0.707107 -0.000000 0.707107 0.707107 -0.000000 0.500000 0.866025 -0.000000 0.500000 0.866025 -0.000000 0.258819 0.965926 -0.000000 0.258819 0.965926 -0.000000 -0.000000 1.000000 -0.000000 -0.000000 1.000000 -0.000000 -0.258819 0.965926 -0.000000 -0.258819 0.965926 -0.000000 -0.500000 0.866025 -0.000000 -0.500000 0.866025 -0.000000 -0.707107 0.707107 -0.000000 -0.707107 0.707107 -0.000000 -0.866025 0.500000 -0.000000 -0.866025 0.500000 -0.000000 -0.965926 0.258819 -0.000000 -0.965926 0.258819 -0.000000 -1.000000 -0.000000 0.000000 -1.000000 -0.000000 0.000000 -0.965926 -0.258819 0.000000 -0.965926 -0.258819 0.000000 -0.866025 -0.500000 0.000000 -0.866025 -0.500000 0.000000 -0.707107 -0.707107 0.000000 -0.707107 -0.707107 0.000000 -0.500000 -0.866025 0.000000 -0.500000 -0.866025 0.000000 -0.258819 -0.965926 0.000000 -0.258819 -0.965926 0.000000 -0.000000 -1.000000 0.000000 -0.000000 -1.000000 0.000000 0.258819 -0.965926 -0.000000 0.258819 -0.965926 -0.000000 0.500000 -0.866025 -0.000000 0.500000 -0.866025 -0.000000 0.707107 -0.707107 -0.000000 0.707107 -0.707107 -0.000000 0.866025 -0.500000 -0.000000 0.866025 -0.500000 -0.000000 0.965926 0.258819 -0.000000 0.965926 0.258819 -0.000000 1.000000 0.000000 -0.000000 1.000000 0.000000 -0.000000 0.965926 -0.258819 -0.000000 0.965926 -0.258819 -0.000000 0.866025 -0.500000 -0.000000 0.866025 -0.500000 -0.000000 0.707107 -0.707107 -0.000000 0.707107 -0.707107 -0.000000 0.500000 -0.866025 -0.000000 0.500000 -0.866025 -0.000000 0.258819 -0.965926 -0.000000 0.258819 -0.965926 -0.000000 -0.000000 -1.000000 0.000000 -0.000000 -1.000000 0.000000 -0.258819 -0.965926 0.000000 -0.258819 -0.965926 0.000000 -0.500000 -0.866025 0.000000 -0.500000 -0.866025 0.000000 -0.707107 -0.707107 0.000000 -0.707107 -0.707107 0.000000 -0.866025 -0.500000 0.000000 -0.866025 -0.500000 0.000000 -0.965926 -0.258819 0.000000 -0.965926 -0.258819 0.000000 -1.000000 -0.000000 0.000000 -1.000000 -0.000000 0.000000 -0.965926 0.258819 -0.000000 -0.965926 0.258819 -0.000000 -0.866025 0.500000 -0.000000 -0.866025 0.500000 -0.000000 -0.707107 0.707107 -0.000000 -0.707107 0.707107 -0.000000 -0.500000 0.866025 -0.000000 -0.500000 0.866025 -0.000000 -0.258819 0.965926 -0.000000 -0.258819 0.965926 -0.000000 -0.000000 1.000000 -0.000000 -0.000000 1.000000 -0.000000 0.258819 0.965926 -0.000000 0.258819 0.965926 -0.000000 0.500000 0.866025 -0.000000 0.500000 0.866025 -0.000000 0.707107 0.707107 -0.000000 0.707107 0.707107 -0.000000 0.866025 0.500000 -0.000000 0.866025 0.500000 -0.000000 1.000000 0.000000 -0.000000 0.965926 0.258819 -0.000000 0.866025 0.500000 -0.000000 0.707107 0.707107 -0.000000 0.500000 0.866025 -0.000000 0.258819 0.965926 -0.000000 -0.000000 1.000000 -0.000000 -0.258819 0.965926 -0.000000 -0.500000 0.866025 -0.000000 -0.707107 0.707107 -0.000000 -0.866025 0.500000 -0.000000 -0.965926 0.258819 -0.000000 -1.000000 -0.000000 0.000000 -0.965926 -0.258819 0.000000 -0.866025 -0.500000 0.000000 -0.707107 -0.707107 0.000000 -0.500000 -0.866025 0.000000 -0.258819 -0.965926 0.000000 -0.000000 -1.000000 0.000000 0.258819 -0.965926 -0.000000 0.500000 -0.866025 -0.000000 0.707107 -0.707107 -0.000000 0.866025 -0.500000 -0.000000 0.965926 -0.258819 -0.000000 1.000000 0.000000 -0.000000 0.965926 0.258819 -0.000000 0.866025 0.500000 -0.000000 0.707107 0.707107 -0.000000 0.500000 0.866025 -0.000000 0.258819 0.965926 -0.000000 -0.000000 1.000000 -0.000000 -0.258819 0.965926 -0.000000 -0.500000 0.866025 -0.000000 -0.707107 0.707107 -0.000000 -0.866025 0.500000 -0.000000 -0.965926 0.258819 -0.000000 -1.000000 -0.000000 0.000000 -0.965926 -0.258819 0.000000 -0.866025 -0.500000 0.000000 -0.707107 -0.707107 0.000000 -0.500000 -0.866025 0.000000 -0.258819 -0.965926 0.000000 -0.000000 -1.000000 0.000000 0.258819 -0.965926 -0.000000 0.500000 -0.866025 -0.000000 0.707107 -0.707107 -0.000000 0.866025 -0.500000 -0.000000 0.965926 -0.258819 -0.000000 1.000000 0.000000 -0.000000 0.965926 0.258819 -0.000000 0.866025 0.500000 -0.000000 0.707107 0.707107 -0.000000 0.500000 0.866025 -0.000000 0.258819 0.965926 -0.000000 -0.000000 1.000000 -0.000000 -0.258819 0.965926 -0.000000 -0.500000 0.866025 -0.000000 -0.707107 0.707107 -0.000000 -0.866025 0.500000 -0.000000 -0.965926 0.258819 -0.000000 -1.000000 -0.000000 0.000000 -0.965926 -0.258819 0.000000 -0.866025 -0.500000 0.000000 -0.707107 -0.707107 0.000000 -0.500000 -0.866025 0.000000 -0.258819 -0.965926 0.000000 -0.000000 -1.000000 0.000000 0.258819 -0.965926 -0.000000 0.500000 -0.866025 -0.000000 0.707107 -0.707107 -0.000000 0.866025 -0.500000 -0.000000 0.965926 -0.258819 -0.000000 1.000000 0.000000 -0.000000 0.965926 0.258819 -0.000000 0.866025 0.500000 -0.000000 0.707107 0.707107 -0.000000 0.500000 0.866025 -0.000000 0.258819 0.965926 -0.000000 -0.000000 1.000000 -0.000000 -0.258819 0.965926 -0.000000 -0.500000 0.866025 -0.000000 -0.707107 0.707107 -0.000000 -0.866025 0.500000 -0.000000 -0.965926 0.258819 -0.000000 -1.000000 -0.000000 0.000000 -0.965926 -0.258819 0.000000 -0.866025 -0.500000 0.000000 -0.707107 -0.707107 0.000000 -0.500000 -0.866025 0.000000 -0.258819 -0.965926 0.000000 -0.000000 -1.000000 0.000000 0.258819 -0.965926 -0.000000 0.500000 -0.866025 -0.000000 0.707107 -0.707107 -0.000000 0.866025 -0.500000 -0.000000 0.965926 -0.258819 -0.000000 1.000000 0.000000 -0.000000 0.965926 0.258819 -0.000000 0.866025 0.500000 -0.000000 0.707107 0.707107 -0.000000 0.500000 0.866025 -0.000000 0.258819 0.965926 -0.000000 -0.000000 1.000000 -0.000000 -0.258819 0.965926 -0.000000 -0.500000 0.866025 -0.000000 -0.707107 0.707107 -0.000000 -0.866025 0.500000 -0.000000 -0.965926 0.258819 -0.000000 -1.000000 -0.000000 0.000000 -0.965926 -0.258819 0.000000 -0.866025 -0.500000 0.000000 -0.707107 -0.707107 0.000000 -0.500000 -0.866025 0.000000 -0.258819 -0.965926 0.000000 -0.000000 -1.000000 0.000000 0.258819 -0.965926 -0.000000 0.500000 -0.866025 -0.000000 0.707107 -0.707107 -0.000000 0.866025 -0.500000 -0.000000 0.965926 -0.258819 -0.000000 1.000000 0.000000 -0.000000 0.965926 0.258819 -0.000000 0.866025 0.500000 -0.000000 0.707107 0.707107 -0.000000 0.500000 0.866025 -0.000000 0.258819 0.965926 -0.000000 -0.000000 1.000000 -0.000000 -0.258819 0.965926 -0.000000 -0.500000 0.866025 -0.000000 -0.707107 0.707107 -0.000000 -0.866025 0.500000 -0.000000 -0.965926 0.258819 -0.000000 -1.000000 -0.000000 0.000000 -0.965926 -0.258819 0.000000 -0.866025 -0.500000 0.000000 -0.707107 -0.707107 0.000000 -0.500000 -0.866025 0.000000 -0.258819 -0.965926 0.000000 -0.000000 -1.000000 0.000000 0.258819 -0.965926 -0.000000 0.500000 -0.866025 -0.000000 0.707107 -0.707107 -0.000000 0.866025 -0.500000 -0.000000 0.965926 -0.258819 -0.000000 1.000000 0.000000 -0.000000 0.965926 0.258819 -0.000000 0.866025 0.500000 -0.000000 0.707107 0.707107 -0.000000 0.500000 0.866025 -0.000000 0.258819 0.965926 -0.000000 -0.000000 1.000000 -0.000000 -0.258819 0.965926 -0.000000 -0.500000 0.866025 -0.000000 -0.707107 0.707107 -0.000000 -0.866025 0.500000 -0.000000 -0.965926 0.258819 -0.000000 -1.000000 -0.000000 0.000000 -0.965926 -0.258819 0.000000 -0.866025 -0.500000 0.000000 -0.707107 -0.707107 0.000000 -0.500000 -0.866025 0.000000 -0.258819 -0.965926 0.000000 -0.000000 -1.000000 0.000000 0.258819 -0.965926 -0.000000 0.500000 -0.866025 -0.000000 0.707107 -0.707107 -0.000000 0.866025 -0.500000 -0.000000 0.965926 -0.258819 -0.000000 1.000000 0.000000 -0.000000 0.965926 0.258819 -0.000000 0.866025 0.500000 -0.000000 0.707107 0.707107 -0.000000 0.500000 0.866025 -0.000000 0.258819 0.965926 -0.000000 -0.000000 1.000000 -0.000000 -0.258819 0.965926 -0.000000 -0.500000 0.866025 -0.000000 -0.707107 0.707107 -0.000000 -0.866025 0.500000 -0.000000 -0.965926 0.258819 -0.000000 -1.000000 -0.000000 0.000000 -0.965926 -0.258819 0.000000 -0.866025 -0.500000 0.000000 -0.707107 -0.707107 0.000000 -0.500000 -0.866025 0.000000 -0.258819 -0.965926 0.000000 -0.000000 -1.000000 0.000000 0.258819 -0.965926 -0.000000 0.500000 -0.866025 -0.000000 0.707107 -0.707107 -0.000000 0.866025 -0.500000 -0.000000 0.965926 -0.258819 -0.000000 1.000000 0.000000 -0.000000 0.965926 0.258819 -0.000000 0.866025 0.500000 -0.000000 0.707107 0.707107 -0.000000 0.500000 0.866025 -0.000000 0.258819 0.965926 -0.000000 -0.000000 1.000000 -0.000000 -0.258819 0.965926 -0.000000 -0.500000 0.866025 -0.000000 -0.707107 0.707107 -0.000000 -0.866025 0.500000 -0.000000 -0.965926 0.258819 -0.000000 -1.000000 -0.000000 0.000000 -0.965926 -0.258819 0.000000 -0.866025 -0.500000 0.000000 -0.707107 -0.707107 0.000000 -0.500000 -0.866025 0.000000 -0.258819 -0.965926 0.000000 -0.000000 -1.000000 0.000000 0.258819 -0.965926 -0.000000 0.500000 -0.866025 -0.000000 0.707107 -0.707107 -0.000000 0.866025 -0.500000 -0.000000 0.965926 -0.258819 -0.000000 1.000000 0.000000 -0.000000 0.965926 0.258819 -0.000000 0.866025 0.500000 -0.000000 0.707107 0.707107 -0.000000 0.500000 0.866025 -0.000000 0.258819 0.965926 -0.000000 -0.000000 1.000000 -0.000000 -0.258819 0.965926 -0.000000 -0.500000 0.866025 -0.000000 -0.707107 0.707107 -0.000000 -0.866025 0.500000 -0.000000 -0.965926 0.258819 -0.000000 -1.000000 -0.000000 0.000000 -0.965926 -0.258819 0.000000 -0.866025 -0.500000 0.000000 -0.707107 -0.707107 0.000000 -0.500000 -0.866025 0.000000 -0.258819 -0.965926 0.000000 -0.000000 -1.000000 0.000000 0.258819 -0.965926 -0.000000 0.500000 -0.866025 -0.000000 0.707107 -0.707107 -0.000000 0.866025 -0.500000 -0.000000 0.965926 -0.258819 -0.000000 0.000000 0.000000 1.000000 0.000000 0.000000 1.000000 0.000000 0.000000 1.000000 0.000000 0.000000 1.000000 0.000000 0.000000 1.000000 0.000000 0.000000 1.000000 0.000000 0.000000 1.000000 0.000000 0.000000 1.000000 0.000000 0.000000 1.000000 0.000000 0.000000 1.000000 0.000000 0.000000 1.000000 0.000000 0.000000 1.000000 0.000000 0.000000 1.000000 0.000000 0.000000 1.000000 0.000000 0.000000 1.000000 0.000000 0.000000 1.000000 0.000000 0.000000 1.000000 0.000000 0.000000 1.000000 0.000000 0.000000 1.000000 0.000000 0.000000 1.000000 0.000000 0.000000 1.000000 0.000000 0.000000 1.000000 0.000000 0.000000 1.000000 0.000000 0.000000 1.000000 0.965926 -0.000000 0.258819 0.965926 -0.000000 0.258819 1.000000 -0.000000 0.000000 1.000000 -0.000000 0.000000 0.965926 -0.000000 -0.258819 0.965926 -0.000000 -0.258819 0.866025 -0.000000 -0.500000 0.866025 -0.000000 -0.500000 0.707107 -0.000000 -0.707107 0.707107 -0.000000 -0.707107 0.500000 -0.000000 -0.866025 0.500000 -0.000000 -0.866025 0.258819 -0.000000 -0.965926 0.258819 -0.000000 -0.965926 -0.000000 0.000000 -1.000000 -0.000000 0.000000 -1.000000 -0.258819 0.000000 -0.965926 -0.258819 0.000000 -0.965926 -0.500000 0.000000 -0.866025 -0.500000 0.000000 -0.866025 -0.707107 0.000000 -0.707107 -0.707107 0.000000 -0.707107 -0.866025 0.000000 -0.500000 -0.866025 0.000000 -0.500000 -0.965926 0.000000 -0.258819 -0.965926 0.000000 -0.258819 -1.000000 -0.000000 0.000000 -1.000000 -0.000000 0.000000 -0.965926 -0.000000 0.258819 -0.965926 -0.000000 0.258819 -0.866025 -0.000000 0.500000 -0.866025 -0.000000 0.500000 -0.707107 -0.000000 0.707107 -0.707107 -0.000000 0.707107 -0.500000 -0.000000 0.866025 -0.500000 -0.000000 0.866025 -0.258819 -0.000000 0.965926 -0.258819 -0.000000 0.965926 -0.000000 -0.000000 1.000000 -0.000000 -0.000000 1.000000 0.258819 -0.000000 0.965926 0.258819 -0.000000 0.965926 0.500000 -0.000000 0.866025 0.500000 -0.000000 0.866025 0.707107 -0.000000 0.707107 0.707107 -0.000000 0.707107 0.866025 -0.000000 0.500000 0.866025 -0.000000 0.500000 0.965926 -0.000000 -0.258819 0.965926 -0.000000 -0.258819 1.000000 -0.000000 -0.000000 1.000000 -0.000000 -0.000000 0.965926 -0.000000 0.258819 0.965926 -0.000000 0.258819 0.866025 -0.000000 0.500000 0.866025 -0.000000 0.500000 0.707107 -0.000000 0.707107 0.707107 -0.000000 0.707107 0.500000 -0.000000 0.866025 0.500000 -0.000000 0.866025 0.258819 -0.000000 0.965926 0.258819 -0.000000 0.965926 -0.000000 -0.000000 1.000000 -0.000000 -0.000000 1.000000 -0.258819 -0.000000 0.965926 -0.258819 -0.000000 0.965926 -0.500000 -0.000000 0.866025 -0.500000 -0.000000 0.866025 -0.707107 -0.000000 0.707107 -0.707107 -0.000000 0.707107 -0.866025 -0.000000 0.500000 -0.866025 -0.000000 0.500000 -0.965926 -0.000000 0.258819 -0.965926 -0.000000 0.258819 -1.000000 -0.000000 0.000000 -1.000000 -0.000000 0.000000 -0.965926 0.000000 -0.258819 -0.965926 0.000000 -0.258819 -0.866025 0.000000 -0.500000 -0.866025 0.000000 -0.500000 -0.707107 0.000000 -0.707107 -0.707107 0.000000 -0.707107 -0.500000 0.000000 -0.866025 -0.500000 0.000000 -0.866025 -0.258819 0.000000 -0.965926 -0.258819 0.000000 -0.965926 -0.000000 0.000000 -1.000000 -0.000000 0.000000 -1.000000 0.258819 -0.000000 -0.965926 0.258819 -0.000000 -0.965926 0.500000 -0.000000 -0.866025 0.500000 -0.000000 -0.866025 0.707107 -0.000000 -0.707107 0.707107 -0.000000 -0.707107 0.866025 -0.000000 -0.500000 0.866025 -0.000000 -0.500000 0.000000 1.000000 0.000000 0.000000 1.000000 0.000000 0.000000 1.000000 0.000000 0.000000 1.000000 0.000000 0.000000 1.000000 0.000000 0.000000 1.000000 0.000000 0.000000 1.000000 0.000000 0.000000 1.000000 0.000000 0.000000 1.000000 0.000000 0.000000 1.000000 0.000000 0.000000 1.000000 0.000000 0.000000 1.000000 0.000000 0.000000 1.000000 0.000000 0.000000 1.000000 0.000000 0.000000 1.000000 0.000000 0.000000 1.000000 0.000000 0.000000 1.000000 0.000000 0.000000 1.000000 0.000000 0.000000 1.000000 0.000000 0.000000 1.000000 0.000000 0.000000 1.000000 0.000000 0.000000 1.000000 0.000000 0.000000 1.000000 0.000000 0.000000 1.000000 0.000000 0.965926 -0.000000 0.258819 0.965926 -0.000000 0.258819 1.000000 -0.000000 0.000000 1.000000 -0.000000 0.000000 0.965926 -0.000000 -0.258819 0.965926 -0.000000 -0.258819 0.866025 -0.000000 -0.500000 0.866025 -0.000000 -0.500000 0.707107 -0.000000 -0.707107 0.707107 -0.000000 -0.707107 0.500000 -0.000000 -0.866025 0.500000 -0.000000 -0.866025 0.258819 -0.000000 -0.965926 0.258819 -0.000000 -0.965926 -0.000000 0.000000 -1.000000 -0.000000 0.000000 -1.000000 -0.258819 0.000000 -0.965926 -0.258819 0.000000 -0.965926 -0.500000 0.000000 -0.866025 -0.500000 0.000000 -0.866025 -0.707107 0.000000 -0.707107 -0.707107 0.000000 -0.707107 -0.866025 0.000000 -0.500000 -0.866025 0.000000 -0.500000 -0.965926 0.000000 -0.258819 -0.965926 0.000000 -0.258819 -1.000000 -0.000000 0.000000 -1.000000 -0.000000 0.000000 -0.965926 -0.000000 0.258819 -0.965926 -0.000000 0.258819 -0.866025 -0.000000 0.500000 -0.866025 -0.000000 0.500000 -0.707107 -0.000000 0.707107 -0.707107 -0.000000 0.707107 -0.500000 -0.000000 0.866025 -0.500000 -0.000000 0.866025 -0.258819 -0.000000 0.965926 -0.258819 -0.000000 0.965926 -0.000000 -0.000000 1.000000 -0.000000 -0.000000 1.000000 0.258819 -0.000000 0.965926 0.258819 -0.000000 0.965926 0.500000 -0.000000 0.866025 0.500000 -0.000000 0.866025 0.707107 -0.000000 0.707107 0.707107 -0.000000 0.707107 0.866025 -0.000000 0.500000 0.866025 -0.000000 0.500000 0.965926 -0.000000 -0.258819 0.965926 -0.000000 -0.258819 1.000000 -0.000000 -0.000000 1.000000 -0.000000 -0.000000 0.965926 -0.000000 0.258819 0.965926 -0.000000 0.258819 0.866025 -0.000000 0.500000 0.866025 -0.000000 0.500000 0.707107 -0.000000 0.707107 0.707107 -0.000000 0.707107 0.500000 -0.000000 0.866025 0.500000 -0.000000 0.866025 0.258819 -0.000000 0.965926 0.258819 -0.000000 0.965926 -0.000000 -0.000000 1.000000 -0.000000 -0.000000 1.000000 -0.258819 -0.000000 0.965926 -0.258819 -0.000000 0.965926 -0.500000 -0.000000 0.866025 -0.500000 -0.000000 0.866025 -0.707107 -0.000000 0.707107 -0.707107 -0.000000 0.707107 -0.866025 -0.000000 0.500000 -0.866025 -0.000000 0.500000 -0.965926 -0.000000 0.258819 -0.965926 -0.000000 0.258819 -1.000000 -0.000000 0.000000 -1.000000 -0.000000 0.000000 -0.965926 0.000000 -0.258819 -0.965926 0.000000 -0.258819 -0.866025 0.000000 -0.500000 -0.866025 0.000000 -0.500000 -0.707107 0.000000 -0.707107 -0.707107 0.000000 -0.707107 -0.500000 0.000000 -0.866025 -0.500000 0.000000 -0.866025 -0.258819 0.000000 -0.965926 -0.258819 0.000000 -0.965926 -0.000000 0.000000 -1.000000 -0.000000 0.000000 -1.000000 0.258819 -0.000000 -0.965926 0.258819 -0.000000 -0.965926 0.500000 -0.000000 -0.866025 0.500000 -0.000000 -0.866025 0.707107 -0.000000 -0.707107 0.707107 -0.000000 -0.707107 0.866025 -0.000000 -0.500000 0.866025 -0.000000 -0.500000 0.000000 1.000000 0.000000 0.000000 1.000000 0.000000 0.000000 1.000000 0.000000 0.000000 1.000000 0.000000 0.000000 1.000000 0.000000 0.000000 1.000000 0.000000 0.000000 1.000000 0.000000 0.000000 1.000000 0.000000 0.000000 1.000000 0.000000 0.000000 1.000000 0.000000 0.000000 1.000000 0.000000 0.000000 1.000000 0.000000 0.000000 1.000000 0.000000 0.000000 1.000000 0.000000 0.000000 1.000000 0.000000 0.000000 1.000000 0.000000 0.000000 1.000000 0.000000 0.000000 1.000000 0.000000 0.000000 1.000000 0.000000 0.000000 1.000000 0.000000 0.000000 1.000000 0.000000 0.000000 1.000000 0.000000 0.000000 1.000000 0.000000 0.000000 1.000000 0.000000 -0.965926 -0.000000 0.258819 -0.965926 -0.000000 0.258819 -1.000000 -0.000000 0.000000 -1.000000 -0.000000 0.000000 -0.965926 -0.000000 -0.258819 -0.965926 -0.000000 -0.258819 -0.866025 -0.000000 -0.500000 -0.866025 -0.000000 -0.500000 -0.707107 -0.000000 -0.707107 -0.707107 -0.000000 -0.707107 -0.500000 -0.000000 -0.866025 -0.500000 -0.000000 -0.866025 -0.258819 -0.000000 -0.965926 -0.258819 -0.000000 -0.965926 0.000000 -0.000000 -1.000000 0.000000 -0.000000 -1.000000 0.258819 -0.000000 -0.965926 0.258819 -0.000000 -0.965926 0.500000 -0.000000 -0.866025 0.500000 -0.000000 -0.866025 0.707107 -0.000000 -0.707107 0.707107 -0.000000 -0.707107 0.866025 -0.000000 -0.500000 0.866025 -0.000000 -0.500000 0.965926 -0.000000 -0.258819 0.965926 -0.000000 -0.258819 1.000000 0.000000 -0.000000 1.000000 0.000000 -0.000000 0.965926 0.000000 0.258819 0.965926 0.000000 0.258819 0.866025 0.000000 0.500000 0.866025 0.000000 0.500000 0.707107 0.000000 0.707107 0.707107 0.000000 0.707107 0.500000 0.000000 0.866025 0.500000 0.000000 0.866025 0.258819 0.000000 0.965926 0.258819 0.000000 0.965926 0.000000 0.000000 1.000000 0.000000 0.000000 1.000000 -0.258819 -0.000000 0.965926 -0.258819 -0.000000 0.965926 -0.500000 -0.000000 0.866025 -0.500000 -0.000000 0.866025 -0.707107 -0.000000 0.707107 -0.707107 -0.000000 0.707107 -0.866025 -0.000000 0.500000 -0.866025 -0.000000 0.500000 -0.965926 -0.000000 -0.258819 -0.965926 -0.000000 -0.258819 -1.000000 -0.000000 -0.000000 -1.000000 -0.000000 -0.000000 -0.965926 -0.000000 0.258819 -0.965926 -0.000000 0.258819 -0.866025 -0.000000 0.500000 -0.866025 -0.000000 0.500000 -0.707107 -0.000000 0.707107 -0.707107 -0.000000 0.707107 -0.500000 -0.000000 0.866025 -0.500000 -0.000000 0.866025 -0.258819 -0.000000 0.965926 -0.258819 -0.000000 0.965926 0.000000 0.000000 1.000000 0.000000 0.000000 1.000000 0.258819 0.000000 0.965926 0.258819 0.000000 0.965926 0.500000 0.000000 0.866025 0.500000 0.000000 0.866025 0.707107 0.000000 0.707107 0.707107 0.000000 0.707107 0.866025 0.000000 0.500000 0.866025 0.000000 0.500000 0.965926 0.000000 0.258819 0.965926 0.000000 0.258819 1.000000 0.000000 -0.000000 1.000000 0.000000 -0.000000 0.965926 -0.000000 -0.258819 0.965926 -0.000000 -0.258819 0.866025 -0.000000 -0.500000 0.866025 -0.000000 -0.500000 0.707107 -0.000000 -0.707107 0.707107 -0.000000 -0.707107 0.500000 -0.000000 -0.866025 0.500000 -0.000000 -0.866025 0.258819 -0.000000 -0.965926 0.258819 -0.000000 -0.965926 0.000000 -0.000000 -1.000000 0.000000 -0.000000 -1.000000 -0.258819 -0.000000 -0.965926 -0.258819 -0.000000 -0.965926 -0.500000 -0.000000 -0.866025 -0.500000 -0.000000 -0.866025 -0.707107 -0.000000 -0.707107 -0.707107 -0.000000 -0.707107 -0.866025 -0.000000 -0.500000 -0.866025 -0.000000 -0.500000 0.000000 -1.000000 0.000000 0.000000 -1.000000 0.000000 0.000000 -1.000000 0.000000 0.000000 -1.000000 0.000000 0.000000 -1.000000 0.000000 0.000000 -1.000000 0.000000 0.000000 -1.000000 0.000000 0.000000 -1.000000 0.000000 0.000000 -1.000000 0.000000 0.000000 -1.000000 0.000000 0.000000 -1.000000 0.000000 0.000000 -1.000000 0.000000 0.000000 -1.000000 0.000000 0.000000 -1.000000 0.000000 0.000000 -1.000000 0.000000 0.000000 -1.000000 0.000000 0.000000 -1.000000 0.000000 0.000000 -1.000000 0.000000 0.000000 -1.000000 0.000000 0.000000 -1.000000 0.000000 0.000000 -1.000000 0.000000 0.000000 -1.000000 0.000000 0.000000 -1.000000 0.000000 0.000000 -1.000000 0.000000 -0.965926 -0.000000 0.258819 -0.965926 -0.000000 0.258819 -1.000000 -0.000000 0.000000 -1.000000 -0.000000 0.000000 -0.965926 -0.000000 -0.258819 -0.965926 -0.000000 -0.258819 -0.866025 -0.000000 -0.500000 -0.866025 -0.000000 -0.500000 -0.707107 -0.000000 -0.707107 -0.707107 -0.000000 -0.707107 -0.500000 -0.000000 -0.866025 -0.500000 -0.000000 -0.866025 -0.258819 -0.000000 -0.965926 -0.258819 -0.000000 -0.965926 0.000000 -0.000000 -1.000000 0.000000 -0.000000 -1.000000 0.258819 -0.000000 -0.965926 0.258819 -0.000000 -0.965926 0.500000 -0.000000 -0.866025 0.500000 -0.000000 -0.866025 0.707107 -0.000000 -0.707107 0.707107 -0.000000 -0.707107 0.866025 -0.000000 -0.500000 0.866025 -0.000000 -0.500000 0.965926 -0.000000 -0.258819 0.965926 -0.000000 -0.258819 1.000000 0.000000 -0.000000 1.000000 0.000000 -0.000000 0.965926 0.000000 0.258819 0.965926 0.000000 0.258819 0.866025 0.000000 0.500000 0.866025 0.000000 0.500000 0.707107 0.000000 0.707107 0.707107 0.000000 0.707107 0.500000 0.000000 0.866025 0.500000 0.000000 0.866025 0.258819 0.000000 0.965926 0.258819 0.000000 0.965926 0.000000 0.000000 1.000000 0.000000 0.000000 1.000000 -0.258819 -0.000000 0.965926 -0.258819 -0.000000 0.965926 -0.500000 -0.000000 0.866025 -0.500000 -0.000000 0.866025 -0.707107 -0.000000 0.707107 -0.707107 -0.000000 0.707107 -0.866025 -0.000000 0.500000 -0.866025 -0.000000 0.500000 -0.965926 -0.000000 -0.258819 -0.965926 -0.000000 -0.258819 -1.000000 -0.000000 -0.000000 -1.000000 -0.000000 -0.000000 -0.965926 -0.000000 0.258819 -0.965926 -0.000000 0.258819 -0.866025 -0.000000 0.500000 -0.866025 -0.000000 0.500000 -0.707107 -0.000000 0.707107 -0.707107 -0.000000 0.707107 -0.500000 -0.000000 0.866025 -0.500000 -0.000000 0.866025 -0.258819 -0.000000 0.965926 -0.258819 -0.000000 0.965926 0.000000 0.000000 1.000000 0.000000 0.000000 1.000000 0.258819 0.000000 0.965926 0.258819 0.000000 0.965926 0.500000 0.000000 0.866025 0.500000 0.000000 0.866025 0.707107 0.000000 0.707107 0.707107 0.000000 0.707107 0.866025 0.000000 0.500000 0.866025 0.000000 0.500000 0.965926 0.000000 0.258819 0.965926 0.000000 0.258819 1.000000 0.000000 -0.000000 1.000000 0.000000 -0.000000 0.965926 -0.000000 -0.258819 0.965926 -0.000000 -0.258819 0.866025 -0.000000 -0.500000 0.866025 -0.000000 -0.500000 0.707107 -0.000000 -0.707107 0.707107 -0.000000 -0.707107 0.500000 -0.000000 -0.866025 0.500000 -0.000000 -0.866025 0.258819 -0.000000 -0.965926 0.258819 -0.000000 -0.965926 0.000000 -0.000000 -1.000000 0.000000 -0.000000 -1.000000 -0.258819 -0.000000 -0.965926 -0.258819 -0.000000 -0.965926 -0.500000 -0.000000 -0.866025 -0.500000 -0.000000 -0.866025 -0.707107 -0.000000 -0.707107 -0.707107 -0.000000 -0.707107 -0.866025 -0.000000 -0.500000 -0.866025 -0.000000 -0.500000 0.000000 -1.000000 0.000000 0.000000 -1.000000 0.000000 0.000000 -1.000000 0.000000 0.000000 -1.000000 0.000000 0.000000 -1.000000 0.000000 0.000000 -1.000000 0.000000 0.000000 -1.000000 0.000000 0.000000 -1.000000 0.000000 0.000000 -1.000000 0.000000 0.000000 -1.000000 0.000000 0.000000 -1.000000 0.000000 0.000000 -1.000000 0.000000 0.000000 -1.000000 0.000000 0.000000 -1.000000 0.000000 0.000000 -1.000000 0.000000 0.000000 -1.000000 0.000000 0.000000 -1.000000 0.000000 0.000000 -1.000000 0.000000 0.000000 -1.000000 0.000000 0.000000 -1.000000 0.000000 0.000000 -1.000000 0.000000 0.000000 -1.000000 0.000000 0.000000 -1.000000 0.000000 0.000000 -1.000000 0.000000 0.668203 -0.743979 0.000000 0.668203 -0.743979 0.000000 0.668203 -0.743979 0.000000 0.668203 -0.743979 0.000000 0.626833 0.779154 -0.000000 0.626833 0.779154 -0.000000 0.798594 0.601870 -0.000000 0.798594 0.601870 -0.000000 0.921696 0.387913 -0.000000 0.921696 0.387913 -0.000000 0.988637 0.150320 -0.000000 0.988637 0.150320 -0.000000 0.995340 -0.096432 0.000000 0.995340 -0.096432 0.000000 0.941394 -0.337309 0.000000 0.941394 -0.337309 0.000000 0.830088 -0.557633 0.000000 0.830088 -0.557633 0.000000 0.626833 0.779154 -0.000000 0.626833 0.779154 -0.000000 0.663615 -0.748075 -0.000000 0.663615 -0.748075 -0.000000 0.773080 -0.634308 -0.000000 0.773080 -0.634308 -0.000000 0.863277 -0.504731 -0.000000 0.863277 -0.504731 -0.000000 0.931955 -0.362573 -0.000000 0.931955 -0.362573 -0.000000 0.977404 -0.211378 -0.000000 0.977404 -0.211378 -0.000000 0.998491 -0.054914 -0.000000 0.998491 -0.054914 -0.000000 0.994690 0.102918 -0.000000 0.994690 0.102918 -0.000000 0.966095 0.258185 -0.000000 0.966095 0.258185 -0.000000 0.913420 0.407017 -0.000000 0.913420 0.407017 -0.000000 0.837978 0.545704 -0.000000 0.837978 0.545704 -0.000000 0.741648 0.670789 -0.000000 0.741648 0.670789 -0.000000 0.663615 -0.748075 0.000000 0.663615 -0.748075 0.000000 -1.000000 0.000000 0.000000 -1.000000 0.000000 0.000000 -1.000000 0.000000 0.000000 -1.000000 0.000000 0.000000 -0.627925 0.778274 0.000000 -0.627925 0.778274 0.000000 -0.627925 0.778274 0.000000 -0.627925 0.778274 0.000000 1.000000 0.000000 -0.000000 1.000000 0.000000 -0.000000 1.000000 0.000000 -0.000000 1.000000 0.000000 -0.000000 -0.627925 0.778274 0.000000 -0.627925 0.778274 0.000000 -0.627925 0.778274 0.000000 -0.627925 0.778274 0.000000 -0.626833 -0.779154 0.000000 -0.626833 -0.779154 0.000000 -0.768082 -0.640352 0.000000 -0.768082 -0.640352 0.000000 -0.879209 -0.476437 0.000000 -0.879209 -0.476437 0.000000 -0.955855 -0.293838 0.000000 -0.955855 -0.293838 0.000000 -0.995016 -0.099715 0.000000 -0.995016 -0.099715 0.000000 -0.995155 0.098319 0.000000 -0.995155 0.098319 0.000000 -0.956267 0.292496 0.000000 -0.956267 0.292496 0.000000 -0.879876 0.475203 0.000000 -0.879876 0.475203 0.000000 -0.768979 0.639274 0.000000 -0.768979 0.639274 0.000000 -0.626833 -0.779154 0.000000 -0.626833 -0.779154 0.000000 -1.000000 -0.000000 0.000000 -1.000000 -0.000000 0.000000 -1.000000 -0.000000 0.000000 -1.000000 -0.000000 0.000000 0.644026 0.765003 -0.000000 0.644026 0.765003 -0.000000 0.644026 0.765003 -0.000000 0.644026 0.765003 -0.000000 -0.627070 0.778963 0.000000 -0.627070 0.778963 0.000000 -0.627070 0.778963 0.000000 -0.627070 0.778963 0.000000 -0.644026 -0.765003 0.000000 -0.644026 -0.765003 0.000000 -0.780682 -0.624929 0.000000 -0.780682 -0.624929 0.000000 -0.887441 -0.460922 0.000000 -0.887441 -0.460922 0.000000 -0.960214 -0.279264 0.000000 -0.960214 -0.279264 0.000000 -0.996216 -0.086912 0.000000 -0.996216 -0.086912 0.000000 -0.994067 0.108769 0.000000 -0.994067 0.108769 0.000000 -0.953850 0.300285 0.000000 -0.953850 0.300285 0.000000 -0.877104 0.480301 0.000000 -0.877104 0.480301 0.000000 -0.766769 0.641923 0.000000 -0.766769 0.641923 0.000000 -0.644026 -0.765003 0.000000 -0.644026 -0.765003 0.000000 -1.000000 0.000000 0.000000 -1.000000 0.000000 0.000000 -1.000000 0.000000 0.000000 -1.000000 0.000000 0.000000 0.673781 0.738931 -0.000000 0.673781 0.738931 -0.000000 0.673781 0.738931 -0.000000 0.673781 0.738931 -0.000000 0.782605 -0.622518 -0.000000 0.782605 -0.622518 -0.000000 0.875219 -0.483727 -0.000000 0.875219 -0.483727 -0.000000 0.943467 -0.331468 -0.000000 0.943467 -0.331468 -0.000000 0.985447 -0.169981 -0.000000 0.985447 -0.169981 -0.000000 0.999993 -0.003761 -0.000000 0.999993 -0.003761 -0.000000 0.986698 0.162563 -0.000000 0.986698 0.162563 -0.000000 0.945933 0.324361 -0.000000 0.945933 0.324361 -0.000000 0.878833 0.477129 -0.000000 0.878833 0.477129 -0.000000 0.787266 0.616614 -0.000000 0.787266 0.616614 -0.000000 0.000000 0.000000 1.000000 0.000000 0.000000 1.000000 0.000000 0.000000 1.000000 0.000000 0.000000 1.000000 0.000000 0.000000 1.000000 0.000000 0.000000 1.000000 0.000000 0.000000 1.000000 0.000000 0.000000 1.000000 0.000000 0.000000 1.000000 0.000000 0.000000 1.000000 0.000000 0.000000 1.000000 0.000000 0.000000 1.000000 0.000000 0.000000 1.000000 0.000000 0.000000 1.000000 0.000000 0.000000 1.000000 0.000000 0.000000 1.000000 0.000000 0.000000 1.000000 0.000000 0.000000 1.000000 0.000000 0.000000 1.000000 0.000000 0.000000 1.000000 0.000000 0.000000 1.000000 0.000000 0.000000 1.000000 0.000000 0.000000 1.000000 0.000000 0.000000 1.000000 0.000000 0.000000 1.000000 0.000000 0.000000 1.000000 0.000000 0.000000 1.000000 0.000000 0.000000 1.000000 0.000000 0.000000 1.000000 0.000000 0.000000 1.000000 0.000000 0.000000 1.000000 0.000000 0.000000 1.000000 0.000000 0.000000 1.000000 0.000000 0.000000 1.000000 0.000000 0.000000 1.000000 0.000000 0.000000 1.000000 0.000000 0.000000 1.000000 0.000000 0.000000 1.000000 0.000000 0.000000 1.000000 0.000000 0.000000 1.000000 0.000000 0.000000 1.000000 0.000000 0.000000 1.000000 0.000000 0.000000 1.000000 0.000000 0.000000 1.000000 0.000000 0.000000 1.000000 0.000000 0.000000 1.000000 0.000000 0.000000 1.000000 0.000000 0.000000 1.000000 0.000000 0.000000 1.000000 0.000000 0.000000 1.000000 0.000000 0.000000 1.000000 0.000000 0.000000 1.000000 0.000000 0.000000 1.000000 0.000000 0.000000 1.000000 0.000000 0.000000 1.000000 0.000000 0.000000 1.000000 0.000000 0.000000 1.000000 0.000000 0.000000 1.000000 0.000000 0.000000 1.000000 0.000000 0.000000 1.000000 0.707107 0.707107 -0.000000 0.707107 0.707107 -0.000000 0.707107 0.707107 -0.000000 0.707107 0.707107 -0.000000 1.000000 0.000000 -0.000000 1.000000 0.000000 -0.000000 1.000000 0.000000 -0.000000 1.000000 0.000000 -0.000000 -0.707107 -0.707107 0.000000 -0.707107 -0.707107 0.000000 -0.707107 -0.707107 0.000000 -0.707107 -0.707107 0.000000 0.707107 -0.707107 0.000000 0.707107 -0.707107 0.000000 0.707107 -0.707107 0.000000 0.707107 -0.707107 0.000000 -1.000000 0.000000 0.000000 -1.000000 0.000000 0.000000 -1.000000 0.000000 0.000000 -1.000000 0.000000 0.000000 -0.707107 0.707107 0.000000 -0.707107 0.707107 0.000000 -0.707107 0.707107 0.000000 -0.707107 0.707107 0.000000 0.000000 0.000000 1.000000 0.000000 0.000000 1.000000 0.000000 0.000000 1.000000 0.000000 0.000000 1.000000 0.000000 0.000000 1.000000 0.000000 0.000000 1.000000 1.000000 0.000000 -0.000000 1.000000 0.000000 -0.000000 1.000000 0.000000 -0.000000 1.000000 0.000000 -0.000000 0.707107 -0.707107 0.000000 0.707107 -0.707107 0.000000 0.707107 -0.707107 0.000000 0.707107 -0.707107 0.000000 -0.685105 -0.728444 0.000000 -0.685105 -0.728444 0.000000 -0.685105 -0.728444 0.000000 -0.685105 -0.728444 0.000000 -1.000000 0.000000 0.000000 -1.000000 0.000000 0.000000 -1.000000 0.000000 0.000000 -1.000000 0.000000 0.000000 0.707107 0.707107 -0.000000 0.707107 0.707107 -0.000000 0.707107 0.707107 -0.000000 0.707107 0.707107 -0.000000 -0.707107 0.707107 0.000000 -0.707107 0.707107 0.000000 -0.707107 0.707107 0.000000 -0.707107 0.707107 0.000000 0.000000 0.000000 1.000000 0.000000 0.000000 1.000000 0.000000 0.000000 1.000000 0.000000 0.000000 1.000000 0.000000 0.000000 1.000000 0.000000 0.000000 1.000000 -0.000000 0.000000 -1.000000 0.000000 0.119880 -0.992788 -0.000000 0.000000 -1.000000 0.000000 0.142315 -0.989821 0.000000 0.236674 -0.971589 0.000000 0.281733 -0.959493 0.000000 0.347576 -0.937652 0.000000 0.415415 -0.909632 0.000000 0.450170 -0.892943 0.000000 0.540641 -0.841254 0.000000 0.542967 -0.839754 0.000000 0.624838 -0.780754 0.000000 0.654861 -0.755750 0.000000 0.695820 -0.718216 0.000000 0.755750 -0.654861 0.000000 0.759818 -0.650136 0.000000 0.816889 -0.576794 0.000000 0.841254 -0.540641 0.000000 0.866527 -0.499130 0.000000 0.909632 -0.415415 0.000000 0.908367 -0.418174 0.000000 0.942227 -0.334975 0.000000 0.959493 -0.281733 0.000000 0.968113 -0.250513 0.000000 0.989821 -0.142315 0.000000 0.986159 -0.165803 0.000000 0.996638 -0.081934 0.000000 1.000000 -0.000000 0.000000 1.000000 -0.000000 -0.000000 -1.000000 -0.000000 -0.000000 -0.996638 -0.081934 -0.000000 -1.000000 -0.000000 -0.000000 -0.989821 -0.142315 -0.000000 -0.986159 -0.165803 -0.000000 -0.959493 -0.281733 -0.000000 -0.968113 -0.250513 -0.000000 -0.942227 -0.334975 -0.000000 -0.909632 -0.415415 -0.000000 -0.908367 -0.418174 -0.000000 -0.866527 -0.499130 -0.000000 -0.841254 -0.540641 -0.000000 -0.816889 -0.576794 -0.000000 -0.755750 -0.654861 -0.000000 -0.759818 -0.650136 -0.000000 -0.695820 -0.718216 -0.000000 -0.654861 -0.755750 -0.000000 -0.624838 -0.780754 -0.000000 -0.540641 -0.841254 -0.000000 -0.542967 -0.839754 -0.000000 -0.450170 -0.892943 -0.000000 -0.415415 -0.909632 -0.000000 -0.347576 -0.937652 -0.000000 -0.281733 -0.959493 -0.000000 -0.236674 -0.971589 -0.000000 -0.142315 -0.989821 -0.000000 -0.119880 -0.992788 0.000000 0.000000 -1.000000 -0.000000 -0.000000 -1.000000 0.000000 0.000000 1.000000 0.000000 0.000000 1.000000 0.000000 0.000000 1.000000 0.000000 0.000000 1.000000 0.000000 0.000000 1.000000 0.000000 0.000000 1.000000 0.000000 0.000000 1.000000 0.000000 0.000000 1.000000 0.000000 0.000000 1.000000 0.000000 0.000000 1.000000 0.000000 0.000000 1.000000 0.000000 0.000000 1.000000 0.000000 -0.119880 0.992788 0.000000 -0.142315 0.989821 0.000000 -0.236674 0.971589 0.000000 -0.281733 0.959493 0.000000 -0.347576 0.937652 0.000000 -0.415415 0.909632 0.000000 -0.450170 0.892943 0.000000 -0.540641 0.841254 0.000000 -0.542967 0.839754 0.000000 -0.624838 0.780754 0.000000 -0.654861 0.755750 0.000000 -0.695820 0.718216 0.000000 -0.755750 0.654861 0.000000 -0.759818 0.650136 0.000000 -0.816889 0.576794 0.000000 -0.841254 0.540641 0.000000 -0.866527 0.499130 0.000000 -0.909632 0.415415 0.000000 -0.908367 0.418174 0.000000 -0.942227 0.334975 0.000000 -0.959493 0.281733 0.000000 -0.968113 0.250513 0.000000 -0.989821 0.142315 0.000000 -0.986159 0.165803 0.000000 -0.996638 0.081934 -0.000000 -1.000000 -0.000000 -0.000000 -1.000000 -0.000000 0.000000 1.000000 0.000000 0.000000 0.996638 0.081934 0.000000 1.000000 0.000000 0.000000 0.989821 0.142315 0.000000 0.986159 0.165803 0.000000 0.959493 0.281733 0.000000 0.968113 0.250513 0.000000 0.942227 0.334975 0.000000 0.909632 0.415415 0.000000 0.908367 0.418174 0.000000 0.866527 0.499130 0.000000 0.841254 0.540641 0.000000 0.816889 0.576794 0.000000 0.755750 0.654861 0.000000 0.759818 0.650136 0.000000 0.695820 0.718216 0.000000 0.654861 0.755750 0.000000 0.624838 0.780754 0.000000 0.540641 0.841254 0.000000 0.542967 0.839754 0.000000 0.450170 0.892943 0.000000 0.415415 0.909632 0.000000 0.347576 0.937652 0.000000 0.281733 0.959493 0.000000 0.236674 0.971589 0.000000 0.142315 0.989821 0.000000 0.119880 0.992788 1.000000 0.000000 0.000000 1.000000 0.000000 0.000000 1.000000 0.000000 0.000000 1.000000 0.000000 0.000000 1.000000 0.000000 0.000000 1.000000 0.000000 0.000000 1.000000 0.000000 0.000000 1.000000 0.000000 0.000000 1.000000 0.000000 0.000000 1.000000 0.000000 0.000000 1.000000 0.000000 0.000000 1.000000 0.000000 0.000000 1.000000 0.000000 0.000000 1.000000 0.000000 0.000000 1.000000 0.000000 0.000000 1.000000 0.000000 0.000000 1.000000 0.000000 0.000000 1.000000 0.000000 0.000000 1.000000 0.000000 0.000000 1.000000 0.000000 0.000000 1.000000 0.000000 0.000000 1.000000 0.000000 0.000000 1.000000 0.000000 0.000000 1.000000 0.000000 0.000000 1.000000 0.000000 0.000000 1.000000 0.000000 0.000000 1.000000 0.000000 0.000000 1.000000 0.000000 0.000000 1.000000 0.000000 0.000000 1.000000 0.000000 0.000000 1.000000 0.000000 0.000000 1.000000 0.000000 0.000000 1.000000 0.000000 0.000000 1.000000 0.000000 0.000000 1.000000 0.000000 0.000000 1.000000 0.000000 0.000000 1.000000 0.000000 0.000000 1.000000 0.000000 0.000000 1.000000 0.000000 0.000000 1.000000 0.000000 0.000000 1.000000 0.000000 0.000000 1.000000 0.000000 0.000000 1.000000 0.000000 0.000000 1.000000 0.000000 0.000000 1.000000 0.000000 0.000000 1.000000 0.000000 0.000000 1.000000 0.000000 0.000000 1.000000 0.000000 0.000000 0.893049 -0.449959 -0.000000 0.885456 -0.464723 -0.000000 0.927025 -0.375000 -0.000000 0.935016 -0.354605 -0.000000 0.958729 -0.284320 -0.000000 0.970942 -0.239316 -0.000000 0.981587 -0.191017 -0.000000 0.992709 -0.120537 -0.000000 0.995386 -0.095951 -0.000000 1.000000 -0.000000 -0.000000 1.000000 -0.000000 -0.000000 0.852359 -0.522956 -0.000000 0.822984 -0.568065 -0.000000 0.805764 -0.592237 -0.000000 0.748511 -0.663123 -0.000000 0.754437 -0.656373 -0.000000 0.699756 -0.714382 -0.000000 0.663123 -0.748511 -0.000000 0.643401 -0.765530 -0.000000 0.568065 -0.822984 -0.000000 0.586580 -0.809891 -0.000000 0.526945 -0.849899 -0.000000 0.464723 -0.885456 -0.000000 0.464508 -0.885569 -0.000000 0.399840 -0.916585 -0.000000 0.354605 -0.935016 -0.000000 0.333558 -0.942730 -0.000000 0.239316 -0.970942 -0.000000 0.266283 -0.963895 -0.000000 0.198620 -0.980077 -0.000000 0.120537 -0.992709 -0.000000 0.131222 -0.991353 -0.000000 0.064783 -0.997899 -0.000000 0.000000 -1.000000 -0.000000 0.000000 -1.000000 -0.000000 0.000000 -1.000000 -0.000000 0.064783 -0.997899 -0.000000 0.000000 -1.000000 -0.000000 0.118362 -0.992971 -0.000000 0.131222 -0.991353 -0.000000 0.198620 -0.980077 -0.000000 0.235060 -0.971981 -0.000000 0.266283 -0.963895 -0.000000 0.333558 -0.942730 -0.000000 0.348453 -0.937326 -0.000000 0.399840 -0.916585 -0.000000 0.456947 -0.889494 -0.000000 0.464508 -0.885569 -0.000000 0.526945 -0.849899 -0.000000 0.559017 -0.829156 -0.000000 0.586580 -0.809891 -0.000000 0.653228 -0.757161 -0.000000 0.643401 -0.765530 -0.000000 0.699756 -0.714382 -0.000000 0.738255 -0.674522 -0.000000 0.754437 -0.656373 -0.000000 0.805764 -0.592237 -0.000000 0.812903 -0.582399 -0.000000 0.852359 -0.522956 -0.000000 0.876123 -0.482088 -0.000000 0.893049 -0.449959 -0.000000 0.927025 -0.375000 -0.000000 0.000000 0.000000 1.000000 0.000000 0.000000 1.000000 0.000000 0.000000 1.000000 0.000000 0.000000 1.000000 0.000000 0.000000 1.000000 0.000000 0.000000 1.000000 0.000000 0.000000 1.000000 0.000000 0.000000 1.000000 0.000000 0.000000 1.000000 0.000000 0.000000 1.000000 0.000000 0.000000 1.000000 0.000000 0.000000 1.000000 0.000000 0.000000 1.000000 0.000000 0.000000 1.000000 0.000000 0.000000 1.000000 0.000000 0.000000 1.000000 0.000000 0.000000 1.000000 0.000000 0.000000 1.000000 0.000000 0.000000 1.000000 0.000000 0.000000 1.000000 0.000000 0.000000 1.000000 0.000000 0.000000 1.000000 0.000000 0.000000 1.000000 0.000000 0.000000 1.000000 0.000000 0.000000 1.000000 0.000000 0.000000 1.000000 0.000000 0.000000 1.000000 0.000000 0.000000 1.000000 0.000000 0.000000 1.000000 0.000000 0.000000 1.000000 0.000000 0.000000 1.000000 0.000000 0.000000 1.000000 0.000000 0.000000 1.000000 0.000000 0.000000 1.000000 0.000000 0.000000 1.000000 0.000000 0.000000 1.000000 0.000000 0.000000 1.000000 0.000000 0.000000 1.000000 0.000000 0.000000 1.000000 0.000000 0.000000 1.000000 0.000000 0.000000 1.000000 0.000000 0.000000 1.000000 0.000000 0.000000 1.000000 0.000000 0.000000 1.000000 0.000000 0.000000 1.000000 0.000000 0.000000 1.000000 0.000000 0.000000 1.000000 0.000000 0.000000 1.000000 0.000000 0.000000 1.000000 0.000000 0.000000 1.000000 0.000000 0.000000 1.000000 0.000000 0.000000 1.000000 0.000000 0.000000 1.000000 0.000000 0.000000 1.000000 0.000000 0.000000 1.000000 0.000000 0.000000 1.000000 0.000000 0.000000 1.000000 0.000000 0.000000 1.000000 0.000000 0.000000 1.000000 0.000000 0.000000 1.000000 0.000000 0.000000 1.000000 0.000000 0.000000 1.000000 0.000000 0.000000 1.000000 0.000000 0.000000 1.000000 0.000000 0.000000 1.000000 0.000000 0.000000 1.000000 0.000000 0.000000 1.000000 0.000000 0.000000 1.000000 0.000000 0.000000 1.000000 0.000000 0.000000 1.000000 0.000000 0.000000 1.000000 0.000000 0.000000 1.000000 0.000000 0.000000 1.000000 0.000000 0.000000 1.000000 0.000000 0.000000 1.000000 0.000000 0.000000 1.000000 0.000000 0.000000 1.000000 0.000000 0.000000 1.000000 0.000000 0.000000 1.000000 0.000000 0.000000 1.000000 0.000000 0.000000 1.000000 0.000000 0.000000 1.000000 0.000000 0.000000 1.000000 0.000000 0.000000 1.000000 0.000000 0.000000 1.000000 0.000000 0.000000 1.000000 0.000000 0.000000 1.000000 0.000000 0.000000 1.000000 0.000000 0.000000 1.000000 0.000000 0.000000 1.000000 0.000000 0.000000 1.000000 0.000000 0.000000 1.000000 0.000000 0.000000 1.000000 0.000000 0.000000 1.000000 0.000000 0.000000 1.000000 0.000000 0.000000 1.000000 0.000000 0.000000 1.000000 0.000000 0.000000 1.000000 0.000000 0.000000 1.000000 0.000000 0.000000 1.000000 0.000000 0.000000 1.000000 0.000000 0.000000 1.000000 0.000000 0.000000 1.000000 0.000000 0.000000 1.000000 0.000000 0.000000 1.000000 0.000000 0.000000 1.000000 0.000000 0.000000 1.000000 0.000000 0.000000 1.000000 0.000000 0.000000 1.000000 0.000000 0.000000 1.000000 0.000000 0.000000 1.000000 0.000000 0.000000 1.000000 0.000000 0.000000 1.000000 0.000000 0.000000 1.000000 0.000000 0.000000 1.000000 0.000000 0.000000 1.000000 0.000000 0.000000 1.000000 0.000000 0.000000 1.000000 0.000000 0.000000 1.000000 0.000000 0.000000 1.000000 0.000000 0.000000 1.000000 0.000000 0.000000 1.000000 0.000000 0.000000 1.000000 0.000000 0.000000 1.000000 0.000000 0.000000 1.000000 0.000000 0.000000 1.000000 0.000000 0.000000 1.000000 0.000000 0.000000 1.000000 0.000000 0.000000 1.000000 0.000000 0.000000 1.000000 0.000000 0.000000 1.000000 0.000000 0.000000 1.000000 0.000000 0.000000 1.000000 0.000000 0.000000 1.000000 0.000000 0.000000 1.000000 0.000000 0.000000 1.000000 0.000000 0.000000 1.000000 0.000000 0.000000 1.000000 0.000000 0.000000 1.000000 0.000000 0.000000 1.000000 0.000000 0.000000 1.000000 0.000000 0.000000 1.000000 0.000000 0.000000 1.000000 0.000000 0.000000 1.000000 0.000000 0.000000 1.000000 0.000000 0.000000 1.000000 0.000000 0.000000 1.000000 0.000000 0.000000 1.000000 0.958729 0.284320 -0.000000 0.935016 0.354605 -0.000000 0.927025 0.375000 -0.000000 0.885456 0.464723 -0.000000 0.893049 0.449959 -0.000000 0.852359 0.522956 -0.000000 0.822984 0.568065 -0.000000 0.805764 0.592237 -0.000000 0.748511 0.663123 -0.000000 0.754437 0.656373 -0.000000 0.699756 0.714382 -0.000000 0.663123 0.748511 -0.000000 0.643401 0.765530 -0.000000 0.568065 0.822984 -0.000000 0.586580 0.809891 -0.000000 0.526945 0.849899 -0.000000 0.464723 0.885456 -0.000000 0.464508 0.885569 -0.000000 0.399840 0.916585 -0.000000 0.354605 0.935016 -0.000000 0.333558 0.942730 -0.000000 0.266283 0.963895 -0.000000 0.239316 0.970942 -0.000000 0.198620 0.980077 -0.000000 0.120537 0.992709 -0.000000 0.131222 0.991353 -0.000000 0.064783 0.997899 -0.000000 0.000000 1.000000 -0.000000 0.000000 1.000000 -0.000000 0.970942 0.239316 -0.000000 0.981587 0.191017 -0.000000 0.992709 0.120537 -0.000000 0.995386 0.095951 -0.000000 1.000000 -0.000000 -0.000000 1.000000 -0.000000 -0.000000 0.927025 0.375000 -0.000000 0.893049 0.449959 -0.000000 0.876123 0.482088 -0.000000 0.852359 0.522956 -0.000000 0.812903 0.582399 -0.000000 0.805764 0.592237 -0.000000 0.754437 0.656373 -0.000000 0.738255 0.674522 -0.000000 0.699756 0.714382 -0.000000 0.653228 0.757161 -0.000000 0.643401 0.765530 -0.000000 0.586580 0.809891 -0.000000 0.559017 0.829156 -0.000000 0.526945 0.849899 -0.000000 0.456947 0.889494 -0.000000 0.464508 0.885569 -0.000000 0.399840 0.916585 -0.000000 0.348453 0.937326 -0.000000 0.333558 0.942730 -0.000000 0.266283 0.963895 -0.000000 0.235060 0.971981 -0.000000 0.198620 0.980077 -0.000000 0.118362 0.992971 -0.000000 0.131222 0.991353 -0.000000 0.064783 0.997899 -0.000000 0.000000 1.000000 -0.000000 0.000000 1.000000 -0.000000 0.000000 1.000000 0.000000 0.000000 1.000000 0.000000 0.000000 1.000000 0.000000 0.000000 1.000000 0.000000 0.000000 1.000000 0.000000 0.000000 1.000000 0.000000 0.000000 1.000000 0.000000 0.000000 1.000000 0.000000 0.000000 1.000000 0.000000 0.000000 1.000000 0.000000 0.000000 1.000000 0.000000 0.000000 1.000000 0.000000 0.000000 1.000000 0.000000 0.000000 1.000000 0.000000 0.000000 1.000000 0.000000 0.000000 1.000000 0.000000 0.000000 1.000000 0.000000 0.000000 1.000000 0.000000 0.000000 1.000000 0.000000 0.000000 1.000000 0.000000 0.000000 1.000000 0.000000 0.000000 1.000000 0.000000 0.000000 1.000000 0.000000 0.000000 1.000000 0.000000 0.000000 1.000000 0.000000 0.000000 1.000000 0.000000 0.000000 1.000000 0.000000 0.000000 1.000000 0.000000 0.000000 1.000000 0.000000 0.000000 1.000000 0.000000 0.000000 1.000000 0.000000 0.000000 1.000000 0.000000 0.000000 1.000000 0.000000 0.000000 1.000000 0.000000 0.000000 1.000000 0.000000 0.000000 1.000000 0.000000 0.000000 1.000000 0.000000 0.000000 1.000000 0.000000 0.000000 1.000000 0.000000 0.000000 1.000000 0.000000 0.000000 1.000000 0.000000 0.000000 1.000000 0.000000 0.000000 1.000000 0.000000 0.000000 1.000000 0.000000 0.000000 1.000000 0.000000 0.000000 1.000000 0.000000 0.000000 1.000000 0.000000 0.000000 1.000000 0.000000 0.000000 1.000000 0.000000 0.000000 1.000000 0.000000 0.000000 1.000000 0.000000 0.000000 1.000000 0.000000 0.000000 -1.000000 0.000000 0.000000 -1.000000 0.000000 0.000000 -1.000000 0.000000 0.000000 -1.000000 0.000000 0.000000 -1.000000 0.000000 0.000000 -1.000000 0.000000 0.000000 -1.000000 0.000000 0.000000 -1.000000 0.000000 0.000000 -1.000000 0.000000 0.000000 -1.000000 0.000000 0.000000 -1.000000 0.000000 0.000000 -1.000000 0.000000 0.000000 -1.000000 0.000000 0.000000 -1.000000 0.000000 0.000000 -1.000000 0.000000 0.000000 -1.000000 0.000000 0.000000 -1.000000 0.000000 0.000000 -1.000000 0.000000 0.000000 -1.000000 0.000000 0.000000 -1.000000 0.000000 0.000000 -1.000000 0.000000 0.000000 -1.000000 0.000000 0.000000 -1.000000 0.000000 0.000000 -1.000000 0.000000 0.000000 -1.000000 0.000000 0.000000 -1.000000 0.000000 0.000000 -1.000000 0.000000 0.000000 -1.000000 0.000000 0.000000 -1.000000 0.000000 0.000000 -1.000000 0.000000 0.000000 -1.000000 0.000000 0.000000 -1.000000 0.000000 0.000000 -1.000000 0.000000 0.000000 -1.000000 0.000000 0.000000 -1.000000 0.000000 0.000000 -1.000000 0.000000 0.000000 -1.000000 0.000000 0.000000 -1.000000 0.000000 0.000000 -1.000000 0.000000 0.000000 -1.000000 0.000000 0.000000 -1.000000 0.000000 0.000000 -1.000000 0.000000 0.000000 -1.000000 0.000000 0.000000 -1.000000 0.000000 0.000000 -1.000000 0.000000 0.000000 -1.000000 0.000000 0.000000 -1.000000 0.000000 0.000000 -1.000000 0.000000 0.000000 -1.000000 0.000000 0.000000 -1.000000 0.000000 0.000000 -1.000000 0.000000 0.000000 -1.000000 0.000000 -1.000000 0.000000 -0.000000 -1.000000 0.000000 -0.000000 -0.992709 -0.120537 0.000000 -0.992709 -0.120537 0.000000 -0.970942 -0.239316 0.000000 -0.970942 -0.239316 0.000000 -0.935016 -0.354605 0.000000 -0.935016 -0.354605 0.000000 -0.885456 -0.464723 0.000000 -0.885456 -0.464723 0.000000 -0.822984 -0.568065 0.000000 -0.822984 -0.568065 0.000000 -0.748511 -0.663123 0.000000 -0.748511 -0.663123 0.000000 -0.663123 -0.748511 0.000000 -0.663123 -0.748511 0.000000 -0.568065 -0.822984 0.000000 -0.568065 -0.822984 0.000000 -0.464723 -0.885456 0.000000 -0.464723 -0.885456 0.000000 -0.354605 -0.935016 0.000000 -0.354605 -0.935016 0.000000 -0.239316 -0.970942 0.000000 -0.239316 -0.970942 0.000000 -0.120537 -0.992709 0.000000 -0.120537 -0.992709 0.000000 -1.000000 0.000000 0.000000 -1.000000 0.000000 0.000000 -0.120537 0.992709 -0.000000 -0.120537 0.992709 -0.000000 -0.239316 0.970942 -0.000000 -0.239316 0.970942 -0.000000 -0.354605 0.935016 -0.000000 -0.354605 0.935016 -0.000000 -0.464723 0.885456 -0.000000 -0.464723 0.885456 -0.000000 -0.568065 0.822984 -0.000000 -0.568065 0.822984 -0.000000 -0.663123 0.748511 -0.000000 -0.663123 0.748511 -0.000000 -0.748511 0.663123 -0.000000 -0.748511 0.663123 -0.000000 -0.822984 0.568065 -0.000000 -0.822984 0.568065 -0.000000 -0.885456 0.464723 -0.000000 -0.885456 0.464723 -0.000000 -0.935016 0.354605 -0.000000 -0.935016 0.354605 -0.000000 -0.970942 0.239316 -0.000000 -0.970942 0.239316 -0.000000 -0.992709 0.120537 -0.000000 -0.992709 0.120537 -0.000000 -0.000000 0.000000 -1.000000 -0.000000 0.000000 -1.000000 -0.000000 0.000000 -1.000000 -0.000000 0.000000 -1.000000 -0.000000 0.000000 -1.000000 -0.000000 0.000000 -1.000000 -0.000000 0.000000 -1.000000 -0.000000 0.000000 -1.000000 -0.000000 0.000000 -1.000000 -0.000000 0.000000 -1.000000 -0.000000 0.000000 -1.000000 -0.000000 0.000000 -1.000000 -0.000000 0.000000 -1.000000 -0.000000 0.000000 -1.000000 -0.000000 0.000000 -1.000000 -0.000000 0.000000 -1.000000 -0.000000 0.000000 -1.000000 -0.000000 0.000000 -1.000000 -0.000000 0.000000 -1.000000 -0.000000 0.000000 -1.000000 -0.000000 0.000000 -1.000000 -0.000000 0.000000 -1.000000 -0.000000 0.000000 -1.000000 -0.000000 0.000000 -1.000000 -0.000000 0.000000 -1.000000 -0.000000 0.000000 -1.000000 -0.000000 0.000000 -1.000000 -0.000000 0.000000 -1.000000 -0.000000 0.000000 -1.000000 -0.000000 0.000000 -1.000000 -0.000000 0.000000 -1.000000 -0.000000 0.000000 -1.000000 -0.000000 0.000000 -1.000000 -0.000000 0.000000 -1.000000 -0.000000 0.000000 -1.000000 -0.000000 0.000000 -1.000000 -0.000000 0.000000 -1.000000 -0.000000 0.000000 -1.000000 -0.000000 0.000000 -1.000000 -0.000000 0.000000 -1.000000 -0.000000 0.000000 -1.000000 -0.000000 0.000000 -1.000000 -0.000000 0.000000 -1.000000 -0.000000 0.000000 -1.000000 -0.000000 0.000000 -1.000000 -0.000000 0.000000 -1.000000 -0.000000 0.000000 -1.000000 -0.000000 0.000000 -1.000000 -0.000000 0.000000 -1.000000 -0.000000 0.000000 -1.000000 -0.000000 0.000000 -1.000000 -0.000000 0.000000 -1.000000 -0.000000 0.000000 -1.000000 -0.000000 0.000000 -1.000000 -0.000000 0.000000 -1.000000 -0.000000 0.000000 -1.000000 0.000000 1.000000 -0.000000 0.000000 1.000000 -0.000000 0.000000 1.000000 -0.000000 0.000000 1.000000 -0.000000 0.000000 0.000000 1.000000 0.000000 0.000000 1.000000 0.000000 0.000000 1.000000 0.000000 0.000000 1.000000 -0.000000 -1.000000 0.000000 -0.000000 -1.000000 0.000000 -0.000000 -1.000000 0.000000 -0.000000 -1.000000 0.000000 0.000000 0.000000 -1.000000 0.000000 0.000000 -1.000000 0.000000 0.000000 -1.000000 0.000000 0.000000 -1.000000 -1.000000 0.000000 0.000000 -1.000000 0.000000 0.000000 -1.000000 0.000000 0.000000 -1.000000 0.000000 0.000000 1.000000 -0.000000 -0.000000 1.000000 -0.000000 -0.000000 1.000000 -0.000000 -0.000000 1.000000 -0.000000 -0.000000</float_array>
          <technique_common>
            <accessor source="#base_link-mesh-normals-array" count="1778" stride="3">
              <param name="X" type="float"/>
              <param name="Y" type="float"/>
              <param name="Z" type="float"/>
            </accessor>
          </technique_common>
        </source>
        <vertices id="base_link-mesh-vertices">
          <input semantic="POSITION" source="#base_link-mesh-positions"/>
        </vertices>
        <triangles material="Plastic_-_Glossy__Black_" count="2180">
          <input semantic="VERTEX" source="#base_link-mesh-vertices" offset="0"/>
          <input semantic="NORMAL" source="#base_link-mesh-normals" offset="1"/>
          <p>1 0 60 1 0 2 0 2 60 1 48 3 0 2 48 3 23 4 23 4 48 3 324 5 23 4 324 5 22 6 22 6 324 5 312 7 22 6 312 7 21 8 21 8 312 7 300 9 21 8 300 9 20 10 20 10 300 9 288 11 20 10 288 11 19 12 19 12 288 11 276 13 19 12 276 13 18 14 18 14 276 13 264 15 18 14 264 15 17 16 17 16 264 15 252 17 17 16 252 17 16 18 16 18 252 17 240 19 16 18 240 19 15 20 15 20 240 19 228 21 15 20 228 21 14 22 14 22 228 21 216 23 14 22 216 23 13 24 13 24 216 23 204 25 13 24 204 25 12 26 12 26 204 25 192 27 12 26 192 27 11 28 11 28 192 27 180 29 11 28 180 29 10 30 10 30 180 29 168 31 10 30 168 31 9 32 9 32 168 31 156 33 9 32 156 33 8 34 8 34 156 33 144 35 8 34 144 35 7 36 7 36 144 35 132 37 7 36 132 37 6 38 6 38 132 37 120 39 6 38 120 39 5 40 5 40 120 39 108 41 5 40 108 41 4 42 4 42 108 41 96 43 4 42 96 43 3 44 3 44 96 43 84 45 3 44 84 45 2 46 2 46 84 45 72 47 2 46 72 47 1 0 1 0 72 47 60 1 25 48 335 49 24 50 24 50 335 49 59 51 24 50 59 51 47 52 47 52 59 51 71 53 47 52 71 53 46 54 46 54 71 53 83 55 46 54 83 55 45 56 45 56 83 55 95 57 45 56 95 57 44 58 44 58 95 57 107 59 44 58 107 59 43 60 43 60 107 59 119 61 43 60 119 61 42 62 42 62 119 61 131 63 42 62 131 63 41 64 41 64 131 63 143 65 41 64 143 65 40 66 40 66 143 65 155 67 40 66 155 67 39 68 39 68 155 67 167 69 39 68 167 69 38 70 38 70 167 69 179 71 38 70 179 71 37 72 37 72 179 71 191 73 37 72 191 73 36 74 36 74 191 73 203 75 36 74 203 75 35 76 35 76 203 75 215 77 35 76 215 77 34 78 34 78 215 77 227 79 34 78 227 79 33 80 33 80 227 79 239 81 33 80 239 81 32 82 32 82 239 81 251 83 32 82 251 83 31 84 31 84 251 83 263 85 31 84 263 85 30 86 30 86 263 85 275 87 30 86 275 87 29 88 29 88 275 87 287 89 29 88 287 89 28 90 28 90 287 89 299 91 28 90 299 91 27 92 27 92 299 91 311 93 27 92 311 93 26 94 26 94 311 93 323 95 26 94 323 95 25 48 25 48 323 95 335 49 48 3 49 96 324 5 324 5 49 96 325 97 324 5 325 97 312 7 312 7 325 97 313 98 312 7 313 98 300 9 300 9 313 98 301 99 300 9 301 99 288 11 288 11 301 99 289 100 288 11 289 100 276 13 276 13 289 100 277 101 276 13 277 101 264 15 264 15 277 101 265 102 264 15 265 102 252 17 252 17 265 102 253 103 252 17 253 103 240 19 240 19 253 103 241 104 240 19 241 104 228 21 228 21 241 104 229 105 228 21 229 105 216 23 216 23 229 105 217 106 216 23 217 106 204 25 204 25 217 106 205 107 204 25 205 107 192 27 192 27 205 107 193 108 192 27 193 108 180 29 180 29 193 108 181 109 180 29 181 109 168 31 168 31 181 109 169 110 168 31 169 110 156 33 156 33 169 110 157 111 156 33 157 111 144 35 144 35 157 111 145 112 144 35 145 112 132 37 132 37 145 112 133 113 132 37 133 113 120 39 120 39 133 113 121 114 120 39 121 114 108 41 108 41 121 114 109 115 108 41 109 115 96 43 96 43 109 115 97 116 96 43 97 116 84 45 84 45 97 116 85 117 84 45 85 117 72 47 72 47 85 117 73 118 72 47 73 118 60 1 60 1 73 118 61 119 60 1 61 119 48 3 48 3 61 119 49 96 49 96 50 120 325 97 325 97 50 120 326 121 325 97 326 121 313 98 313 98 326 121 314 122 313 98 314 122 301 99 301 99 314 122 302 123 301 99 302 123 289 100 289 100 302 123 290 124 289 100 290 124 277 101 277 101 290 124 278 125 277 101 278 125 265 102 265 102 278 125 266 126 265 102 266 126 253 103 253 103 266 126 254 127 253 103 254 127 241 104 241 104 254 127 242 128 241 104 242 128 229 105 229 105 242 128 230 129 229 105 230 129 217 106 217 106 230 129 218 130 217 106 218 130 205 107 205 107 218 130 206 131 205 107 206 131 193 108 193 108 206 131 194 132 193 108 194 132 181 109 181 109 194 132 182 133 181 109 182 133 169 110 169 110 182 133 170 134 169 110 170 134 157 111 157 111 170 134 158 135 157 111 158 135 145 112 145 112 158 135 146 136 145 112 146 136 133 113 133 113 146 136 134 137 133 113 134 137 121 114 121 114 134 137 122 138 121 114 122 138 109 115 109 115 122 138 110 139 109 115 110 139 97 116 97 116 110 139 98 140 97 116 98 140 85 117 85 117 98 140 86 141 85 117 86 141 73 118 73 118 86 141 74 142 73 118 74 142 61 119 61 119 74 142 62 143 61 119 62 143 49 96 49 96 62 143 50 120 50 120 51 144 326 121 326 121 51 144 327 145 326 121 327 145 314 122 314 122 327 145 315 146 314 122 315 146 302 123 302 123 315 146 303 147 302 123 303 147 290 124 290 124 303 147 291 148 290 124 291 148 278 125 278 125 291 148 279 149 278 125 279 149 266 126 266 126 279 149 267 150 266 126 267 150 254 127 254 127 267 150 255 151 254 127 255 151 242 128 242 128 255 151 243 152 242 128 243 152 230 129 230 129 243 152 231 153 230 129 231 153 218 130 218 130 231 153 219 154 218 130 219 154 206 131 206 131 219 154 207 155 206 131 207 155 194 132 194 132 207 155 195 156 194 132 195 156 182 133 182 133 195 156 183 157 182 133 183 157 170 134 170 134 183 157 171 158 170 134 171 158 158 135 158 135 171 158 159 159 158 135 159 159 146 136 146 136 159 159 147 160 146 136 147 160 134 137 134 137 147 160 135 161 134 137 135 161 122 138 122 138 135 161 123 162 122 138 123 162 110 139 110 139 123 162 111 163 110 139 111 163 98 140 98 140 111 163 99 164 98 140 99 164 86 141 86 141 99 164 87 165 86 141 87 165 74 142 74 142 87 165 75 166 74 142 75 166 62 143 62 143 75 166 63 167 62 143 63 167 50 120 50 120 63 167 51 144 51 144 52 168 327 145 327 145 52 168 328 169 327 145 328 169 315 146 315 146 328 169 316 170 315 146 316 170 303 147 303 147 316 170 304 171 303 147 304 171 291 148 291 148 304 171 292 172 291 148 292 172 279 149 279 149 292 172 280 173 279 149 280 173 267 150 267 150 280 173 268 174 267 150 268 174 255 151 255 151 268 174 256 175 255 151 256 175 243 152 243 152 256 175 244 176 243 152 244 176 231 153 231 153 244 176 232 177 231 153 232 177 219 154 219 154 232 177 220 178 219 154 220 178 207 155 207 155 220 178 208 179 207 155 208 179 195 156 195 156 208 179 196 180 195 156 196 180 183 157 183 157 196 180 184 181 183 157 184 181 171 158 171 158 184 181 172 182 171 158 172 182 159 159 159 159 172 182 160 183 159 159 160 183 147 160 147 160 160 183 148 184 147 160 148 184 135 161 135 161 148 184 136 185 135 161 136 185 123 162 123 162 136 185 124 186 123 162 124 186 111 163 111 163 124 186 112 187 111 163 112 187 99 164 99 164 112 187 100 188 99 164 100 188 87 165 87 165 100 188 88 189 87 165 88 189 75 166 75 166 88 189 76 190 75 166 76 190 63 167 63 167 76 190 64 191 63 167 64 191 51 144 51 144 64 191 52 168 52 168 53 192 328 169 328 169 53 192 329 193 328 169 329 193 316 170 316 170 329 193 317 194 316 170 317 194 304 171 304 171 317 194 305 195 304 171 305 195 292 172 292 172 305 195 293 196 292 172 293 196 280 173 280 173 293 196 281 197 280 173 281 197 268 174 268 174 281 197 269 198 268 174 269 198 256 175 256 175 269 198 257 199 256 175 257 199 244 176 244 176 257 199 245 200 244 176 245 200 232 177 232 177 245 200 233 201 232 177 233 201 220 178 220 178 233 201 221 202 220 178 221 202 208 179 208 179 221 202 209 203 208 179 209 203 196 180 196 180 209 203 197 204 196 180 197 204 184 181 184 181 197 204 185 205 184 181 185 205 172 182 172 182 185 205 173 206 172 182 173 206 160 183 160 183 173 206 161 207 160 183 161 207 148 184 148 184 161 207 149 208 148 184 149 208 136 185 136 185 149 208 137 209 136 185 137 209 124 186 124 186 137 209 125 210 124 186 125 210 112 187 112 187 125 210 113 211 112 187 113 211 100 188 100 188 113 211 101 212 100 188 101 212 88 189 88 189 101 212 89 213 88 189 89 213 76 190 76 190 89 213 77 214 76 190 77 214 64 191 64 191 77 214 65 215 64 191 65 215 52 168 52 168 65 215 53 192 53 192 54 216 329 193 329 193 54 216 330 217 329 193 330 217 317 194 317 194 330 217 318 218 317 194 318 218 305 195 305 195 318 218 306 219 305 195 306 219 293 196 293 196 306 219 294 220 293 196 294 220 281 197 281 197 294 220 282 221 281 197 282 221 269 198 269 198 282 221 270 222 269 198 270 222 257 199 257 199 270 222 258 223 257 199 258 223 245 200 245 200 258 223 246 224 245 200 246 224 233 201 233 201 246 224 234 225 233 201 234 225 221 202 221 202 234 225 222 226 221 202 222 226 209 203 209 203 222 226 210 227 209 203 210 227 197 204 197 204 210 227 198 228 197 204 198 228 185 205 185 205 198 228 186 229 185 205 186 229 173 206 173 206 186 229 174 230 173 206 174 230 161 207 161 207 174 230 162 231 161 207 162 231 149 208 149 208 162 231 150 232 149 208 150 232 137 209 137 209 150 232 138 233 137 209 138 233 125 210 125 210 138 233 126 234 125 210 126 234 113 211 113 211 126 234 114 235 113 211 114 235 101 212 101 212 114 235 102 236 101 212 102 236 89 213 89 213 102 236 90 237 89 213 90 237 77 214 77 214 90 237 78 238 77 214 78 238 65 215 65 215 78 238 66 239 65 215 66 239 53 192 53 192 66 239 54 216 54 216 55 240 330 217 330 217 55 240 331 241 330 217 331 241 318 218 318 218 331 241 319 242 318 218 319 242 306 219 306 219 319 242 307 243 306 219 307 243 294 220 294 220 307 243 295 244 294 220 295 244 282 221 282 221 295 244 283 245 282 221 283 245 270 222 270 222 283 245 271 246 270 222 271 246 258 223 258 223 271 246 259 247 258 223 259 247 246 224 246 224 259 247 247 248 246 224 247 248 234 225 234 225 247 248 235 249 234 225 235 249 222 226 222 226 235 249 223 250 222 226 223 250 210 227 210 227 223 250 211 251 210 227 211 251 198 228 198 228 211 251 199 252 198 228 199 252 186 229 186 229 199 252 187 253 186 229 187 253 174 230 174 230 187 253 175 254 174 230 175 254 162 231 162 231 175 254 163 255 162 231 163 255 150 232 150 232 163 255 151 256 150 232 151 256 138 233 138 233 151 256 139 257 138 233 139 257 126 234 126 234 139 257 127 258 126 234 127 258 114 235 114 235 127 258 115 259 114 235 115 259 102 236 102 236 115 259 103 260 102 236 103 260 90 237 90 237 103 260 91 261 90 237 91 261 78 238 78 238 91 261 79 262 78 238 79 262 66 239 66 239 79 262 67 263 66 239 67 263 54 216 54 216 67 263 55 240 55 240 56 264 331 241 331 241 56 264 332 265 331 241 332 265 319 242 319 242 332 265 320 266 319 242 320 266 307 243 307 243 320 266 308 267 307 243 308 267 295 244 295 244 308 267 296 268 295 244 296 268 283 245 283 245 296 268 284 269 283 245 284 269 271 246 271 246 284 269 272 270 271 246 272 270 259 247 259 247 272 270 260 271 259 247 260 271 247 248 247 248 260 271 248 272 247 248 248 272 235 249 235 249 248 272 236 273 235 249 236 273 223 250 223 250 236 273 224 274 223 250 224 274 211 251 211 251 224 274 212 275 211 251 212 275 199 252 199 252 212 275 200 276 199 252 200 276 187 253 187 253 200 276 188 277 187 253 188 277 175 254 175 254 188 277 176 278 175 254 176 278 163 255 163 255 176 278 164 279 163 255 164 279 151 256 151 256 164 279 152 280 151 256 152 280 139 257 139 257 152 280 140 281 139 257 140 281 127 258 127 258 140 281 128 282 127 258 128 282 115 259 115 259 128 282 116 283 115 259 116 283 103 260 103 260 116 283 104 284 103 260 104 284 91 261 91 261 104 284 92 285 91 261 92 285 79 262 79 262 92 285 80 286 79 262 80 286 67 263 67 263 80 286 68 287 67 263 68 287 55 240 55 240 68 287 56 264 56 264 57 288 332 265 332 265 57 288 333 289 332 265 333 289 320 266 320 266 333 289 321 290 320 266 321 290 308 267 308 267 321 290 309 291 308 267 309 291 296 268 296 268 309 291 297 292 296 268 297 292 284 269 284 269 297 292 285 293 284 269 285 293 272 270 272 270 285 293 273 294 272 270 273 294 260 271 260 271 273 294 261 295 260 271 261 295 248 272 248 272 261 295 249 296 248 272 249 296 236 273 236 273 249 296 237 297 236 273 237 297 224 274 224 274 237 297 225 298 224 274 225 298 212 275 212 275 225 298 213 299 212 275 213 299 200 276 200 276 213 299 201 300 200 276 201 300 188 277 188 277 201 300 189 301 188 277 189 301 176 278 176 278 189 301 177 302 176 278 177 302 164 279 164 279 177 302 165 303 164 279 165 303 152 280 152 280 165 303 153 304 152 280 153 304 140 281 140 281 153 304 141 305 140 281 141 305 128 282 128 282 141 305 129 306 128 282 129 306 116 283 116 283 129 306 117 307 116 283 117 307 104 284 104 284 117 307 105 308 104 284 105 308 92 285 92 285 105 308 93 309 92 285 93 309 80 286 80 286 93 309 81 310 80 286 81 310 68 287 68 287 81 310 69 311 68 287 69 311 56 264 56 264 69 311 57 288 57 288 58 312 333 289 333 289 58 312 334 313 333 289 334 313 321 290 321 290 334 313 322 314 321 290 322 314 309 291 309 291 322 314 310 315 309 291 310 315 297 292 297 292 310 315 298 316 297 292 298 316 285 293 285 293 298 316 286 317 285 293 286 317 273 294 273 294 286 317 274 318 273 294 274 318 261 295 261 295 274 318 262 319 261 295 262 319 249 296 249 296 262 319 250 320 249 296 250 320 237 297 237 297 250 320 238 321 237 297 238 321 225 298 225 298 238 321 226 322 225 298 226 322 213 299 213 299 226 322 214 323 213 299 214 323 201 300 201 300 214 323 202 324 201 300 202 324 189 301 189 301 202 324 190 325 189 301 190 325 177 302 177 302 190 325 178 326 177 302 178 326 165 303 165 303 178 326 166 327 165 303 166 327 153 304 153 304 166 327 154 328 153 304 154 328 141 305 141 305 154 328 142 329 141 305 142 329 129 306 129 306 142 329 130 330 129 306 130 330 117 307 117 307 130 330 118 331 117 307 118 331 105 308 105 308 118 331 106 332 105 308 106 332 93 309 93 309 106 332 94 333 93 309 94 333 81 310 81 310 94 333 82 334 81 310 82 334 69 311 69 311 82 334 70 335 69 311 70 335 57 288 57 288 70 335 58 312 58 312 59 51 334 313 334 313 59 51 335 49 334 313 335 49 322 314 322 314 335 49 323 95 322 314 323 95 310 315 310 315 323 95 311 93 310 315 311 93 298 316 298 316 311 93 299 91 298 316 299 91 286 317 286 317 299 91 287 89 286 317 287 89 274 318 274 318 287 89 275 87 274 318 275 87 262 319 262 319 275 87 263 85 262 319 263 85 250 320 250 320 263 85 251 83 250 320 251 83 238 321 238 321 251 83 239 81 238 321 239 81 226 322 226 322 239 81 227 79 226 322 227 79 214 323 214 323 227 79 215 77 214 323 215 77 202 324 202 324 215 77 203 75 202 324 203 75 190 325 190 325 203 75 191 73 190 325 191 73 178 326 178 326 191 73 179 71 178 326 179 71 166 327 166 327 179 71 167 69 166 327 167 69 154 328 154 328 167 69 155 67 154 328 155 67 142 329 142 329 155 67 143 65 142 329 143 65 130 330 130 330 143 65 131 63 130 330 131 63 118 331 118 331 131 63 119 61 118 331 119 61 106 332 106 332 119 61 107 59 106 332 107 59 94 333 94 333 107 59 95 57 94 333 95 57 82 334 82 334 95 57 83 55 82 334 83 55 70 335 70 335 83 55 71 53 70 335 71 53 58 312 58 312 71 53 59 51 23 336 13 337 0 338 0 338 13 337 12 339 0 338 12 339 1 340 1 340 12 339 11 341 1 340 11 341 2 342 2 342 11 341 10 343 2 342 10 343 3 344 3 344 10 343 9 345 3 344 9 345 4 346 4 346 9 345 8 347 4 346 8 347 5 348 5 348 8 347 7 349 5 348 7 349 6 350 13 337 23 336 14 351 14 351 23 336 22 352 14 351 22 352 15 353 15 353 22 352 21 354 15 353 21 354 16 355 16 355 21 354 20 356 16 355 20 356 17 357 17 357 20 356 19 358 17 357 19 358 18 359 337 360 386 361 336 362 336 362 386 361 384 363 336 362 384 363 359 364 359 364 384 363 430 365 359 364 430 365 358 366 358 366 430 365 428 367 358 366 428 367 357 368 357 368 428 367 426 369 357 368 426 369 356 370 356 370 426 369 424 371 356 370 424 371 355 372 355 372 424 371 422 373 355 372 422 373 354 374 354 374 422 373 420 375 354 374 420 375 353 376 353 376 420 375 418 377 353 376 418 377 352 378 352 378 418 377 416 379 352 378 416 379 351 380 351 380 416 379 414 381 351 380 414 381 350 382 350 382 414 381 412 383 350 382 412 383 349 384 349 384 412 383 410 385 349 384 410 385 348 386 348 386 410 385 408 387 348 386 408 387 347 388 347 388 408 387 406 389 347 388 406 389 346 390 346 390 406 389 404 391 346 390 404 391 345 392 345 392 404 391 402 393 345 392 402 393 344 394 344 394 402 393 400 395 344 394 400 395 343 396 343 396 400 395 398 397 343 396 398 397 342 398 342 398 398 397 396 399 342 398 396 399 341 400 341 400 396 399 394 401 341 400 394 401 340 402 340 402 394 401 392 403 340 402 392 403 339 404 339 404 392 403 390 405 339 404 390 405 338 406 338 406 390 405 388 407 338 406 388 407 337 360 337 360 388 407 386 361 361 408 431 409 360 410 360 410 431 409 385 411 360 410 385 411 383 412 383 412 385 411 387 413 383 412 387 413 382 414 382 414 387 413 389 415 382 414 389 415 381 416 381 416 389 415 391 417 381 416 391 417 380 418 380 418 391 417 393 419 380 418 393 419 379 420 379 420 393 419 395 421 379 420 395 421 378 422 378 422 395 421 397 423 378 422 397 423 377 424 377 424 397 423 399 425 377 424 399 425 376 426 376 426 399 425 401 427 376 426 401 427 375 428 375 428 401 427 403 429 375 428 403 429 374 430 374 430 403 429 405 431 374 430 405 431 373 432 373 432 405 431 407 433 373 432 407 433 372 434 372 434 407 433 409 435 372 434 409 435 371 436 371 436 409 435 411 437 371 436 411 437 370 438 370 438 411 437 413 439 370 438 413 439 369 440 369 440 413 439 415 441 369 440 415 441 368 442 368 442 415 441 417 443 368 442 417 443 367 444 367 444 417 443 419 445 367 444 419 445 366 446 366 446 419 445 421 447 366 446 421 447 365 448 365 448 421 447 423 449 365 448 423 449 364 450 364 450 423 449 425 451 364 450 425 451 363 452 363 452 425 451 427 453 363 452 427 453 362 454 362 454 427 453 429 455 362 454 429 455 361 408 361 408 429 455 431 409 384 363 385 411 430 365 430 365 385 411 431 409 430 365 431 409 428 367 428 367 431 409 429 455 428 367 429 455 426 369 426 369 429 455 427 453 426 369 427 453 424 371 424 371 427 453 425 451 424 371 425 451 422 373 422 373 425 451 423 449 422 373 423 449 420 375 420 375 423 449 421 447 420 375 421 447 418 377 418 377 421 447 419 445 418 377 419 445 416 379 416 379 419 445 417 443 416 379 417 443 414 381 414 381 417 443 415 441 414 381 415 441 412 383 412 383 415 441 413 439 412 383 413 439 410 385 410 385 413 439 411 437 410 385 411 437 408 387 408 387 411 437 409 435 408 387 409 435 406 389 406 389 409 435 407 433 406 389 407 433 404 391 404 391 407 433 405 431 404 391 405 431 402 393 402 393 405 431 403 429 402 393 403 429 400 395 400 395 403 429 401 427 400 395 401 427 398 397 398 397 401 427 399 425 398 397 399 425 396 399 396 399 399 425 397 423 396 399 397 423 394 401 394 401 397 423 395 421 394 401 395 421 392 403 392 403 395 421 393 419 392 403 393 419 390 405 390 405 393 419 391 417 390 405 391 417 388 407 388 407 391 417 389 415 388 407 389 415 386 361 386 361 389 415 387 413 386 361 387 413 384 363 384 363 387 413 385 411 359 456 349 457 336 458 336 458 349 457 348 459 336 458 348 459 337 460 337 460 348 459 347 461 337 460 347 461 338 462 338 462 347 461 346 463 338 462 346 463 339 464 339 464 346 463 345 465 339 464 345 465 340 466 340 466 345 465 344 467 340 466 344 467 341 468 341 468 344 467 343 469 341 468 343 469 342 470 349 457 359 456 350 471 350 471 359 456 358 472 350 471 358 472 351 473 351 473 358 472 357 474 351 473 357 474 352 475 352 475 357 474 356 476 352 475 356 476 353 477 353 477 356 476 355 478 353 477 355 478 354 479 433 480 482 481 432 482 432 482 482 481 480 483 432 482 480 483 455 484 455 484 480 483 526 485 455 484 526 485 454 486 454 486 526 485 524 487 454 486 524 487 453 488 453 488 524 487 522 489 453 488 522 489 452 490 452 490 522 489 520 491 452 490 520 491 451 492 451 492 520 491 518 493 451 492 518 493 450 494 450 494 518 493 516 495 450 494 516 495 449 496 449 496 516 495 514 497 449 496 514 497 448 498 448 498 514 497 512 499 448 498 512 499 447 500 447 500 512 499 510 501 447 500 510 501 446 502 446 502 510 501 508 503 446 502 508 503 445 504 445 504 508 503 506 505 445 504 506 505 444 506 444 506 506 505 504 507 444 506 504 507 443 508 443 508 504 507 502 509 443 508 502 509 442 510 442 510 502 509 500 511 442 510 500 511 441 512 441 512 500 511 498 513 441 512 498 513 440 514 440 514 498 513 496 515 440 514 496 515 439 516 439 516 496 515 494 517 439 516 494 517 438 518 438 518 494 517 492 519 438 518 492 519 437 520 437 520 492 519 490 521 437 520 490 521 436 522 436 522 490 521 488 523 436 522 488 523 435 524 435 524 488 523 486 525 435 524 486 525 434 526 434 526 486 525 484 527 434 526 484 527 433 480 433 480 484 527 482 481 457 528 527 529 456 530 456 530 527 529 481 531 456 530 481 531 479 532 479 532 481 531 483 533 479 532 483 533 478 534 478 534 483 533 485 535 478 534 485 535 477 536 477 536 485 535 487 537 477 536 487 537 476 538 476 538 487 537 489 539 476 538 489 539 475 540 475 540 489 539 491 541 475 540 491 541 474 542 474 542 491 541 493 543 474 542 493 543 473 544 473 544 493 543 495 545 473 544 495 545 472 546 472 546 495 545 497 547 472 546 497 547 471 548 471 548 497 547 499 549 471 548 499 549 470 550 470 550 499 549 501 551 470 550 501 551 469 552 469 552 501 551 503 553 469 552 503 553 468 554 468 554 503 553 505 555 468 554 505 555 467 556 467 556 505 555 507 557 467 556 507 557 466 558 466 558 507 557 509 559 466 558 509 559 465 560 465 560 509 559 511 561 465 560 511 561 464 562 464 562 511 561 513 563 464 562 513 563 463 564 463 564 513 563 515 565 463 564 515 565 462 566 462 566 515 565 517 567 462 566 517 567 461 568 461 568 517 567 519 569 461 568 519 569 460 570 460 570 519 569 521 571 460 570 521 571 459 572 459 572 521 571 523 573 459 572 523 573 458 574 458 574 523 573 525 575 458 574 525 575 457 528 457 528 525 575 527 529 480 483 481 531 526 485 526 485 481 531 527 529 526 485 527 529 524 487 524 487 527 529 525 575 524 487 525 575 522 489 522 489 525 575 523 573 522 489 523 573 520 491 520 491 523 573 521 571 520 491 521 571 518 493 518 493 521 571 519 569 518 493 519 569 516 495 516 495 519 569 517 567 516 495 517 567 514 497 514 497 517 567 515 565 514 497 515 565 512 499 512 499 515 565 513 563 512 499 513 563 510 501 510 501 513 563 511 561 510 501 511 561 508 503 508 503 511 561 509 559 508 503 509 559 506 505 506 505 509 559 507 557 506 505 507 557 504 507 504 507 507 557 505 555 504 507 505 555 502 509 502 509 505 555 503 553 502 509 503 553 500 511 500 511 503 553 501 551 500 511 501 551 498 513 498 513 501 551 499 549 498 513 499 549 496 515 496 515 499 549 497 547 496 515 497 547 494 517 494 517 497 547 495 545 494 517 495 545 492 519 492 519 495 545 493 543 492 519 493 543 490 521 490 521 493 543 491 541 490 521 491 541 488 523 488 523 491 541 489 539 488 523 489 539 486 525 486 525 489 539 487 537 486 525 487 537 484 527 484 527 487 537 485 535 484 527 485 535 482 481 482 481 485 535 483 533 482 481 483 533 480 483 480 483 483 533 481 531 455 576 445 577 432 578 432 578 445 577 444 579 432 578 444 579 433 580 433 580 444 579 443 581 433 580 443 581 434 582 434 582 443 581 442 583 434 582 442 583 435 584 435 584 442 583 441 585 435 584 441 585 436 586 436 586 441 585 440 587 436 586 440 587 437 588 437 588 440 587 439 589 437 588 439 589 438 590 445 577 455 576 446 591 446 591 455 576 454 592 446 591 454 592 447 593 447 593 454 592 453 594 447 593 453 594 448 595 448 595 453 594 452 596 448 595 452 596 449 597 449 597 452 596 451 598 449 597 451 598 450 599 529 600 578 601 528 602 528 602 578 601 576 603 528 602 576 603 551 604 551 604 576 603 622 605 551 604 622 605 550 606 550 606 622 605 620 607 550 606 620 607 549 608 549 608 620 607 618 609 549 608 618 609 548 610 548 610 618 609 616 611 548 610 616 611 547 612 547 612 616 611 614 613 547 612 614 613 546 614 546 614 614 613 612 615 546 614 612 615 545 616 545 616 612 615 610 617 545 616 610 617 544 618 544 618 610 617 608 619 544 618 608 619 543 620 543 620 608 619 606 621 543 620 606 621 542 622 542 622 606 621 604 623 542 622 604 623 541 624 541 624 604 623 602 625 541 624 602 625 540 626 540 626 602 625 600 627 540 626 600 627 539 628 539 628 600 627 598 629 539 628 598 629 538 630 538 630 598 629 596 631 538 630 596 631 537 632 537 632 596 631 594 633 537 632 594 633 536 634 536 634 594 633 592 635 536 634 592 635 535 636 535 636 592 635 590 637 535 636 590 637 534 638 534 638 590 637 588 639 534 638 588 639 533 640 533 640 588 639 586 641 533 640 586 641 532 642 532 642 586 641 584 643 532 642 584 643 531 644 531 644 584 643 582 645 531 644 582 645 530 646 530 646 582 645 580 647 530 646 580 647 529 600 529 600 580 647 578 601 553 648 623 649 552 650 552 650 623 649 577 651 552 650 577 651 575 652 575 652 577 651 579 653 575 652 579 653 574 654 574 654 579 653 581 655 574 654 581 655 573 656 573 656 581 655 583 657 573 656 583 657 572 658 572 658 583 657 585 659 572 658 585 659 571 660 571 660 585 659 587 661 571 660 587 661 570 662 570 662 587 661 589 663 570 662 589 663 569 664 569 664 589 663 591 665 569 664 591 665 568 666 568 666 591 665 593 667 568 666 593 667 567 668 567 668 593 667 595 669 567 668 595 669 566 670 566 670 595 669 597 671 566 670 597 671 565 672 565 672 597 671 599 673 565 672 599 673 564 674 564 674 599 673 601 675 564 674 601 675 563 676 563 676 601 675 603 677 563 676 603 677 562 678 562 678 603 677 605 679 562 678 605 679 561 680 561 680 605 679 607 681 561 680 607 681 560 682 560 682 607 681 609 683 560 682 609 683 559 684 559 684 609 683 611 685 559 684 611 685 558 686 558 686 611 685 613 687 558 686 613 687 557 688 557 688 613 687 615 689 557 688 615 689 556 690 556 690 615 689 617 691 556 690 617 691 555 692 555 692 617 691 619 693 555 692 619 693 554 694 554 694 619 693 621 695 554 694 621 695 553 648 553 648 621 695 623 649 576 603 577 651 622 605 622 605 577 651 623 649 622 605 623 649 620 607 620 607 623 649 621 695 620 607 621 695 618 609 618 609 621 695 619 693 618 609 619 693 616 611 616 611 619 693 617 691 616 611 617 691 614 613 614 613 617 691 615 689 614 613 615 689 612 615 612 615 615 689 613 687 612 615 613 687 610 617 610 617 613 687 611 685 610 617 611 685 608 619 608 619 611 685 609 683 608 619 609 683 606 621 606 621 609 683 607 681 606 621 607 681 604 623 604 623 607 681 605 679 604 623 605 679 602 625 602 625 605 679 603 677 602 625 603 677 600 627 600 627 603 677 601 675 600 627 601 675 598 629 598 629 601 675 599 673 598 629 599 673 596 631 596 631 599 673 597 671 596 631 597 671 594 633 594 633 597 671 595 669 594 633 595 669 592 635 592 635 595 669 593 667 592 635 593 667 590 637 590 637 593 667 591 665 590 637 591 665 588 639 588 639 591 665 589 663 588 639 589 663 586 641 586 641 589 663 587 661 586 641 587 661 584 643 584 643 587 661 585 659 584 643 585 659 582 645 582 645 585 659 583 657 582 645 583 657 580 647 580 647 583 657 581 655 580 647 581 655 578 601 578 601 581 655 579 653 578 601 579 653 576 603 576 603 579 653 577 651 551 696 541 697 528 698 528 698 541 697 540 699 528 698 540 699 529 700 529 700 540 699 539 701 529 700 539 701 530 702 530 702 539 701 538 703 530 702 538 703 531 704 531 704 538 703 537 705 531 704 537 705 532 706 532 706 537 705 536 707 532 706 536 707 533 708 533 708 536 707 535 709 533 708 535 709 534 710 541 697 551 696 542 711 542 711 551 696 550 712 542 711 550 712 543 713 543 713 550 712 549 714 543 713 549 714 544 715 544 715 549 714 548 716 544 715 548 716 545 717 545 717 548 716 547 718 545 717 547 718 546 719 625 720 674 721 624 722 624 722 674 721 672 723 624 722 672 723 647 724 647 724 672 723 718 725 647 724 718 725 646 726 646 726 718 725 716 727 646 726 716 727 645 728 645 728 716 727 714 729 645 728 714 729 644 730 644 730 714 729 712 731 644 730 712 731 643 732 643 732 712 731 710 733 643 732 710 733 642 734 642 734 710 733 708 735 642 734 708 735 641 736 641 736 708 735 706 737 641 736 706 737 640 738 640 738 706 737 704 739 640 738 704 739 639 740 639 740 704 739 702 741 639 740 702 741 638 742 638 742 702 741 700 743 638 742 700 743 637 744 637 744 700 743 698 745 637 744 698 745 636 746 636 746 698 745 696 747 636 746 696 747 635 748 635 748 696 747 694 749 635 748 694 749 634 750 634 750 694 749 692 751 634 750 692 751 633 752 633 752 692 751 690 753 633 752 690 753 632 754 632 754 690 753 688 755 632 754 688 755 631 756 631 756 688 755 686 757 631 756 686 757 630 758 630 758 686 757 684 759 630 758 684 759 629 760 629 760 684 759 682 761 629 760 682 761 628 762 628 762 682 761 680 763 628 762 680 763 627 764 627 764 680 763 678 765 627 764 678 765 626 766 626 766 678 765 676 767 626 766 676 767 625 720 625 720 676 767 674 721 649 768 719 769 648 770 648 770 719 769 673 771 648 770 673 771 671 772 671 772 673 771 675 773 671 772 675 773 670 774 670 774 675 773 677 775 670 774 677 775 669 776 669 776 677 775 679 777 669 776 679 777 668 778 668 778 679 777 681 779 668 778 681 779 667 780 667 780 681 779 683 781 667 780 683 781 666 782 666 782 683 781 685 783 666 782 685 783 665 784 665 784 685 783 687 785 665 784 687 785 664 786 664 786 687 785 689 787 664 786 689 787 663 788 663 788 689 787 691 789 663 788 691 789 662 790 662 790 691 789 693 791 662 790 693 791 661 792 661 792 693 791 695 793 661 792 695 793 660 794 660 794 695 793 697 795 660 794 697 795 659 796 659 796 697 795 699 797 659 796 699 797 658 798 658 798 699 797 701 799 658 798 701 799 657 800 657 800 701 799 703 801 657 800 703 801 656 802 656 802 703 801 705 803 656 802 705 803 655 804 655 804 705 803 707 805 655 804 707 805 654 806 654 806 707 805 709 807 654 806 709 807 653 808 653 808 709 807 711 809 653 808 711 809 652 810 652 810 711 809 713 811 652 810 713 811 651 812 651 812 713 811 715 813 651 812 715 813 650 814 650 814 715 813 717 815 650 814 717 815 649 768 649 768 717 815 719 769 672 723 673 771 718 725 718 725 673 771 719 769 718 725 719 769 716 727 716 727 719 769 717 815 716 727 717 815 714 729 714 729 717 815 715 813 714 729 715 813 712 731 712 731 715 813 713 811 712 731 713 811 710 733 710 733 713 811 711 809 710 733 711 809 708 735 708 735 711 809 709 807 708 735 709 807 706 737 706 737 709 807 707 805 706 737 707 805 704 739 704 739 707 805 705 803 704 739 705 803 702 741 702 741 705 803 703 801 702 741 703 801 700 743 700 743 703 801 701 799 700 743 701 799 698 745 698 745 701 799 699 797 698 745 699 797 696 747 696 747 699 797 697 795 696 747 697 795 694 749 694 749 697 795 695 793 694 749 695 793 692 751 692 751 695 793 693 791 692 751 693 791 690 753 690 753 693 791 691 789 690 753 691 789 688 755 688 755 691 789 689 787 688 755 689 787 686 757 686 757 689 787 687 785 686 757 687 785 684 759 684 759 687 785 685 783 684 759 685 783 682 761 682 761 685 783 683 781 682 761 683 781 680 763 680 763 683 781 681 779 680 763 681 779 678 765 678 765 681 779 679 777 678 765 679 777 676 767 676 767 679 777 677 775 676 767 677 775 674 721 674 721 677 775 675 773 674 721 675 773 672 723 672 723 675 773 673 771 647 816 637 817 624 818 624 818 637 817 636 819 624 818 636 819 625 820 625 820 636 819 635 821 625 820 635 821 626 822 626 822 635 821 634 823 626 822 634 823 627 824 627 824 634 823 633 825 627 824 633 825 628 826 628 826 633 825 632 827 628 826 632 827 629 828 629 828 632 827 631 829 629 828 631 829 630 830 637 817 647 816 638 831 638 831 647 816 646 832 638 831 646 832 639 833 639 833 646 832 645 834 639 833 645 834 640 835 640 835 645 834 644 836 640 835 644 836 641 837 641 837 644 836 643 838 641 837 643 838 642 839 720 840 721 841 723 842 723 842 721 841 722 843 737 844 724 845 736 846 736 846 724 845 725 847 736 846 725 847 735 848 735 848 725 847 726 849 735 848 726 849 734 850 734 850 726 849 727 851 734 850 727 851 733 852 733 852 727 851 728 853 733 852 728 853 732 854 732 854 728 853 729 855 732 854 729 855 731 856 731 856 729 855 730 857 731 856 730 857 723 842 723 842 730 857 720 840 738 858 724 845 739 859 739 859 724 845 737 844 761 860 740 861 760 862 760 862 740 861 741 863 760 862 741 863 742 864 760 862 742 864 759 865 759 865 742 864 743 866 759 865 743 866 758 867 758 867 743 866 744 868 758 867 744 868 757 869 757 869 744 868 745 870 757 869 745 870 756 871 756 871 745 870 746 872 756 871 746 872 755 873 755 873 746 872 747 874 755 873 747 874 754 875 754 875 747 874 748 876 754 875 748 876 753 877 753 877 748 876 749 878 753 877 749 878 752 879 752 879 749 878 750 880 752 879 750 880 751 881 751 881 750 880 739 859 739 859 750 880 738 858 762 882 740 861 763 883 763 883 740 861 761 860 764 884 762 885 765 886 765 886 762 885 763 887 766 888 764 889 767 890 767 890 764 889 765 891 768 892 766 893 769 894 769 894 766 893 767 895 770 896 768 897 771 898 771 898 768 897 769 899 789 900 772 901 788 902 788 902 772 901 773 903 788 902 773 903 787 904 787 904 773 903 774 905 787 904 774 905 786 906 786 906 774 905 775 907 786 906 775 907 785 908 785 908 775 907 776 909 785 908 776 909 784 910 784 910 776 909 777 911 784 910 777 911 783 912 783 912 777 911 778 913 783 912 778 913 782 914 782 914 778 913 779 915 782 914 779 915 781 916 781 916 779 915 780 917 781 916 780 917 771 898 771 898 780 917 770 896 790 918 772 901 791 919 791 919 772 901 789 900 792 920 790 921 793 922 793 922 790 921 791 923 794 924 792 925 795 926 795 926 792 925 793 927 796 928 794 929 797 930 797 930 794 929 795 931 815 932 798 933 814 934 814 934 798 933 799 935 814 934 799 935 813 936 813 936 799 935 800 937 813 936 800 937 812 938 812 938 800 937 801 939 812 938 801 939 811 940 811 940 801 939 802 941 811 940 802 941 810 942 810 942 802 941 803 943 810 942 803 943 809 944 809 944 803 943 804 945 809 944 804 945 808 946 808 946 804 945 805 947 808 946 805 947 807 948 807 948 805 947 806 949 807 948 806 949 797 930 797 930 806 949 796 928 816 950 798 933 817 951 817 951 798 933 815 932 818 952 816 953 819 954 819 954 816 953 817 955 820 956 818 957 821 958 821 958 818 957 819 959 722 843 721 841 839 960 839 960 721 841 822 961 839 960 822 961 838 962 838 962 822 961 823 963 838 962 823 963 837 964 837 964 823 963 824 965 837 964 824 965 836 966 836 966 824 965 825 967 836 966 825 967 835 968 835 968 825 967 826 969 835 968 826 969 834 970 834 970 826 969 827 971 834 970 827 971 833 972 833 972 827 971 828 973 833 972 828 973 832 974 832 974 828 973 829 975 832 974 829 975 831 976 831 976 829 975 830 977 831 976 830 977 821 958 821 958 830 977 820 956 839 978 821 979 722 980 722 980 821 979 811 981 722 980 811 981 810 982 821 979 839 978 831 983 831 983 839 978 838 984 831 983 838 984 832 985 832 985 838 984 837 986 832 985 837 986 833 987 833 987 837 986 836 988 833 987 836 988 834 989 834 989 836 988 835 990 819 991 815 992 821 979 821 979 815 992 814 993 821 979 814 993 813 994 819 991 817 995 815 992 813 994 812 996 821 979 821 979 812 996 811 981 722 980 810 982 723 997 723 997 810 982 809 998 723 997 809 998 808 999 723 997 808 999 731 1000 731 1000 808 999 807 1001 731 1000 807 1001 732 1002 732 1002 807 1001 797 1003 732 1002 797 1003 733 1004 733 1004 797 1003 789 1005 733 1004 789 1005 734 1006 734 1006 789 1005 735 1007 735 1007 789 1005 788 1008 735 1007 788 1008 736 1009 736 1009 788 1008 737 1010 737 1010 788 1008 787 1011 737 1010 787 1011 786 1012 797 1003 795 1013 789 1005 789 1005 795 1013 791 1014 791 1014 795 1013 793 1015 737 1010 786 1012 739 1016 739 1016 786 1012 785 1017 739 1016 785 1017 761 1018 761 1018 785 1017 784 1019 761 1018 784 1019 783 1020 783 1020 782 1021 761 1018 761 1018 782 1021 781 1022 761 1018 781 1022 771 1023 761 1018 771 1023 763 1024 763 1024 771 1023 769 1025 763 1024 769 1025 765 1026 765 1026 769 1025 767 1027 739 1016 761 1018 751 1028 751 1028 761 1018 760 1029 751 1028 760 1029 752 1030 752 1030 760 1029 759 1031 752 1030 759 1031 753 1032 753 1032 759 1031 758 1033 753 1032 758 1033 754 1034 754 1034 758 1033 757 1035 754 1034 757 1035 755 1036 755 1036 757 1035 756 1037 840 1038 841 1039 843 1040 843 1040 841 1039 842 1041 844 1042 840 1043 845 1044 845 1044 840 1043 843 1045 846 1046 844 1047 847 1048 847 1048 844 1047 845 1049 848 1050 846 1051 849 1052 849 1052 846 1051 847 1053 850 1054 848 1055 851 1056 851 1056 848 1055 849 1057 841 1058 850 1059 842 1060 842 1060 850 1059 851 1061 843 1062 842 1063 847 1064 847 1064 842 1063 851 1065 847 1064 851 1065 849 1066 847 1064 845 1067 843 1062 852 1068 853 1069 855 1070 855 1070 853 1069 854 1071 856 1072 852 1073 857 1074 857 1074 852 1073 855 1075 858 1076 856 1077 859 1078 859 1078 856 1077 857 1079 860 1080 858 1081 861 1082 861 1082 858 1081 859 1083 862 1084 860 1085 863 1086 863 1086 860 1085 861 1087 853 1088 862 1089 854 1090 854 1090 862 1089 863 1091 854 1092 863 1093 855 1094 855 1094 863 1093 857 1095 857 1095 863 1093 859 1096 859 1096 863 1093 861 1097 864 1098 865 1099 892 1100 892 1100 865 1099 891 1101 891 1101 865 1099 866 1102 891 1101 866 1102 890 1103 890 1103 866 1102 867 1104 890 1103 867 1104 889 1105 889 1105 867 1104 868 1106 889 1105 868 1106 888 1107 888 1107 868 1106 869 1108 888 1107 869 1108 870 1109 888 1107 870 1109 887 1110 887 1110 870 1109 871 1111 887 1110 871 1111 886 1112 886 1112 871 1111 872 1113 886 1112 872 1113 873 1114 886 1112 873 1114 885 1115 885 1115 873 1114 874 1116 885 1115 874 1116 884 1117 884 1117 874 1116 875 1118 884 1117 875 1118 876 1119 884 1117 876 1119 883 1120 883 1120 876 1119 877 1121 883 1120 877 1121 882 1122 882 1122 877 1121 878 1123 882 1122 878 1123 879 1124 880 1125 881 1126 879 1124 879 1124 881 1126 882 1122 893 1127 894 1128 921 1129 921 1129 894 1128 920 1130 920 1130 894 1128 895 1131 920 1130 895 1131 919 1132 919 1132 895 1131 896 1133 919 1132 896 1133 897 1134 919 1132 897 1134 918 1135 918 1135 897 1134 898 1136 918 1135 898 1136 899 1137 918 1135 899 1137 917 1138 917 1138 899 1137 900 1139 917 1138 900 1139 916 1140 916 1140 900 1139 901 1141 916 1140 901 1141 902 1142 916 1140 902 1142 915 1143 915 1143 902 1142 903 1144 915 1143 903 1144 914 1145 914 1145 903 1144 904 1146 914 1145 904 1146 905 1147 914 1145 905 1147 913 1148 913 1148 905 1147 906 1149 913 1148 906 1149 912 1150 912 1150 906 1149 907 1151 912 1150 907 1151 911 1152 911 1152 907 1151 908 1153 911 1152 908 1153 910 1154 910 1154 908 1153 909 1155 923 1156 926 1157 922 1158 922 1158 926 1157 927 1159 922 1158 927 1159 931 1160 931 1160 927 1159 930 1161 930 1161 927 1159 929 1162 929 1162 927 1159 928 1163 923 1156 924 1164 926 1157 926 1157 924 1164 925 1165 932 1166 933 1167 931 1160 931 1160 933 1167 922 1158 931 1160 934 1168 932 1166 932 1166 934 1168 960 1169 960 1169 934 1168 935 1170 960 1169 935 1170 959 1171 959 1171 935 1170 936 1172 959 1171 936 1172 958 1173 958 1173 936 1172 937 1174 958 1173 937 1174 957 1175 957 1175 937 1174 938 1176 957 1175 938 1176 939 1177 957 1175 939 1177 956 1178 956 1178 939 1177 940 1179 956 1178 940 1179 955 1180 955 1180 940 1179 941 1181 955 1180 941 1181 942 1182 955 1180 942 1182 954 1183 954 1183 942 1182 943 1184 954 1183 943 1184 953 1185 953 1185 943 1184 944 1186 953 1185 944 1186 945 1187 953 1185 945 1187 952 1188 952 1188 945 1187 946 1189 952 1188 946 1189 951 1190 951 1190 946 1189 947 1191 951 1190 947 1191 948 1192 949 1193 950 1194 948 1192 948 1192 950 1194 951 1190 961 1195 962 1196 987 1197 987 1197 962 1196 986 1198 986 1198 962 1196 963 1199 986 1198 963 1199 985 1200 985 1200 963 1199 964 1201 985 1200 964 1201 965 1202 985 1200 965 1202 984 1203 984 1203 965 1202 966 1204 984 1203 966 1204 967 1205 984 1203 967 1205 983 1206 983 1206 967 1205 968 1207 983 1206 968 1207 982 1208 982 1208 968 1207 969 1209 982 1208 969 1209 970 1210 982 1208 970 1210 981 1211 981 1211 970 1210 971 1212 981 1211 971 1212 980 1213 980 1213 971 1212 972 1214 980 1213 972 1214 973 1215 980 1213 973 1215 979 1216 979 1216 973 1215 974 1217 979 1216 974 1217 978 1218 978 1218 974 1217 975 1219 978 1218 975 1219 977 1220 977 1220 975 1219 976 1221 977 1220 976 1221 933 1167 933 1167 976 1221 922 1158 986 1222 951 1223 987 1224 987 1224 951 1223 950 1225 987 1224 950 1225 881 1226 881 1226 950 1225 921 1227 881 1226 921 1227 882 1228 882 1228 921 1227 920 1229 882 1228 920 1229 883 1230 883 1230 920 1229 919 1231 883 1230 919 1231 884 1232 884 1232 919 1231 918 1233 884 1232 918 1233 885 1234 885 1234 918 1233 917 1235 885 1234 917 1235 892 1236 892 1236 917 1235 910 1237 910 1237 917 1235 916 1238 910 1237 916 1238 915 1239 951 1223 986 1222 952 1240 952 1240 986 1222 985 1241 952 1240 985 1241 953 1242 953 1242 985 1241 984 1243 953 1242 984 1243 954 1244 954 1244 984 1243 983 1245 954 1244 983 1245 932 1246 932 1246 983 1245 933 1247 933 1247 983 1245 982 1248 933 1247 982 1248 981 1249 981 1249 980 1250 933 1247 933 1247 980 1250 979 1251 933 1247 979 1251 978 1252 978 1252 977 1253 933 1247 960 1254 959 1255 932 1246 932 1246 959 1255 958 1256 932 1246 958 1256 957 1257 957 1257 956 1258 932 1246 932 1246 956 1258 955 1259 932 1246 955 1259 954 1244 915 1239 914 1260 910 1237 910 1237 914 1260 913 1261 910 1237 913 1261 912 1262 912 1262 911 1263 910 1237 891 1264 890 1265 892 1236 892 1236 890 1265 889 1266 892 1236 889 1266 888 1267 888 1267 887 1268 892 1236 892 1236 887 1268 886 1269 892 1236 886 1269 885 1234 976 1270 997 1271 922 1272 922 1272 997 1271 998 1273 922 1272 998 1273 923 1274 923 1274 998 1273 999 1275 923 1274 999 1275 924 1276 924 1276 999 1275 1000 1277 924 1276 1000 1277 925 1278 925 1278 1000 1277 1001 1279 925 1278 1001 1279 926 1280 976 1270 975 1281 997 1271 997 1271 975 1281 996 1282 996 1282 975 1281 974 1283 996 1282 974 1283 995 1284 995 1284 974 1283 973 1285 995 1284 973 1285 972 1286 995 1284 972 1286 994 1287 994 1287 972 1286 971 1288 994 1287 971 1288 993 1289 993 1289 971 1288 970 1290 993 1289 970 1290 969 1291 993 1289 969 1291 992 1292 992 1292 969 1291 968 1293 992 1292 968 1293 967 1294 992 1292 967 1294 991 1295 991 1295 967 1294 966 1296 991 1295 966 1296 990 1297 990 1297 966 1296 965 1298 990 1297 965 1298 964 1299 990 1297 964 1299 989 1300 989 1300 964 1299 963 1301 989 1300 963 1301 962 1302 961 1303 988 1304 962 1302 962 1302 988 1304 989 1300 880 1305 879 1306 1011 1307 1011 1307 879 1306 1010 1308 1010 1308 879 1306 878 1309 1010 1308 878 1309 877 1310 1010 1308 877 1310 1009 1311 1009 1311 877 1310 876 1312 1009 1311 876 1312 875 1313 1009 1311 875 1313 1008 1314 1008 1314 875 1313 874 1315 1008 1314 874 1315 1007 1316 1007 1316 874 1315 873 1317 1007 1316 873 1317 872 1318 1007 1316 872 1318 1006 1319 1006 1319 872 1318 871 1320 1006 1319 871 1320 1005 1321 1005 1321 871 1320 870 1322 1005 1321 870 1322 869 1323 1005 1321 869 1323 1004 1324 1004 1324 869 1323 868 1325 1004 1324 868 1325 867 1326 1004 1324 867 1326 1003 1327 1003 1327 867 1326 866 1328 1003 1327 866 1328 1002 1329 1002 1329 866 1328 865 1330 1002 1329 865 1330 864 1331 25 1332 24 1333 848 1334 848 1334 24 1333 47 1335 848 1334 47 1335 46 1336 848 1334 46 1336 816 1337 816 1337 46 1336 45 1338 816 1337 45 1338 792 1339 792 1339 45 1338 44 1340 792 1339 44 1340 43 1341 43 1341 42 1342 792 1339 792 1339 42 1342 790 1343 790 1343 42 1342 1036 1344 790 1343 1036 1344 764 1345 764 1345 1036 1344 762 1346 762 1346 1036 1344 1037 1347 762 1346 1037 1347 1049 1348 1049 1348 1037 1347 1038 1349 1049 1348 1038 1349 1039 1350 42 1342 41 1351 1036 1344 1036 1344 41 1351 40 1352 1036 1344 40 1352 39 1353 39 1353 38 1354 1036 1344 1036 1344 38 1354 37 1355 1036 1344 37 1355 36 1356 1036 1344 36 1356 1035 1357 1035 1357 36 1356 35 1358 1035 1357 35 1358 34 1359 34 1359 33 1360 1035 1357 1035 1357 33 1360 32 1361 1035 1357 32 1361 850 1362 850 1362 32 1361 31 1363 850 1362 31 1363 30 1364 850 1362 30 1364 848 1334 848 1334 30 1364 29 1365 848 1334 29 1365 28 1366 28 1366 27 1367 848 1334 848 1334 27 1367 26 1368 848 1334 26 1368 25 1332 720 1369 738 1370 721 1371 721 1371 738 1370 750 1372 721 1371 750 1372 822 1373 822 1373 750 1372 749 1374 822 1373 749 1374 823 1375 823 1375 749 1374 748 1376 823 1375 748 1376 824 1377 824 1377 748 1376 747 1378 824 1377 747 1378 825 1379 825 1379 747 1378 892 1380 825 1379 892 1380 826 1381 826 1381 892 1380 827 1382 827 1382 892 1380 828 1383 828 1383 892 1380 910 1384 828 1383 910 1384 829 1385 829 1385 910 1384 852 1386 829 1385 852 1386 830 1387 830 1387 852 1386 856 1388 830 1387 856 1388 844 1389 844 1389 856 1388 840 1390 840 1390 856 1388 841 1391 841 1391 856 1388 858 1392 841 1391 858 1392 860 1393 730 1394 729 1395 720 1369 720 1369 729 1395 728 1396 720 1369 728 1396 727 1397 727 1397 726 1398 720 1369 720 1369 726 1398 725 1399 720 1369 725 1399 724 1400 724 1400 738 1370 720 1369 747 1378 746 1401 892 1380 892 1380 746 1401 745 1402 892 1380 745 1402 744 1403 744 1403 743 1404 892 1380 892 1380 743 1404 742 1405 892 1380 742 1405 741 1406 741 1406 740 1407 892 1380 892 1380 740 1407 762 1346 892 1380 762 1346 1011 1408 1011 1408 762 1346 1049 1348 764 1345 766 1409 790 1343 790 1343 766 1409 772 1410 772 1410 766 1409 773 1411 773 1411 766 1409 774 1412 774 1412 766 1409 775 1413 775 1413 766 1409 776 1414 776 1414 766 1409 777 1415 777 1415 766 1409 778 1416 778 1416 766 1409 779 1417 779 1417 766 1409 780 1418 780 1418 766 1409 770 1419 770 1419 766 1409 768 1420 794 1421 796 1422 792 1339 792 1339 796 1422 806 1423 792 1339 806 1423 805 1424 805 1424 804 1425 792 1339 792 1339 804 1425 803 1426 792 1339 803 1426 802 1427 802 1427 801 1428 792 1339 792 1339 801 1428 800 1429 792 1339 800 1429 799 1430 799 1430 798 1431 792 1339 792 1339 798 1431 816 1337 816 1337 818 1432 848 1334 848 1334 818 1432 846 1433 846 1433 818 1432 844 1389 844 1389 818 1432 820 1434 844 1389 820 1434 830 1387 850 1362 841 1391 1035 1357 1035 1357 841 1391 860 1393 1035 1357 860 1393 1034 1435 1034 1435 860 1393 1033 1436 1033 1436 860 1393 1022 1437 1033 1436 1022 1437 1032 1438 1032 1438 1022 1437 1031 1439 1031 1439 1022 1437 1030 1440 1030 1440 1022 1437 1029 1441 1029 1441 1022 1437 1028 1442 1028 1442 1022 1437 1027 1443 1027 1443 1022 1437 1026 1444 1026 1444 1022 1437 1025 1445 1025 1445 1022 1437 1024 1446 1024 1446 1022 1437 1023 1447 852 1386 910 1384 853 1448 853 1448 910 1384 1021 1449 853 1448 1021 1449 1022 1437 862 1450 853 1448 860 1393 860 1393 853 1448 1022 1437 864 1451 892 1380 1002 1452 1002 1452 892 1380 1003 1453 1003 1453 892 1380 1004 1454 1004 1454 892 1380 1005 1455 1005 1455 892 1380 1006 1456 1006 1456 892 1380 1007 1457 1007 1457 892 1380 1008 1458 1008 1458 892 1380 1009 1459 1009 1459 892 1380 1010 1460 1010 1460 892 1380 1011 1408 909 1461 1012 1462 910 1384 910 1384 1012 1462 1013 1463 910 1384 1013 1463 1014 1464 1014 1464 1015 1465 910 1384 910 1384 1015 1465 1016 1466 910 1384 1016 1466 1017 1467 1017 1467 1018 1468 910 1384 910 1384 1018 1468 1019 1469 910 1384 1019 1469 1020 1470 1020 1470 1021 1449 910 1384 1039 1350 1040 1471 1049 1348 1049 1348 1040 1471 1041 1472 1049 1348 1041 1472 1042 1473 1042 1473 1043 1474 1049 1348 1049 1348 1043 1474 1044 1475 1049 1348 1044 1475 1045 1476 1045 1476 1046 1477 1049 1348 1049 1348 1046 1477 1047 1478 1049 1348 1047 1478 1048 1479 930 1480 1053 1481 931 1482 931 1482 1053 1481 1054 1483 931 1482 1054 1483 934 1484 934 1484 1054 1483 935 1485 935 1485 1054 1483 1055 1486 935 1485 1055 1486 936 1487 936 1487 1055 1486 1056 1488 936 1487 1056 1488 937 1489 937 1489 1056 1488 938 1490 938 1490 1056 1488 1057 1491 938 1490 1057 1491 939 1492 939 1492 1057 1491 1058 1493 939 1492 1058 1493 940 1494 940 1494 1058 1493 941 1495 941 1495 1058 1493 1059 1496 941 1495 1059 1496 942 1497 942 1497 1059 1496 943 1498 943 1498 1059 1496 1060 1499 943 1498 1060 1499 944 1500 944 1500 1060 1499 945 1501 945 1501 1060 1499 1061 1502 945 1501 1061 1502 946 1503 946 1503 1061 1502 1062 1504 946 1503 1062 1504 947 1505 947 1505 1062 1504 948 1506 948 1506 1062 1504 1063 1507 948 1506 1063 1507 949 1508 1053 1481 930 1480 1052 1509 1052 1509 930 1480 929 1510 1052 1509 929 1510 1051 1511 1051 1511 929 1510 928 1512 1051 1511 928 1512 1050 1513 1050 1513 928 1512 927 1514 909 1515 908 1516 1012 1517 1012 1517 908 1516 907 1518 1012 1517 907 1518 1013 1519 1013 1519 907 1518 906 1520 1013 1519 906 1520 905 1521 1013 1519 905 1521 1014 1522 1014 1522 905 1521 904 1523 1014 1522 904 1523 1015 1524 1015 1524 904 1523 903 1525 1015 1524 903 1525 902 1526 1015 1524 902 1526 1016 1527 1016 1527 902 1526 901 1528 1016 1527 901 1528 1017 1529 1017 1529 901 1528 900 1530 1017 1529 900 1530 899 1531 1017 1529 899 1531 1018 1532 1018 1532 899 1531 898 1533 1018 1532 898 1533 897 1534 1018 1532 897 1534 1019 1535 1019 1535 897 1534 896 1536 1019 1535 896 1536 1020 1537 1020 1537 896 1536 895 1538 1020 1537 895 1538 894 1539 893 1540 1021 1541 894 1539 894 1539 1021 1541 1020 1537 383 1542 469 1543 360 1544 360 1544 469 1543 468 1545 360 1544 468 1545 361 1546 361 1546 468 1545 467 1547 361 1546 467 1547 362 1548 362 1548 467 1547 466 1549 362 1548 466 1549 363 1550 363 1550 466 1549 465 1551 363 1550 465 1551 364 1552 364 1552 465 1551 464 1553 364 1552 464 1553 365 1554 365 1554 464 1553 463 1555 365 1554 463 1555 1063 1507 1063 1507 463 1555 462 1556 1063 1507 462 1556 461 1557 469 1543 383 1542 470 1558 470 1558 383 1542 382 1559 470 1558 382 1559 471 1560 471 1560 382 1559 381 1561 471 1560 381 1561 472 1562 472 1562 381 1561 380 1563 472 1562 380 1563 473 1564 473 1564 380 1563 379 1565 473 1564 379 1565 950 1566 950 1566 379 1565 921 1567 921 1567 379 1565 1022 1568 921 1567 1022 1568 1021 1541 379 1565 378 1569 1022 1568 1022 1568 378 1569 377 1570 1022 1568 377 1570 376 1571 376 1571 375 1572 1022 1568 1022 1568 375 1572 374 1573 1022 1568 374 1573 373 1574 1022 1568 373 1574 1064 1575 1064 1575 373 1574 372 1576 1064 1575 372 1576 371 1577 371 1577 370 1578 1064 1575 1064 1575 370 1578 369 1579 1064 1575 369 1579 368 1580 368 1580 367 1581 1064 1575 1064 1575 367 1581 366 1582 1064 1575 366 1582 365 1554 457 1583 456 1584 949 1508 949 1508 456 1584 479 1585 949 1508 479 1585 478 1586 478 1586 477 1587 949 1508 949 1508 477 1587 476 1588 949 1508 476 1588 475 1589 949 1508 475 1589 950 1566 950 1566 475 1589 474 1590 950 1566 474 1590 473 1564 461 1557 460 1591 1063 1507 1063 1507 460 1591 459 1592 1063 1507 459 1592 458 1593 1063 1507 458 1593 949 1508 949 1508 458 1593 457 1583 893 1540 921 1567 1021 1541 1063 1507 1064 1575 365 1554 927 1514 926 1280 1050 1513 1050 1513 926 1280 1001 1279 575 1594 661 1595 552 1596 552 1596 661 1595 660 1597 552 1596 660 1597 553 1598 553 1598 660 1597 659 1599 553 1598 659 1599 554 1600 554 1600 659 1599 658 1601 554 1600 658 1601 555 1602 555 1602 658 1601 657 1603 555 1602 657 1603 556 1604 556 1604 657 1603 656 1605 556 1604 656 1605 557 1606 557 1606 656 1605 655 1607 557 1606 655 1607 988 1304 988 1304 655 1607 1065 1608 1065 1608 655 1607 654 1609 1065 1608 654 1609 653 1610 661 1595 575 1594 662 1611 662 1611 575 1594 574 1612 662 1611 574 1612 663 1613 663 1613 574 1612 573 1614 663 1613 573 1614 664 1615 664 1615 573 1614 572 1616 664 1615 572 1616 665 1617 665 1617 572 1616 571 1618 665 1617 571 1618 987 1619 987 1619 571 1618 570 1620 987 1619 570 1620 569 1621 987 1619 569 1621 961 1303 961 1303 569 1621 568 1622 961 1303 568 1622 567 1623 567 1623 566 1624 961 1303 961 1303 566 1624 565 1625 961 1303 565 1625 564 1626 564 1626 563 1627 961 1303 961 1303 563 1627 562 1628 961 1303 562 1628 988 1304 988 1304 562 1628 561 1629 988 1304 561 1629 560 1630 560 1630 559 1631 988 1304 988 1304 559 1631 558 1632 988 1304 558 1632 557 1606 649 1633 648 1634 1065 1608 1065 1608 648 1634 671 1635 1065 1608 671 1635 1049 1636 1049 1636 671 1635 670 1637 1049 1636 670 1637 669 1638 669 1638 668 1639 1049 1636 1049 1636 668 1639 667 1640 1049 1636 667 1640 666 1641 666 1641 665 1617 1049 1636 1049 1636 665 1617 881 1642 1049 1636 881 1642 1011 1307 1011 1307 881 1642 880 1305 653 1610 652 1643 1065 1608 1065 1608 652 1643 651 1644 1065 1608 651 1644 650 1645 650 1645 649 1633 1065 1608 987 1619 881 1642 665 1617 1036 1646 1066 1647 1037 1648 1037 1648 1066 1647 1067 1649 1037 1648 1067 1649 1038 1650 1038 1650 1067 1649 1068 1651 1038 1650 1068 1651 1039 1652 1039 1652 1068 1651 1069 1653 1039 1652 1069 1653 1040 1654 1040 1654 1069 1653 1070 1655 1040 1654 1070 1655 1041 1656 1041 1656 1070 1655 1071 1657 1041 1656 1071 1657 1042 1658 1042 1658 1071 1657 1072 1659 1042 1658 1072 1659 1043 1660 1043 1660 1072 1659 1073 1661 1043 1660 1073 1661 1044 1662 1044 1662 1073 1661 1074 1663 1044 1662 1074 1663 1045 1664 1045 1664 1074 1663 1075 1665 1045 1664 1075 1665 1046 1666 1046 1666 1075 1665 1076 1667 1046 1666 1076 1667 1047 1668 1047 1668 1076 1667 1077 1669 1047 1668 1077 1669 1048 1670 1048 1670 1077 1669 1078 1671 1048 1670 1078 1671 1049 1636 1049 1636 1078 1671 1065 1608 1079 1672 1066 1647 1035 1673 1035 1673 1066 1647 1036 1646 1022 1568 1064 1575 1023 1674 1023 1674 1064 1575 1080 1675 1023 1674 1080 1675 1024 1676 1024 1676 1080 1675 1081 1677 1024 1676 1081 1677 1025 1678 1025 1678 1081 1677 1082 1679 1025 1678 1082 1679 1026 1680 1026 1680 1082 1679 1083 1681 1026 1680 1083 1681 1027 1682 1027 1682 1083 1681 1084 1683 1027 1682 1084 1683 1028 1684 1028 1684 1084 1683 1085 1685 1028 1684 1085 1685 1029 1686 1029 1686 1085 1685 1086 1687 1029 1686 1086 1687 1030 1688 1030 1688 1086 1687 1087 1689 1030 1688 1087 1689 1031 1690 1031 1690 1087 1689 1088 1691 1031 1690 1088 1691 1032 1692 1032 1692 1088 1691 1089 1693 1032 1692 1089 1693 1033 1694 1033 1694 1089 1693 1090 1695 1033 1694 1090 1695 1034 1696 1034 1696 1090 1695 1091 1697 1034 1696 1091 1697 1035 1673 1035 1673 1091 1697 1079 1672 1091 1698 1064 1699 1079 1700 1079 1700 1064 1699 1063 1701 1079 1700 1063 1701 1050 1702 1050 1702 1063 1701 1051 1703 1051 1703 1063 1701 1052 1704 1052 1704 1063 1701 1053 1705 1053 1705 1063 1701 1054 1706 1054 1706 1063 1701 1055 1707 1055 1707 1063 1701 1056 1708 1056 1708 1063 1701 1057 1709 1057 1709 1063 1701 1058 1710 1058 1710 1063 1701 1059 1711 1059 1711 1063 1701 1060 1712 1060 1712 1063 1701 1061 1713 1061 1713 1063 1701 1062 1714 1091 1698 1090 1715 1064 1699 1064 1699 1090 1715 1089 1716 1064 1699 1089 1716 1088 1717 1088 1717 1087 1718 1064 1699 1064 1699 1087 1718 1086 1719 1064 1699 1086 1719 1085 1720 1085 1720 1084 1721 1064 1699 1064 1699 1084 1721 1083 1722 1064 1699 1083 1722 1082 1723 1082 1723 1081 1724 1064 1699 1064 1699 1081 1724 1080 1725 1079 1700 1050 1702 1066 1726 1066 1726 1050 1702 1001 1727 1066 1726 1001 1727 1078 1728 1078 1728 1001 1727 989 1729 1078 1728 989 1729 1065 1730 1065 1730 989 1729 988 1731 1001 1727 1000 1732 989 1729 989 1729 1000 1732 999 1733 989 1729 999 1733 998 1734 998 1734 997 1735 989 1729 989 1729 997 1735 996 1736 989 1729 996 1736 995 1737 995 1737 994 1738 989 1729 989 1729 994 1738 993 1739 989 1729 993 1739 992 1740 992 1740 991 1741 989 1729 989 1729 991 1741 990 1742 1077 1743 1076 1744 1078 1728 1078 1728 1076 1744 1075 1745 1078 1728 1075 1745 1074 1746 1074 1746 1073 1747 1078 1728 1078 1728 1073 1747 1072 1748 1078 1728 1072 1748 1071 1749 1071 1749 1070 1750 1078 1728 1078 1728 1070 1750 1069 1751 1078 1728 1069 1751 1068 1752 1068 1752 1067 1753 1078 1728 1078 1728 1067 1753 1066 1726</p>
        </triangles>
        <triangles material="Plastic_-_Matte__Blue_" count="12">
          <input semantic="VERTEX" source="#base_link-mesh-vertices" offset="0"/>
          <input semantic="NORMAL" source="#base_link-mesh-normals" offset="1"/>
          <p>1092 1754 1093 1755 1095 1756 1095 1756 1093 1755 1094 1757 1096 1758 1092 1759 1097 1760 1097 1760 1092 1759 1095 1761 1098 1762 1096 1763 1099 1764 1099 1764 1096 1763 1097 1765 1093 1766 1098 1767 1094 1768 1094 1768 1098 1767 1099 1769 1099 1770 1097 1771 1094 1772 1094 1772 1097 1771 1095 1773 1098 1774 1093 1775 1096 1776 1096 1776 1093 1775 1092 1777</p>
        </triangles>
      </mesh>
    </geometry>
  </library_geometries>
  <library_visual_scenes>
    <visual_scene id="Scene" name="Scene">
      <node id="base_link-node" name="base_link" type="NODE">
        <instance_geometry url="#base_link-mesh">
          <bind_material>
            <technique_common>
              <instance_material symbol="Plastic_-_Glossy__Black_" target="#Plastic_-_Glossy__Black_"/>
              <instance_material symbol="Plastic_-_Matte__Blue_" target="#Plastic_-_Matte__Blue_"/>
            </technique_common>
          </bind_material>
        </instance_geometry>
      </node>
    </visual_scene>
  </library_visual_scenes>
  <scene>
    <instance_visual_scene url="#Scene"/>
  </scene>
</COLLADA>
