<?xml version="1.0" encoding="utf-8"?>
<COLLADA xmlns="http://www.collada.org/2005/11/COLLADASchema" version="1.4.1">
  <asset>
    <contributor>
      <authoring_tool>Fusion URDF/XACRO Exporter</authoring_tool>
    </contributor>
    <created>2026-09-02T21:27:18Z</created>
    <modified>2026-09-02T21:27:18Z</modified>
    <unit name="meter" meter="1.0"/>
    <up_axis>Z_UP</up_axis>
  </asset>
  <library_effects>
    <effect id="Nylon_12__with_Formlabs_Fuse_1_3D_Printer_-effect">
      <profile_COMMON>
        <technique sid="common">
          <lambert>
            <emission><color>0 0 0 1</color></emission>
            <ambient><color>0.0000 0.0000 0.0000 1</color></ambient>
            <diffuse><color>0.2471 0.2471 0.2471 1</color></diffuse>
            <reflective><color>0 0 0 1</color></reflective>
            <transparent opaque="A_ONE"><color>1 1 1 1</color></transparent>
            <transparency><float>1</float></transparency>
          </lambert>
        </technique>
      </profile_COMMON>
    </effect>
  </library_effects>
  <library_materials>
    <material id="Nylon_12__with_Formlabs_Fuse_1_3D_Printer_" name="Nylon_12_(with_Formlabs_Fuse_1_3D_Printer)">
      <instance_effect url="#Nylon_12__with_Formlabs_Fuse_1_3D_Printer_-effect"/>
    </material>
  </library_materials>
  <library_geometries>
    <geometry id="zed2_camera_link-mesh" name="zed2_camera_link">
      <mesh>
        <source id="zed2_camera_link-mesh-positions">
          <float_array id="zed2_camera_link-mesh-positions-array" count="5364">-0.019264 0.016518 0.028545 -0.019221 0.016191 0.028534 -0.019095 0.015886 0.028524 -0.018894 0.015624 0.028515 -0.018632 0.015423 0.028509 -0.018327 0.015297 0.028505 -0.018000 0.015254 0.028503 -0.017673 0.015297 0.028505 -0.017368 0.015423 0.028509 -0.017106 0.015624 0.028515 -0.016905 0.015886 0.028524 -0.016779 0.016191 0.028534 -0.016735 0.016518 0.028545 -0.016779 0.016845 0.028555 -0.016905 0.017150 0.028565 -0.017106 0.017411 0.028574 -0.017368 0.017612 0.028580 -0.017673 0.017739 0.028585 -0.018000 0.017782 0.028586 -0.018327 0.017739 0.028585 -0.018632 0.017612 0.028580 -0.018894 0.017411 0.028574 -0.019095 0.017150 0.028565 -0.019221 0.016845 0.028555 -0.019764 0.016534 0.028045 -0.019704 0.016991 0.028060 -0.019528 0.017416 0.028074 -0.019248 0.017781 0.028086 -0.018882 0.018061 0.028095 -0.018457 0.018238 0.028101 -0.018000 0.018298 0.028103 -0.017543 0.018238 0.028101 -0.017118 0.018061 0.028095 -0.016752 0.017781 0.028086 -0.016472 0.017416 0.028074 -0.016296 0.016991 0.028060 -0.016235 0.016534 0.028045 -0.016296 0.016078 0.028030 -0.016472 0.015652 0.028016 -0.016752 0.015287 0.028004 -0.017118 0.015007 0.027995 -0.017543 0.014831 0.027989 -0.018000 0.014771 0.027987 -0.018457 0.014831 0.027989 -0.018882 0.015007 0.027995 -0.019248 0.015287 0.028004 -0.019528 0.015652 0.028016 -0.019704 0.016078 0.028030 -0.019281 0.016522 0.028415 -0.019331 0.016526 0.028295 -0.019411 0.016529 0.028191 -0.019514 0.016532 0.028112 -0.019635 0.016534 0.028062 -0.019238 0.016190 0.028404 -0.019286 0.016182 0.028283 -0.019363 0.016164 0.028179 -0.019463 0.016140 0.028099 -0.019579 0.016111 0.028048 -0.019110 0.015882 0.028394 -0.019153 0.015861 0.028273 -0.019222 0.015824 0.028168 -0.019312 0.015775 0.028087 -0.019416 0.015716 0.028035 -0.018906 0.015616 0.028386 -0.018941 0.015585 0.028264 -0.018998 0.015532 0.028159 -0.019071 0.015462 0.028077 -0.019156 0.015378 0.028024 -0.018641 0.015413 0.028379 -0.018666 0.015373 0.028257 -0.018705 0.015308 0.028151 -0.018757 0.015221 0.028069 -0.018817 0.015118 0.028016 -0.018332 0.015285 0.028375 -0.018345 0.015240 0.028253 -0.018365 0.015167 0.028147 -0.018392 0.015070 0.028064 -0.018423 0.014955 0.028010 -0.018000 0.015241 0.028373 -0.018000 0.015195 0.028251 -0.018000 0.015119 0.028145 -0.018000 0.015018 0.028062 -0.018000 0.014899 0.028009 -0.017668 0.015285 0.028375 -0.017655 0.015240 0.028253 -0.017635 0.015167 0.028147 -0.017608 0.015070 0.028064 -0.017577 0.014955 0.028010 -0.017359 0.015413 0.028379 -0.017334 0.015373 0.028257 -0.017294 0.015308 0.028151 -0.017243 0.015221 0.028069 -0.017182 0.015118 0.028016 -0.017094 0.015616 0.028386 -0.017058 0.015585 0.028264 -0.017002 0.015532 0.028159 -0.016929 0.015462 0.028077 -0.016844 0.015378 0.028024 -0.016890 0.015882 0.028394 -0.016847 0.015861 0.028273 -0.016778 0.015824 0.028168 -0.016688 0.015775 0.028087 -0.016584 0.015716 0.028035 -0.016762 0.016190 0.028404 -0.016714 0.016182 0.028283 -0.016637 0.016164 0.028179 -0.016537 0.016140 0.028099 -0.016421 0.016111 0.028048 -0.016718 0.016522 0.028415 -0.016668 0.016526 0.028295 -0.016589 0.016529 0.028191 -0.016485 0.016532 0.028112 -0.016365 0.016534 0.028062 -0.016762 0.016854 0.028426 -0.016714 0.016870 0.028306 -0.016637 0.016894 0.028203 -0.016537 0.016924 0.028125 -0.016421 0.016957 0.028076 -0.016890 0.017162 0.028436 -0.016847 0.017191 0.028316 -0.016778 0.017234 0.028214 -0.016688 0.017289 0.028137 -0.016584 0.017351 0.028089 -0.017094 0.017428 0.028445 -0.017058 0.017467 0.028325 -0.017002 0.017526 0.028224 -0.016929 0.017602 0.028147 -0.016844 0.017689 0.028100 -0.017359 0.017631 0.028452 -0.017334 0.017678 0.028332 -0.017294 0.017751 0.028231 -0.017243 0.017843 0.028155 -0.017182 0.017949 0.028108 -0.017668 0.017759 0.028456 -0.017655 0.017811 0.028337 -0.017635 0.017891 0.028236 -0.017608 0.017994 0.028160 -0.017577 0.018112 0.028113 -0.018000 0.017803 0.028457 -0.018000 0.017857 0.028338 -0.018000 0.017940 0.028237 -0.018000 0.018046 0.028161 -0.018000 0.018168 0.028115 -0.018332 0.017759 0.028456 -0.018345 0.017811 0.028337 -0.018365 0.017891 0.028236 -0.018392 0.017994 0.028160 -0.018423 0.018112 0.028113 -0.018641 0.017631 0.028452 -0.018666 0.017678 0.028332 -0.018705 0.017751 0.028231 -0.018757 0.017843 0.028155 -0.018817 0.017949 0.028108 -0.018906 0.017428 0.028445 -0.018941 0.017467 0.028325 -0.018998 0.017526 0.028224 -0.019071 0.017602 0.028147 -0.019156 0.017689 0.028100 -0.019110 0.017162 0.028436 -0.019153 0.017191 0.028316 -0.019222 0.017234 0.028214 -0.019312 0.017289 0.028137 -0.019416 0.017351 0.028089 -0.019238 0.016854 0.028426 -0.019286 0.016870 0.028306 -0.019363 0.016894 0.028203 -0.019463 0.016924 0.028125 -0.019579 0.016957 0.028076 -0.031069 0.030600 0.042371 -0.031027 0.030600 0.042692 -0.030903 0.030600 0.042990 -0.030706 0.030600 0.043247 -0.030449 0.030600 0.043444 -0.030151 0.030600 0.043568 -0.029830 0.030600 0.043610 -0.029509 0.030600 0.043568 -0.029210 0.030600 0.043444 -0.028954 0.030600 0.043247 -0.028757 0.030600 0.042990 -0.028633 0.030600 0.042692 -0.028591 0.030600 0.042371 -0.028633 0.030600 0.042050 -0.028757 0.030600 0.041751 -0.028954 0.030600 0.041495 -0.029210 0.030600 0.041298 -0.029509 0.030600 0.041174 -0.029830 0.030600 0.041132 -0.030151 0.030600 0.041174 -0.030449 0.030600 0.041298 -0.030706 0.030600 0.041495 -0.030903 0.030600 0.041751 -0.031027 0.030600 0.042050 -0.069600 0.030600 0.042371 -0.069487 0.030600 0.043836 -0.069153 0.030600 0.045267 -0.068603 0.030600 0.046631 -0.067852 0.030600 0.047894 -0.066917 0.030600 0.049028 -0.065820 0.030600 0.050006 -0.064586 0.030600 0.050805 -0.063245 0.030600 0.051406 -0.061828 0.030600 0.051795 -0.060368 0.030600 0.051964 -0.058899 0.030600 0.051908 -0.057456 0.030600 0.051628 -0.056073 0.030600 0.051131 -0.054782 0.030600 0.050429 -0.053613 0.030600 0.049538 -0.052594 0.030600 0.048479 -0.051748 0.030600 0.047277 -0.051096 0.030600 0.045960 -0.050652 0.030600 0.044558 -0.050428 0.030600 0.043106 -0.050428 0.030600 0.041636 -0.050652 0.030600 0.040183 -0.051096 0.030600 0.038782 -0.051748 0.030600 0.037465 -0.052594 0.030600 0.036263 -0.053613 0.030600 0.035204 -0.054782 0.030600 0.034313 -0.056073 0.030600 0.033611 -0.057456 0.030600 0.033114 -0.058899 0.030600 0.032834 -0.060368 0.030600 0.032778 -0.061828 0.030600 0.032946 -0.063245 0.030600 0.033336 -0.064586 0.030600 0.033937 -0.065820 0.030600 0.034736 -0.066917 0.030600 0.035714 -0.067852 0.030600 0.036848 -0.068603 0.030600 0.038111 -0.069153 0.030600 0.039474 -0.069487 0.030600 0.040905 0.050400 0.030600 0.042371 0.050513 0.030600 0.043836 0.050847 0.030600 0.045267 0.051397 0.030600 0.046631 0.052148 0.030600 0.047894 0.053083 0.030600 0.049028 0.054180 0.030600 0.050006 0.055414 0.030600 0.050805 0.056755 0.030600 0.051406 0.058172 0.030600 0.051795 0.059632 0.030600 0.051964 0.061101 0.030600 0.051908 0.062544 0.030600 0.051628 0.063927 0.030600 0.051131 0.065218 0.030600 0.050429 0.066387 0.030600 0.049538 0.067406 0.030600 0.048479 0.068252 0.030600 0.047277 0.068904 0.030600 0.045960 0.069348 0.030600 0.044558 0.069572 0.030600 0.043106 0.069572 0.030600 0.041636 0.069348 0.030600 0.040183 0.068904 0.030600 0.038782 0.068252 0.030600 0.037465 0.067406 0.030600 0.036263 0.066387 0.030600 0.035204 0.065218 0.030600 0.034313 0.063927 0.030600 0.033611 0.062544 0.030600 0.033114 0.061101 0.030600 0.032834 0.059632 0.030600 0.032778 0.058172 0.030600 0.032946 0.056755 0.030600 0.033336 0.055414 0.030600 0.033937 0.054180 0.030600 0.034736 0.053083 0.030600 0.035714 0.052148 0.030600 0.036848 0.051397 0.030600 0.038111 0.050847 0.030600 0.039474 0.050513 0.030600 0.040905 -0.031069 0.031600 0.042371 -0.031027 0.031600 0.042692 -0.030903 0.031600 0.042990 -0.030706 0.031600 0.043247 -0.030449 0.031600 0.043444 -0.030151 0.031600 0.043568 -0.029830 0.031600 0.043610 -0.029509 0.031600 0.043568 -0.029210 0.031600 0.043444 -0.028954 0.031600 0.043247 -0.028757 0.031600 0.042990 -0.028633 0.031600 0.042692 -0.028591 0.031600 0.042371 -0.028633 0.031600 0.042050 -0.028757 0.031600 0.041751 -0.028954 0.031600 0.041495 -0.029210 0.031600 0.041298 -0.029509 0.031600 0.041174 -0.029830 0.031600 0.041132 -0.030151 0.031600 0.041174 -0.030449 0.031600 0.041298 -0.030706 0.031600 0.041495 -0.030903 0.031600 0.041751 -0.031027 0.031600 0.042050 -0.069600 0.031600 0.042371 -0.069487 0.031600 0.043836 -0.069153 0.031600 0.045267 -0.068603 0.031600 0.046631 -0.067852 0.031600 0.047894 -0.066917 0.031600 0.049028 -0.065820 0.031600 0.050006 -0.064586 0.031600 0.050805 -0.063245 0.031600 0.051406 -0.061828 0.031600 0.051795 -0.060368 0.031600 0.051964 -0.058899 0.031600 0.051908 -0.057456 0.031600 0.051628 -0.056073 0.031600 0.051131 -0.054782 0.031600 0.050429 -0.053613 0.031600 0.049538 -0.052594 0.031600 0.048479 -0.051748 0.031600 0.047277 -0.051096 0.031600 0.045960 -0.050652 0.031600 0.044558 -0.050428 0.031600 0.043106 -0.050428 0.031600 0.041636 -0.050652 0.031600 0.040183 -0.051096 0.031600 0.038782 -0.051748 0.031600 0.037465 -0.052594 0.031600 0.036263 -0.053613 0.031600 0.035204 -0.054782 0.031600 0.034313 -0.056073 0.031600 0.033611 -0.057456 0.031600 0.033114 -0.058899 0.031600 0.032834 -0.060368 0.031600 0.032778 -0.061828 0.031600 0.032946 -0.063245 0.031600 0.033336 -0.064586 0.031600 0.033937 -0.065820 0.031600 0.034736 -0.066917 0.031600 0.035714 -0.067852 0.031600 0.036848 -0.068603 0.031600 0.038111 -0.069153 0.031600 0.039474 -0.069487 0.031600 0.040905 0.050400 0.031600 0.042371 0.050513 0.031600 0.043836 0.050847 0.031600 0.045267 0.051397 0.031600 0.046631 0.052148 0.031600 0.047894 0.053083 0.031600 0.049028 0.054180 0.031600 0.050006 0.055414 0.031600 0.050805 0.056755 0.031600 0.051406 0.058172 0.031600 0.051795 0.059632 0.031600 0.051964 0.061101 0.031600 0.051908 0.062544 0.031600 0.051628 0.063927 0.031600 0.051131 0.065218 0.031600 0.050429 0.066387 0.031600 0.049538 0.067406 0.031600 0.048479 0.068252 0.031600 0.047277 0.068904 0.031600 0.045960 0.069348 0.031600 0.044558 0.069572 0.031600 0.043106 0.069572 0.031600 0.041636 0.069348 0.031600 0.040183 0.068904 0.031600 0.038782 0.068252 0.031600 0.037465 0.067406 0.031600 0.036263 0.066387 0.031600 0.035204 0.065218 0.031600 0.034313 0.063927 0.031600 0.033611 0.062544 0.031600 0.033114 0.061101 0.031600 0.032834 0.059632 0.031600 0.032778 0.058172 0.031600 0.032946 0.056755 0.031600 0.033336 0.055414 0.031600 0.033937 0.054180 0.031600 0.034736 0.053083 0.031600 0.035714 0.052148 0.031600 0.036848 0.051397 0.031600 0.038111 0.050847 0.031600 0.039474 0.050513 0.031600 0.040905 0.002656 0.016306 0.035041 0.002582 0.015685 0.035021 0.002379 0.015132 0.035003 0.002057 0.014636 0.034986 0.001638 0.014220 0.034973 0.001140 0.013908 0.034962 0.000584 0.013719 0.034956 -0.000000 0.013656 0.034954 -0.000585 0.013719 0.034956 -0.001139 0.013908 0.034962 -0.001637 0.014219 0.034973 -0.002056 0.014634 0.034986 -0.002378 0.015130 0.035003 -0.002582 0.015685 0.035021 -0.002653 0.016274 0.035040 -0.002591 0.016867 0.035059 -0.002402 0.017433 0.035078 -0.002093 0.017942 0.035095 -0.001673 0.018367 0.035108 -0.001165 0.018688 0.035119 -0.000597 0.018892 0.035125 0.000000 0.018963 0.035127 0.000597 0.018892 0.035125 0.001164 0.018689 0.035119 0.001672 0.018367 0.035108 0.002093 0.017943 0.035094 0.002333 0.017575 0.035083 0.002510 0.017171 0.035069 0.002619 0.016745 0.035056 0.075500 0.031600 0.029539 -0.075500 0.031600 0.029539 -0.076597 0.031600 0.029619 -0.077677 0.031600 0.029857 -0.078738 0.031600 0.030255 -0.079744 0.031600 0.030797 -0.080396 0.031600 0.031245 -0.081014 0.031600 0.031749 -0.081746 0.031600 0.032464 -0.082413 0.031600 0.033249 -0.083089 0.031600 0.034214 -0.083675 0.031600 0.035244 -0.084234 0.031600 0.036479 -0.084677 0.031600 0.037768 -0.085024 0.031600 0.039187 -0.085256 0.031600 0.040776 -0.085332 0.031600 0.042382 -0.085254 0.031600 0.043987 -0.085020 0.031600 0.045576 -0.084675 0.031600 0.046983 -0.084200 0.031600 0.048347 -0.083946 0.031600 0.048939 -0.083381 0.031600 0.050041 -0.082770 0.031600 0.051008 -0.082075 0.031600 0.051909 -0.081384 0.031600 0.052648 -0.080436 0.031600 0.053466 -0.079277 0.031600 0.054217 -0.078367 0.031600 0.054645 -0.077667 0.031600 0.054887 -0.076951 0.031600 0.055063 -0.076228 0.031600 0.055168 -0.075500 0.031600 0.055203 0.075500 0.031600 0.055203 0.076223 0.031600 0.055168 0.076940 0.031600 0.055065 0.077651 0.031600 0.054892 0.078346 0.031600 0.054654 0.079251 0.031600 0.054232 0.080404 0.031600 0.053491 0.081026 0.031600 0.052982 0.081759 0.031600 0.052265 0.082425 0.031600 0.051478 0.083100 0.031600 0.050510 0.083685 0.031600 0.049478 0.084243 0.031600 0.048240 0.084685 0.031600 0.046949 0.085030 0.031600 0.045528 0.085257 0.031600 0.043952 0.085332 0.031600 0.042360 0.085255 0.031600 0.040768 0.085026 0.031600 0.039193 0.084679 0.031600 0.037774 0.084236 0.031600 0.036485 0.083678 0.031600 0.035250 0.083091 0.031600 0.034217 0.082416 0.031600 0.033252 0.081742 0.031600 0.032459 0.081064 0.031600 0.031795 0.080437 0.031600 0.031277 0.079279 0.031600 0.030525 0.078368 0.031600 0.030097 0.077666 0.031600 0.029854 0.076591 0.031600 0.029618 0.000000 0.019159 0.029131 0.000597 0.019088 0.029128 0.001164 0.018885 0.029122 0.001672 0.018564 0.029112 0.002094 0.018139 0.029099 0.002334 0.017771 0.029086 0.002510 0.017368 0.029072 0.002618 0.016941 0.029058 0.002657 0.016502 0.029045 0.000426 0.019025 0.032128 0.002630 0.016748 0.032804 0.002630 0.016773 0.032055 0.002543 0.017165 0.032067 0.002399 0.017542 0.032080 0.002093 0.018041 0.032096 0.001861 0.018298 0.032104 0.001596 0.018524 0.032112 0.001235 0.018751 0.032119 0.000841 0.018920 0.032124 0.000426 0.018976 0.033627 0.000841 0.018871 0.033624 0.001235 0.018702 0.033618 0.001596 0.018475 0.033611 0.001861 0.018249 0.033604 0.002093 0.017992 0.033595 0.002399 0.017493 0.033579 0.002543 0.017116 0.033567 0.002630 0.016724 0.033554 0.002543 0.017141 0.032817 0.002399 0.017517 0.032829 0.002093 0.018016 0.032846 0.001861 0.018274 0.032854 0.001596 0.018499 0.032861 0.001235 0.018726 0.032869 0.000841 0.018895 0.032874 0.000426 0.019001 0.032877 0.002585 0.015880 0.029026 0.002381 0.015326 0.029008 0.002059 0.014831 0.028991 0.001639 0.014415 0.028977 0.001140 0.014104 0.028966 0.000584 0.013914 0.028960 -0.000001 0.013851 0.028959 -0.000585 0.013913 0.028961 -0.001140 0.014102 0.028967 -0.001638 0.014414 0.028977 -0.002057 0.014829 0.028991 -0.002379 0.015326 0.029007 -0.002583 0.015881 0.029025 -0.002653 0.016470 0.029044 -0.002592 0.017063 0.029064 -0.002404 0.017630 0.029083 -0.002094 0.018139 0.029099 -0.001673 0.018563 0.029113 -0.001165 0.018885 0.029123 -0.000598 0.019088 0.029129 0.002582 0.015857 0.029774 0.002582 0.015832 0.030523 0.002582 0.015783 0.032022 0.002582 0.015746 0.033147 -0.000400 0.019097 0.030067 -0.000400 0.019066 0.031004 -0.000400 0.019029 0.032128 -0.000400 0.018980 0.033627 -0.000400 0.019115 0.029504 -0.000791 0.019022 0.029501 -0.001165 0.018872 0.029497 -0.001512 0.018670 0.029490 -0.001824 0.018419 0.029482 -0.002093 0.018126 0.029472 -0.002402 0.017617 0.029456 -0.002591 0.017050 0.029437 -0.002653 0.016457 0.029418 -0.002582 0.015869 0.029399 -0.002378 0.015314 0.029381 -0.002056 0.014818 0.029364 -0.001637 0.014403 0.029351 -0.001139 0.014092 0.029340 -0.000585 0.013903 0.029334 -0.000000 0.013840 0.029332 0.000584 0.013903 0.029334 0.001140 0.014092 0.029340 0.001638 0.014404 0.029351 0.002057 0.014819 0.029364 0.002379 0.015315 0.029381 0.002582 0.015869 0.029399 0.002582 0.015710 0.034271 0.002379 0.015156 0.034253 0.002057 0.014660 0.034237 0.001638 0.014245 0.034223 0.001140 0.013933 0.034213 0.000584 0.013744 0.034206 -0.000000 0.013681 0.034204 -0.000585 0.013744 0.034206 -0.001139 0.013933 0.034213 -0.001637 0.014244 0.034223 -0.002056 0.014659 0.034237 -0.002378 0.015155 0.034253 -0.002582 0.015710 0.034271 -0.002653 0.016298 0.034291 -0.002591 0.016891 0.034310 -0.002402 0.017458 0.034328 -0.002093 0.017967 0.034345 -0.001824 0.018260 0.034354 -0.001512 0.018510 0.034362 -0.001165 0.018713 0.034369 -0.000791 0.018863 0.034374 -0.000400 0.018956 0.034377 -0.000400 0.019103 0.029879 -0.000791 0.019010 0.029876 -0.001165 0.018860 0.029871 -0.001512 0.018657 0.029865 -0.001824 0.018407 0.029857 -0.002093 0.018114 0.029847 -0.002402 0.017605 0.029831 -0.002591 0.017038 0.029812 -0.002653 0.016445 0.029793 -0.002582 0.015856 0.029774 -0.002378 0.015302 0.029755 -0.002056 0.014806 0.029739 -0.001637 0.014391 0.029725 -0.001139 0.014080 0.029715 -0.000585 0.013891 0.029709 -0.000000 0.013828 0.029707 0.000584 0.013890 0.029709 0.001140 0.014080 0.029715 0.001638 0.014392 0.029725 0.002057 0.014807 0.029739 0.002379 0.015303 0.029755 0.002582 0.015844 0.030148 -0.000791 0.019003 0.030064 -0.001165 0.018853 0.030059 -0.001512 0.018651 0.030052 -0.001824 0.018401 0.030044 -0.002093 0.018108 0.030035 -0.002402 0.017598 0.030018 -0.002591 0.017032 0.030000 -0.002653 0.016439 0.029980 -0.002582 0.015850 0.029961 -0.002378 0.015296 0.029943 -0.002056 0.014800 0.029926 -0.001637 0.014385 0.029913 -0.001139 0.014073 0.029902 -0.000585 0.013885 0.029896 -0.000000 0.013821 0.029894 0.000584 0.013884 0.029896 0.001140 0.014074 0.029903 0.001638 0.014385 0.029913 0.002057 0.014801 0.029927 0.002379 0.015297 0.029943 0.002582 0.015850 0.029961 -0.000400 0.019091 0.030254 -0.000791 0.018997 0.030251 -0.001165 0.018847 0.030246 -0.001512 0.018645 0.030240 -0.001824 0.018395 0.030232 -0.002093 0.018102 0.030222 -0.002402 0.017592 0.030206 -0.002591 0.017026 0.030187 -0.002653 0.016433 0.030168 -0.002582 0.015844 0.030148 -0.002378 0.015290 0.030130 -0.002056 0.014793 0.030114 -0.001637 0.014378 0.030100 -0.001139 0.014067 0.030090 -0.000585 0.013878 0.030084 -0.000000 0.013815 0.030082 0.000584 0.013878 0.030084 0.001140 0.014067 0.030090 0.001638 0.014379 0.030100 0.002057 0.014795 0.030114 0.002379 0.015291 0.030130 0.002582 0.015808 0.031273 -0.000400 0.019084 0.030441 -0.000791 0.018991 0.030438 -0.001165 0.018841 0.030434 -0.001512 0.018639 0.030427 -0.001824 0.018389 0.030419 -0.002093 0.018095 0.030410 -0.002402 0.017586 0.030393 -0.002591 0.017020 0.030374 -0.002653 0.016427 0.030355 -0.002582 0.015838 0.030336 -0.002378 0.015284 0.030318 -0.002056 0.014787 0.030301 -0.001637 0.014372 0.030288 -0.001139 0.014061 0.030277 -0.000585 0.013872 0.030271 -0.000000 0.013809 0.030269 0.000584 0.013872 0.030271 0.001140 0.014061 0.030277 0.001638 0.014373 0.030288 0.002057 0.014789 0.030301 0.002379 0.015285 0.030318 0.002582 0.015838 0.030336 -0.000400 0.019078 0.030629 -0.000791 0.018985 0.030626 -0.001165 0.018835 0.030621 -0.001512 0.018633 0.030614 -0.001824 0.018383 0.030606 -0.002093 0.018089 0.030597 -0.002402 0.017580 0.030580 -0.002591 0.017014 0.030562 -0.002653 0.016421 0.030543 -0.002582 0.015832 0.030523 -0.002378 0.015277 0.030505 -0.002056 0.014781 0.030489 -0.001637 0.014366 0.030475 -0.001139 0.014055 0.030465 -0.000585 0.013866 0.030458 -0.000000 0.013803 0.030456 0.000584 0.013866 0.030458 0.001140 0.014055 0.030465 0.001638 0.014367 0.030475 0.002057 0.014783 0.030489 0.002379 0.015278 0.030505 0.002582 0.015771 0.032397 -0.000791 0.018973 0.031001 -0.001165 0.018823 0.030996 -0.001512 0.018621 0.030989 -0.001824 0.018370 0.030981 -0.002093 0.018077 0.030972 -0.002402 0.017568 0.030955 -0.002591 0.017001 0.030937 -0.002653 0.016408 0.030917 -0.002582 0.015820 0.030898 -0.002378 0.015265 0.030880 -0.002056 0.014769 0.030863 -0.001637 0.014354 0.030850 -0.001139 0.014043 0.030839 -0.000585 0.013854 0.030833 -0.000000 0.013791 0.030831 0.000584 0.013854 0.030833 0.001140 0.014043 0.030840 0.001638 0.014355 0.030850 0.002057 0.014770 0.030864 0.002379 0.015266 0.030880 0.002582 0.015820 0.030898 -0.000400 0.019054 0.031378 -0.000791 0.018961 0.031375 -0.001165 0.018811 0.031371 -0.001512 0.018608 0.031364 -0.001824 0.018358 0.031356 -0.002093 0.018065 0.031346 -0.002402 0.017556 0.031330 -0.002591 0.016989 0.031311 -0.002653 0.016396 0.031292 -0.002582 0.015808 0.031273 -0.002378 0.015253 0.031255 -0.002056 0.014757 0.031238 -0.001637 0.014342 0.031225 -0.001139 0.014031 0.031214 -0.000585 0.013842 0.031208 -0.000000 0.013779 0.031206 0.000584 0.013841 0.031208 0.001140 0.014031 0.031214 0.001638 0.014343 0.031225 0.002057 0.014758 0.031238 0.002379 0.015254 0.031255 -0.000400 0.019042 0.031753 -0.000791 0.018948 0.031750 -0.001165 0.018798 0.031745 -0.001512 0.018596 0.031739 -0.001824 0.018346 0.031731 -0.002093 0.018053 0.031721 -0.002402 0.017543 0.031705 -0.002591 0.016977 0.031686 -0.002653 0.016384 0.031667 -0.002582 0.015795 0.031648 -0.002378 0.015241 0.031629 -0.002056 0.014745 0.031613 -0.001637 0.014329 0.031599 -0.001139 0.014018 0.031589 -0.000585 0.013829 0.031583 -0.000000 0.013766 0.031581 0.000584 0.013829 0.031583 0.001140 0.014018 0.031589 0.001638 0.014330 0.031599 0.002057 0.014746 0.031613 0.002379 0.015242 0.031629 0.002582 0.015795 0.031648 -0.000791 0.018936 0.032125 -0.001165 0.018786 0.032120 -0.001512 0.018584 0.032114 -0.001824 0.018334 0.032106 -0.002093 0.018040 0.032096 -0.002402 0.017531 0.032080 -0.002591 0.016965 0.032061 -0.002653 0.016372 0.032042 -0.002582 0.015783 0.032022 -0.002378 0.015228 0.032004 -0.002056 0.014732 0.031988 -0.001637 0.014317 0.031974 -0.001139 0.014006 0.031964 -0.000585 0.013817 0.031958 -0.000000 0.013754 0.031956 0.000584 0.013817 0.031958 0.001140 0.014006 0.031964 0.001638 0.014318 0.031974 0.002057 0.014734 0.031988 0.002379 0.015230 0.032004 -0.000400 0.019017 0.032503 -0.000791 0.018924 0.032500 -0.001165 0.018774 0.032495 -0.001512 0.018572 0.032489 -0.001824 0.018321 0.032480 -0.002093 0.018028 0.032471 -0.002402 0.017519 0.032454 -0.002591 0.016952 0.032436 -0.002653 0.016359 0.032417 -0.002582 0.015771 0.032397 -0.002378 0.015216 0.032379 -0.002056 0.014720 0.032363 -0.001637 0.014305 0.032349 -0.001139 0.013994 0.032339 -0.000585 0.013805 0.032332 -0.000000 0.013742 0.032330 0.000584 0.013805 0.032332 0.001140 0.013994 0.032339 0.001638 0.014306 0.032349 0.002057 0.014721 0.032363 0.002379 0.015217 0.032379 -0.000400 0.019005 0.032878 -0.000791 0.018912 0.032875 -0.001165 0.018762 0.032870 -0.001512 0.018559 0.032863 -0.001824 0.018309 0.032855 -0.002093 0.018016 0.032846 -0.002402 0.017507 0.032829 -0.002591 0.016940 0.032811 -0.002653 0.016347 0.032791 -0.002582 0.015759 0.032772 -0.002378 0.015204 0.032754 -0.002056 0.014708 0.032737 -0.001637 0.014293 0.032724 -0.001139 0.013982 0.032713 -0.000585 0.013793 0.032707 -0.000000 0.013730 0.032705 0.000584 0.013793 0.032707 0.001140 0.013982 0.032714 0.001638 0.014294 0.032724 0.002057 0.014709 0.032738 0.002379 0.015205 0.032754 0.002582 0.015759 0.032772 -0.000400 0.018993 0.033252 -0.000791 0.018899 0.033249 -0.001165 0.018749 0.033245 -0.001512 0.018547 0.033238 -0.001824 0.018297 0.033230 -0.002093 0.018004 0.033221 -0.002402 0.017494 0.033204 -0.002591 0.016928 0.033185 -0.002653 0.016335 0.033166 -0.002582 0.015746 0.033147 -0.002378 0.015192 0.033129 -0.002056 0.014696 0.033112 -0.001637 0.014280 0.033099 -0.001139 0.013969 0.033088 -0.000585 0.013780 0.033082 -0.000000 0.013717 0.033080 0.000584 0.013780 0.033082 0.001140 0.013969 0.033088 0.001638 0.014281 0.033099 0.002057 0.014697 0.033112 0.002379 0.015193 0.033129 -0.000791 0.018887 0.033624 -0.001165 0.018737 0.033619 -0.001512 0.018535 0.033613 -0.001824 0.018285 0.033605 -0.002093 0.017991 0.033595 -0.002402 0.017482 0.033579 -0.002591 0.016916 0.033560 -0.002653 0.016323 0.033541 -0.002582 0.015734 0.033522 -0.002378 0.015179 0.033503 -0.002056 0.014683 0.033487 -0.001637 0.014268 0.033473 -0.001139 0.013957 0.033463 -0.000585 0.013768 0.033457 -0.000000 0.013705 0.033455 0.000584 0.013768 0.033457 0.001140 0.013957 0.033463 0.001638 0.014269 0.033473 0.002057 0.014685 0.033487 0.002379 0.015181 0.033503 0.002582 0.015734 0.033522 0.016736 0.016208 0.038040 0.016779 0.016535 0.038050 0.016905 0.016839 0.038060 0.017106 0.017101 0.038069 0.017368 0.017302 0.038075 0.017673 0.017428 0.038079 0.018000 0.017471 0.038081 0.018327 0.017428 0.038079 0.018632 0.017302 0.038075 0.018894 0.017101 0.038069 0.019095 0.016839 0.038060 0.019221 0.016535 0.038050 0.019265 0.016208 0.038040 0.019221 0.015880 0.038029 0.019095 0.015576 0.038019 0.018894 0.015314 0.038010 0.018632 0.015113 0.038004 0.018327 0.014987 0.038000 0.018000 0.014944 0.037998 0.017673 0.014987 0.038000 0.017368 0.015113 0.038004 0.017106 0.015314 0.038010 0.016905 0.015576 0.038019 0.016779 0.015880 0.038029 0.075500 0.030608 0.056268 -0.075500 0.030608 0.056268 0.075500 0.030608 0.028474 0.076325 0.030608 0.056229 0.077143 0.030608 0.056110 0.077951 0.030608 0.055914 0.078737 0.030608 0.055644 0.079757 0.030608 0.055169 0.080416 0.030608 0.054780 0.081044 0.030608 0.054342 0.081733 0.030608 0.053778 0.082539 0.030608 0.052990 0.083268 0.030608 0.052129 0.084001 0.030608 0.051078 0.084634 0.030608 0.049962 0.085234 0.030608 0.048631 0.085707 0.030608 0.047248 0.086075 0.030608 0.045732 0.086317 0.030608 0.044053 0.086397 0.030608 0.042359 0.086315 0.030608 0.040665 0.086071 0.030608 0.038988 0.085701 0.030608 0.037473 0.085227 0.030608 0.036093 0.084627 0.030608 0.034765 0.083992 0.030608 0.033649 0.083258 0.030608 0.032600 0.082520 0.030608 0.031732 0.081775 0.030608 0.031002 0.081082 0.030608 0.030429 0.080451 0.030608 0.029985 0.079788 0.030608 0.029590 0.078762 0.030608 0.029108 0.077967 0.030608 0.028832 0.076744 0.030608 0.028564 0.075694 0.031104 0.055733 0.075887 0.031104 0.055726 0.076085 0.031104 0.029027 0.075647 0.031104 0.029007 0.077817 0.031104 0.029343 0.076668 0.031104 0.029091 0.078565 0.031104 0.029602 0.079533 0.031104 0.030057 0.080160 0.031104 0.030431 0.081419 0.031104 0.031398 0.080760 0.031104 0.030853 0.082131 0.031104 0.032096 0.082837 0.031104 0.032926 0.083541 0.031104 0.033933 0.084153 0.031104 0.035008 0.084732 0.031104 0.036289 0.085190 0.031104 0.037624 0.085548 0.031104 0.039090 0.085785 0.031104 0.040717 0.085865 0.031104 0.042359 0.085787 0.031104 0.044003 0.085552 0.031104 0.045630 0.085196 0.031104 0.047099 0.084738 0.031104 0.048436 0.084160 0.031104 0.049720 0.083551 0.031104 0.050794 0.082847 0.031104 0.051804 0.082149 0.031104 0.052627 0.081380 0.031104 0.053380 0.080724 0.031104 0.053917 0.080128 0.031104 0.054332 0.078542 0.031104 0.055149 0.079504 0.031104 0.054700 0.077801 0.031104 0.055403 0.077041 0.031104 0.055587 0.076274 0.031104 0.055698 0.075573 0.031104 0.029006 0.075793 0.031104 0.029011 0.075597 0.031104 0.055735 -0.075500 0.030608 0.028474 -0.076751 0.030608 0.028565 -0.077980 0.030608 0.028836 -0.079180 0.030608 0.029286 -0.080309 0.030608 0.029894 -0.081036 0.030608 0.030394 -0.081719 0.030608 0.030951 -0.082526 0.030608 0.031738 -0.083255 0.030608 0.032596 -0.083989 0.030608 0.033645 -0.084623 0.030608 0.034759 -0.085224 0.030608 0.036087 -0.085699 0.030608 0.037467 -0.086069 0.030608 0.038982 -0.086316 0.030608 0.040674 -0.086397 0.030608 0.042383 -0.086314 0.030608 0.044090 -0.086065 0.030608 0.045783 -0.085696 0.030608 0.047285 -0.085187 0.030608 0.048746 -0.084914 0.030608 0.049381 -0.084306 0.030608 0.050569 -0.083644 0.030608 0.051617 -0.082885 0.030608 0.052600 -0.082127 0.030608 0.053411 -0.081080 0.030608 0.054314 -0.080449 0.030608 0.054758 -0.079787 0.030608 0.055153 -0.078761 0.030608 0.055635 -0.077969 0.030608 0.055909 -0.077155 0.030608 0.056108 -0.076331 0.030608 0.056228 -0.075647 0.031104 0.029007 -0.076088 0.031104 0.029028 -0.075890 0.031104 0.055726 -0.077053 0.031104 0.055585 -0.076279 0.031104 0.055698 -0.077818 0.031104 0.055398 -0.078564 0.031104 0.055140 -0.079532 0.031104 0.054685 -0.080159 0.031104 0.054311 -0.080758 0.031104 0.053890 -0.081418 0.031104 0.053345 -0.082480 0.031104 0.052255 -0.081756 0.031104 0.053029 -0.083207 0.031104 0.051312 -0.083844 0.031104 0.050305 -0.084430 0.031104 0.049160 -0.084694 0.031104 0.048547 -0.085185 0.031104 0.047134 -0.085542 0.031104 0.045680 -0.085784 0.031104 0.044039 -0.085865 0.031104 0.042382 -0.085786 0.031104 0.040725 -0.085547 0.031104 0.039084 -0.085188 0.031104 0.037618 -0.084729 0.031104 0.036283 -0.084149 0.031104 0.035001 -0.083539 0.031104 0.033930 -0.082834 0.031104 0.032922 -0.082136 0.031104 0.032101 -0.081367 0.031104 0.031350 -0.080716 0.031104 0.030820 -0.080026 0.031104 0.030346 -0.078959 0.031104 0.029770 -0.077829 0.031104 0.029347 -0.076674 0.031104 0.029092 -0.075695 0.031104 0.055733 -0.075794 0.031104 0.029011 -0.075574 0.031104 0.029006 0.000000 0.019854 0.028458 0.000654 0.019788 0.028456 0.001283 0.019595 0.028449 0.001865 0.019287 0.028438 0.002376 0.018875 0.028423 0.002793 0.018370 0.028404 0.003101 0.017789 0.028383 0.003293 0.017158 0.028361 0.003362 0.016502 0.028337 0.003303 0.015846 0.028313 0.003112 0.015216 0.028290 0.002799 0.014633 0.028269 0.002381 0.014119 0.028251 0.001874 0.013695 0.028236 0.001294 0.013383 0.028224 0.000661 0.013195 0.028218 0.000001 0.013133 0.028215 -0.000659 0.013196 0.028218 -0.001292 0.013386 0.028224 -0.001874 0.013699 0.028236 -0.002382 0.014122 0.028251 -0.002802 0.014635 0.028269 -0.003115 0.015217 0.028290 -0.003307 0.015846 0.028313 -0.003365 0.016501 0.028337 -0.003294 0.017157 0.028361 -0.003101 0.017788 0.028383 -0.002792 0.018369 0.028404 -0.002374 0.018874 0.028423 -0.001863 0.019287 0.028438 -0.001282 0.019595 0.028449 -0.000653 0.019788 0.028456 -0.003113 0.015778 0.028482 -0.002163 0.014154 0.028428 -0.000476 0.013345 0.028402 0.002164 0.014156 0.028428 0.003117 0.015777 0.028482 0.003116 0.017199 0.028528 0.000714 0.019614 0.028607 0.000675 0.019438 0.028781 0.001391 0.019373 0.028599 0.001315 0.019210 0.028774 0.002000 0.018992 0.028586 0.001891 0.018848 0.028762 0.002507 0.018487 0.028570 0.002369 0.018370 0.028747 0.002773 0.018090 0.028557 0.002620 0.017996 0.028734 0.002977 0.017657 0.028543 0.002811 0.017586 0.028721 0.003187 0.016725 0.028513 0.003007 0.016706 0.028692 0.002941 0.017153 0.028707 0.003188 0.016248 0.028497 0.003008 0.016255 0.028678 0.002940 0.015812 0.028663 0.002762 0.014897 0.028453 0.002603 0.014983 0.028636 0.002803 0.015385 0.028649 0.002973 0.015324 0.028467 0.002490 0.014505 0.028440 0.002346 0.014614 0.028624 0.002039 0.014286 0.028613 0.001381 0.013621 0.028411 0.001301 0.013782 0.028597 0.001688 0.014006 0.028604 0.001793 0.013859 0.028419 0.000938 0.013449 0.028405 0.000883 0.013621 0.028591 0.000474 0.013346 0.028402 0.000446 0.013524 0.028588 0.000000 0.013492 0.028587 0.000001 0.013312 0.028401 -0.000448 0.013523 0.028588 -0.000940 0.013447 0.028405 -0.000885 0.013619 0.028591 -0.001382 0.013618 0.028411 -0.001301 0.013780 0.028597 -0.001792 0.013856 0.028419 -0.001688 0.014003 0.028604 -0.002038 0.014283 0.028613 -0.002488 0.014503 0.028440 -0.002344 0.014612 0.028624 -0.002759 0.014896 0.028453 -0.002600 0.014982 0.028636 -0.002970 0.015324 0.028467 -0.002800 0.015385 0.028649 -0.002936 0.015812 0.028663 -0.003193 0.016487 0.028505 -0.003013 0.016481 0.028685 -0.003114 0.017200 0.028528 -0.002940 0.017154 0.028707 -0.002884 0.017879 0.028550 -0.002723 0.017796 0.028728 -0.002509 0.018487 0.028570 -0.002371 0.018371 0.028747 -0.002002 0.018992 0.028586 -0.001892 0.018849 0.028762 -0.001392 0.019373 0.028599 -0.001316 0.019210 0.028774 -0.000714 0.019614 0.028607 -0.000675 0.019438 0.028781 0.016736 0.016518 0.028545 0.016779 0.016845 0.028555 0.016905 0.017150 0.028565 0.017106 0.017411 0.028574 0.017368 0.017612 0.028580 0.017673 0.017739 0.028585 0.018000 0.017782 0.028586 0.018327 0.017739 0.028585 0.018632 0.017612 0.028580 0.018894 0.017411 0.028574 0.019095 0.017150 0.028565 0.019221 0.016845 0.028555 0.019265 0.016518 0.028545 0.019221 0.016191 0.028534 0.019095 0.015886 0.028524 0.018894 0.015624 0.028515 0.018632 0.015423 0.028509 0.018327 0.015297 0.028505 0.018000 0.015254 0.028503 0.017673 0.015297 0.028505 0.017368 0.015423 0.028509 0.017106 0.015624 0.028515 0.016905 0.015886 0.028524 0.016779 0.016191 0.028534 0.016736 0.016363 0.033292 0.016779 0.016036 0.033281 0.016905 0.015731 0.033271 0.017106 0.015469 0.033263 0.017368 0.015268 0.033256 0.017673 0.015142 0.033252 0.018000 0.015099 0.033251 0.018327 0.015142 0.033252 0.018632 0.015268 0.033256 0.018894 0.015469 0.033263 0.019095 0.015731 0.033271 0.019221 0.016036 0.033281 0.019265 0.016363 0.033292 0.019221 0.016690 0.033303 0.019095 0.016995 0.033313 0.018894 0.017256 0.033321 0.018632 0.017457 0.033328 0.018327 0.017583 0.033332 0.018000 0.017626 0.033333 0.017673 0.017583 0.033332 0.017368 0.017457 0.033328 0.017106 0.017256 0.033321 0.016905 0.016995 0.033313 0.016779 0.016690 0.033303 -0.075500 0.030607 0.056268 0.075500 0.030607 0.056268 0.076325 0.030607 0.056229 0.077143 0.030607 0.056110 0.077951 0.030607 0.055914 0.078737 0.030607 0.055644 0.079757 0.030607 0.055169 0.080416 0.030607 0.054780 0.081044 0.030607 0.054342 0.081733 0.030607 0.053778 0.082539 0.030607 0.052990 0.083268 0.030607 0.052129 0.084001 0.030607 0.051078 0.084634 0.030607 0.049962 0.085234 0.030607 0.048631 0.085707 0.030607 0.047248 0.086075 0.030607 0.045732 0.086317 0.030607 0.044053 0.086397 0.030607 0.042359 0.086315 0.030607 0.040665 0.086071 0.030607 0.038988 0.085701 0.030607 0.037473 0.085227 0.030607 0.036093 0.084627 0.030607 0.034765 0.083992 0.030607 0.033649 0.083258 0.030607 0.032600 0.082520 0.030607 0.031732 0.081775 0.030607 0.031002 0.081082 0.030607 0.030429 0.080451 0.030607 0.029985 0.079788 0.030607 0.029590 0.078762 0.030607 0.029108 0.077967 0.030607 0.028832 0.076744 0.030607 0.028564 0.075500 0.030607 0.028474 -0.075500 0.030607 0.028474 -0.076751 0.030607 0.028565 -0.077980 0.030607 0.028836 -0.079180 0.030607 0.029286 -0.080309 0.030607 0.029894 -0.081036 0.030607 0.030394 -0.081719 0.030607 0.030951 -0.082526 0.030607 0.031738 -0.083255 0.030607 0.032596 -0.083989 0.030607 0.033645 -0.084623 0.030607 0.034759 -0.085224 0.030607 0.036087 -0.085699 0.030607 0.037467 -0.086069 0.030607 0.038982 -0.086316 0.030607 0.040674 -0.086397 0.030607 0.042383 -0.086314 0.030607 0.044090 -0.086065 0.030607 0.045783 -0.085696 0.030607 0.047285 -0.085187 0.030607 0.048746 -0.084914 0.030607 0.049381 -0.084306 0.030607 0.050569 -0.083644 0.030607 0.051617 -0.082885 0.030607 0.052600 -0.082127 0.030607 0.053411 -0.081080 0.030607 0.054314 -0.080449 0.030607 0.054758 -0.079787 0.030607 0.055153 -0.078761 0.030607 0.055635 -0.077969 0.030607 0.055909 -0.077155 0.030607 0.056108 -0.076331 0.030607 0.056228 0.075500 0.000000 0.057237 0.075500 0.007652 0.056987 0.075500 0.015304 0.056737 0.075500 0.022955 0.056487 0.075500 0.030607 0.056237 -0.075500 0.030607 0.056237 -0.075500 0.022955 0.056487 -0.075500 0.015304 0.056737 -0.075500 0.007652 0.056987 -0.075500 0.000000 0.057237 0.000000 0.020010 0.028335 0.000000 0.020190 0.028245 0.000000 0.020384 0.028191 0.000000 0.020582 0.028177 0.000794 0.020501 0.028175 0.001558 0.020266 0.028167 0.002264 0.019891 0.028155 0.002883 0.019390 0.028138 0.003387 0.018776 0.028118 0.003758 0.018071 0.028095 0.003987 0.017306 0.028070 0.004069 0.016511 0.028044 0.003994 0.015718 0.028018 0.003761 0.014957 0.027993 0.003381 0.014254 0.027970 0.002875 0.013635 0.027950 0.002261 0.013124 0.027933 0.001561 0.012748 0.027921 0.000797 0.012522 0.027914 0.000002 0.012447 0.027911 -0.000794 0.012524 0.027914 -0.001559 0.012752 0.027921 -0.002261 0.013128 0.027934 -0.002876 0.013638 0.027950 -0.003385 0.014256 0.027970 -0.003766 0.014958 0.027993 -0.003999 0.015718 0.028018 -0.004072 0.016510 0.028044 -0.003989 0.017305 0.028070 -0.003758 0.018070 0.028095 -0.003385 0.018775 0.028118 -0.002880 0.019389 0.028138 -0.002262 0.019891 0.028155 -0.001557 0.020266 0.028167 -0.000793 0.020501 0.028175 0.003438 0.015723 0.028181 0.003790 0.015647 0.028034 0.002398 0.013919 0.028119 0.002641 0.013662 0.027969 -0.002399 0.013922 0.028119 -0.002189 0.013301 0.027957 -0.003443 0.015723 0.028181 -0.003622 0.015095 0.028016 -0.003429 0.017289 0.028235 -0.003783 0.017375 0.028091 0.000863 0.020291 0.028186 0.000823 0.020111 0.028235 0.000781 0.019928 0.028327 0.001684 0.020002 0.028177 0.001605 0.019836 0.028226 0.001525 0.019667 0.028318 0.002423 0.019543 0.028162 0.002309 0.019399 0.028211 0.002194 0.019252 0.028303 0.003039 0.018934 0.028142 0.002897 0.018819 0.028192 0.002753 0.018701 0.028284 0.003497 0.018198 0.028118 0.003334 0.018118 0.028168 0.003169 0.018035 0.028261 0.003781 0.017376 0.028091 0.003606 0.017334 0.028142 0.003428 0.017290 0.028235 0.003882 0.016511 0.028062 0.003703 0.016509 0.028115 0.003521 0.016506 0.028208 0.003615 0.015686 0.028087 0.003363 0.014572 0.027998 0.003209 0.014659 0.028053 0.003053 0.014746 0.028147 0.003283 0.015220 0.028164 0.003451 0.015157 0.028069 0.003618 0.015094 0.028016 0.003035 0.014091 0.027983 0.002896 0.014200 0.028037 0.002755 0.014309 0.028132 0.002520 0.013791 0.028024 0.001689 0.013005 0.027947 0.001613 0.013163 0.028003 0.001535 0.013321 0.028098 0.001989 0.013587 0.028107 0.002090 0.013441 0.028012 0.002190 0.013297 0.027957 0.001149 0.012795 0.027940 0.001097 0.012962 0.027996 0.001044 0.013131 0.028092 0.000582 0.012670 0.027936 0.000556 0.012843 0.027992 0.000529 0.013017 0.028088 -0.000579 0.012672 0.027936 -0.000553 0.012844 0.027992 -0.000526 0.013018 0.028088 0.000001 0.012979 0.028086 0.000002 0.012803 0.027991 0.000002 0.012629 0.027935 -0.001147 0.012798 0.027940 -0.001095 0.012965 0.027996 -0.001042 0.013133 0.028092 -0.001688 0.013008 0.027947 -0.001611 0.013166 0.028003 -0.001533 0.013325 0.028098 -0.002090 0.013445 0.028012 -0.001988 0.013590 0.028108 -0.003037 0.014094 0.027983 -0.002898 0.014202 0.028037 -0.002757 0.014311 0.028132 -0.002521 0.013794 0.028024 -0.002642 0.013666 0.027969 -0.003367 0.014573 0.027998 -0.003212 0.014661 0.028053 -0.003056 0.014748 0.028148 -0.003456 0.015158 0.028069 -0.003287 0.015221 0.028164 -0.003878 0.016220 0.028053 -0.003698 0.016232 0.028105 -0.003517 0.016242 0.028199 -0.003620 0.015686 0.028087 -0.003795 0.015647 0.028034 -0.003873 0.016800 0.028072 -0.003693 0.016785 0.028124 -0.003512 0.016768 0.028217 -0.003607 0.017333 0.028142 -0.003362 0.018454 0.028126 -0.003205 0.018362 0.028177 -0.003046 0.018267 0.028269 -0.003273 0.017793 0.028253 -0.003443 0.017862 0.028160 -0.003611 0.017930 0.028109 -0.003037 0.018933 0.028142 -0.002895 0.018818 0.028192 -0.002751 0.018700 0.028284 -0.002421 0.019542 0.028162 -0.002307 0.019398 0.028211 -0.002192 0.019251 0.028303 -0.001683 0.020001 0.028177 -0.001604 0.019835 0.028226 -0.001524 0.019666 0.028318 -0.000863 0.020291 0.028186 -0.000822 0.020111 0.028235 -0.000781 0.019928 0.028327 0.016236 0.016534 0.028045 0.016296 0.016991 0.028060 0.016472 0.017416 0.028074 0.016752 0.017781 0.028086 0.017118 0.018061 0.028095 0.017543 0.018238 0.028101 0.018000 0.018298 0.028103 0.018457 0.018238 0.028101 0.018882 0.018061 0.028095 0.019248 0.017781 0.028086 0.019528 0.017416 0.028074 0.019704 0.016991 0.028060 0.019765 0.016534 0.028045 0.019704 0.016078 0.028030 0.019528 0.015652 0.028016 0.019248 0.015287 0.028004 0.018882 0.015007 0.027995 0.018457 0.014831 0.027989 0.018000 0.014771 0.027987 0.017543 0.014831 0.027989 0.017118 0.015007 0.027995 0.016752 0.015287 0.028004 0.016472 0.015652 0.028016 0.016296 0.016078 0.028030 0.016719 0.016522 0.028415 0.016669 0.016526 0.028295 0.016589 0.016529 0.028191 0.016486 0.016532 0.028112 0.016365 0.016534 0.028062 0.016762 0.016190 0.028404 0.016714 0.016182 0.028283 0.016637 0.016164 0.028179 0.016537 0.016140 0.028099 0.016421 0.016111 0.028048 0.016890 0.015882 0.028394 0.016847 0.015861 0.028273 0.016778 0.015824 0.028168 0.016688 0.015775 0.028087 0.016584 0.015716 0.028035 0.017094 0.015616 0.028386 0.017059 0.015585 0.028264 0.017002 0.015532 0.028159 0.016929 0.015462 0.028077 0.016844 0.015378 0.028024 0.017359 0.015413 0.028379 0.017334 0.015373 0.028257 0.017295 0.015308 0.028151 0.017243 0.015221 0.028069 0.017183 0.015118 0.028016 0.017668 0.015285 0.028375 0.017655 0.015240 0.028253 0.017635 0.015167 0.028147 0.017608 0.015070 0.028064 0.017577 0.014955 0.028010 0.018000 0.015241 0.028373 0.018000 0.015195 0.028251 0.018000 0.015119 0.028145 0.018000 0.015018 0.028062 0.018000 0.014899 0.028009 0.018332 0.015285 0.028375 0.018345 0.015240 0.028253 0.018365 0.015167 0.028147 0.018392 0.015070 0.028064 0.018423 0.014955 0.028010 0.018641 0.015413 0.028379 0.018666 0.015373 0.028257 0.018706 0.015308 0.028151 0.018757 0.015221 0.028069 0.018818 0.015118 0.028016 0.018906 0.015616 0.028386 0.018942 0.015585 0.028264 0.018998 0.015532 0.028159 0.019071 0.015462 0.028077 0.019156 0.015378 0.028024 0.019110 0.015882 0.028394 0.019153 0.015861 0.028273 0.019222 0.015824 0.028168 0.019312 0.015775 0.028087 0.019416 0.015716 0.028035 0.019238 0.016190 0.028404 0.019286 0.016182 0.028283 0.019363 0.016164 0.028179 0.019463 0.016140 0.028099 0.019579 0.016111 0.028048 0.019282 0.016522 0.028415 0.019332 0.016526 0.028295 0.019411 0.016529 0.028191 0.019515 0.016532 0.028112 0.019635 0.016534 0.028062 0.019238 0.016854 0.028426 0.019286 0.016870 0.028306 0.019363 0.016894 0.028203 0.019463 0.016924 0.028125 0.019579 0.016957 0.028076 0.019110 0.017162 0.028436 0.019153 0.017191 0.028316 0.019222 0.017234 0.028214 0.019312 0.017289 0.028137 0.019416 0.017351 0.028089 0.018906 0.017428 0.028445 0.018942 0.017467 0.028325 0.018998 0.017526 0.028224 0.019071 0.017602 0.028147 0.019156 0.017689 0.028100 0.018641 0.017631 0.028452 0.018666 0.017678 0.028332 0.018706 0.017751 0.028231 0.018757 0.017843 0.028155 0.018818 0.017949 0.028108 0.018332 0.017759 0.028456 0.018345 0.017811 0.028337 0.018365 0.017891 0.028236 0.018392 0.017994 0.028160 0.018423 0.018112 0.028113 0.018000 0.017803 0.028457 0.018000 0.017857 0.028338 0.018000 0.017940 0.028237 0.018000 0.018046 0.028161 0.018000 0.018168 0.028115 0.017668 0.017759 0.028456 0.017655 0.017811 0.028337 0.017635 0.017891 0.028236 0.017608 0.017994 0.028160 0.017577 0.018112 0.028113 0.017359 0.017631 0.028452 0.017334 0.017678 0.028332 0.017295 0.017751 0.028231 0.017243 0.017843 0.028155 0.017183 0.017949 0.028108 0.017094 0.017428 0.028445 0.017059 0.017467 0.028325 0.017002 0.017526 0.028224 0.016929 0.017602 0.028147 0.016844 0.017689 0.028100 0.016890 0.017162 0.028436 0.016847 0.017191 0.028316 0.016778 0.017234 0.028214 0.016688 0.017289 0.028137 0.016584 0.017351 0.028089 0.016762 0.016854 0.028426 0.016714 0.016870 0.028306 0.016637 0.016894 0.028203 0.016537 0.016924 0.028125 0.016421 0.016957 0.028076 -0.075500 0.000000 0.027505 0.075500 0.000000 0.027505 0.076539 0.000000 0.027561 0.077566 0.000000 0.027730 0.078572 0.000000 0.028007 0.079544 0.000000 0.028387 0.080559 0.000000 0.028912 0.081460 0.000000 0.029503 0.082251 0.000000 0.030130 0.082933 0.000000 0.030764 0.083871 0.000000 0.031813 0.084696 0.000000 0.032952 0.085408 0.000000 0.034167 0.086007 0.000000 0.035440 0.086602 0.000000 0.037104 0.087026 0.000000 0.038825 0.087280 0.000000 0.040580 0.087366 0.000000 0.042348 0.087285 0.000000 0.044117 0.087035 0.000000 0.045873 0.086615 0.000000 0.047596 0.086023 0.000000 0.049263 0.085424 0.000000 0.050545 0.084711 0.000000 0.051766 0.083885 0.000000 0.052911 0.082946 0.000000 0.053965 0.082180 0.000000 0.054674 0.081357 0.000000 0.055313 0.080481 0.000000 0.055875 0.079552 0.000000 0.056351 0.078580 0.000000 0.056732 0.077572 0.000000 0.057010 0.076543 0.000000 0.057180 -0.076539 0.000000 0.057180 -0.077565 0.000000 0.057012 -0.078571 0.000000 0.056735 -0.079543 0.000000 0.056355 -0.080548 0.000000 0.055835 -0.081447 0.000000 0.055248 -0.082241 0.000000 0.054621 -0.082932 0.000000 0.053978 -0.083870 0.000000 0.052930 -0.084695 0.000000 0.051791 -0.085407 0.000000 0.050577 -0.086006 0.000000 0.049303 -0.086602 0.000000 0.047637 -0.087026 0.000000 0.045914 -0.087280 0.000000 0.044158 -0.087366 0.000000 0.042391 -0.087284 0.000000 0.040624 -0.087034 0.000000 0.038868 -0.086614 0.000000 0.037146 -0.086023 0.000000 0.035479 -0.085424 0.000000 0.034197 -0.084711 0.000000 0.032976 -0.083885 0.000000 0.031831 -0.082945 0.000000 0.030777 -0.082180 0.000000 0.030068 -0.081357 0.000000 0.029429 -0.080480 0.000000 0.028867 -0.079552 0.000000 0.028391 -0.078580 0.000000 0.028010 -0.077572 0.000000 0.027731 -0.076542 0.000000 0.027562 0.075500 0.007652 0.027755 0.075500 0.015304 0.028005 0.075500 0.022955 0.028255 0.075500 0.030607 0.028505 0.076431 0.030607 0.028555 0.077351 0.030607 0.028707 0.078256 0.030607 0.028956 0.079133 0.030607 0.029299 0.080053 0.030607 0.029775 0.080875 0.030607 0.030314 0.081598 0.030607 0.030887 0.082225 0.030607 0.031471 0.083091 0.030607 0.032439 0.083857 0.030607 0.033498 0.084522 0.030607 0.034632 0.085084 0.030607 0.035826 0.085644 0.030607 0.037392 0.086044 0.030607 0.039017 0.086285 0.030607 0.040677 0.086366 0.030607 0.042351 0.086289 0.030607 0.044024 0.086052 0.030607 0.045685 0.085656 0.030607 0.047311 0.085099 0.030607 0.048879 0.084537 0.030607 0.050081 0.083872 0.030607 0.051222 0.083105 0.030607 0.052286 0.082236 0.030607 0.053260 0.081532 0.030607 0.053911 0.080780 0.030607 0.054496 0.079981 0.030607 0.055008 0.079141 0.030607 0.055439 0.078263 0.030607 0.055783 0.077357 0.030607 0.056034 0.076434 0.030607 0.056186 0.084748 0.015304 0.034001 0.076485 0.015304 0.028058 0.077458 0.015304 0.028218 0.078414 0.015304 0.028482 0.079338 0.015304 0.028843 0.080306 0.015304 0.029344 0.081167 0.015304 0.029908 0.081925 0.015304 0.030509 0.082579 0.015304 0.031118 0.083192 0.015304 0.031779 0.083759 0.015304 0.032483 0.084277 0.015304 0.033225 0.085546 0.015304 0.035633 0.085949 0.015304 0.036703 0.086279 0.015304 0.037801 0.086535 0.015304 0.038921 0.086718 0.015304 0.040057 0.086829 0.015304 0.041202 0.086787 0.015304 0.044070 0.086866 0.015304 0.042349 0.086543 0.015304 0.045779 0.086135 0.015304 0.047453 0.085561 0.015304 0.049071 0.084981 0.015304 0.050313 0.084292 0.015304 0.051494 0.083495 0.015304 0.052598 0.082591 0.015304 0.053612 0.081856 0.015304 0.054292 0.081069 0.015304 0.054905 0.080231 0.015304 0.055441 0.079347 0.015304 0.055895 0.078421 0.015304 0.056258 0.077465 0.015304 0.056522 0.076488 0.015304 0.056683 -0.075500 0.030607 0.028505 -0.076433 0.030607 0.028556 -0.077357 0.030607 0.028708 -0.078263 0.030607 0.028958 -0.079140 0.030607 0.029302 -0.079981 0.030607 0.029734 -0.080780 0.030607 0.030245 -0.081532 0.030607 0.030830 -0.082236 0.030607 0.031482 -0.083105 0.030607 0.032456 -0.083872 0.030607 0.033520 -0.084537 0.030607 0.034661 -0.085099 0.030607 0.035863 -0.085656 0.030607 0.037432 -0.086052 0.030607 0.039058 -0.086289 0.030607 0.040718 -0.086366 0.030607 0.042391 -0.086285 0.030607 0.044064 -0.086044 0.030607 0.045724 -0.085644 0.030607 0.047350 -0.085083 0.030607 0.048917 -0.084522 0.030607 0.050111 -0.083857 0.030607 0.051245 -0.083090 0.030607 0.052303 -0.082224 0.030607 0.053272 -0.081589 0.030607 0.053862 -0.080862 0.030607 0.054437 -0.080044 0.030607 0.054972 -0.079132 0.030607 0.055443 -0.078256 0.030607 0.055786 -0.077351 0.030607 0.056035 -0.076430 0.030607 0.056186 -0.075500 0.022955 0.028255 -0.075500 0.015304 0.028005 -0.075500 0.007652 0.027755 -0.086718 0.015304 0.044683 -0.084747 0.015304 0.050742 -0.076485 0.015304 0.056683 -0.077458 0.015304 0.056524 -0.078413 0.015304 0.056260 -0.079338 0.015304 0.055899 -0.080296 0.015304 0.055403 -0.081155 0.015304 0.054843 -0.081915 0.015304 0.054241 -0.082578 0.015304 0.053625 -0.083192 0.015304 0.052963 -0.083758 0.015304 0.052259 -0.084276 0.015304 0.051518 -0.085545 0.015304 0.049110 -0.085949 0.015304 0.048040 -0.086279 0.015304 0.046941 -0.086535 0.015304 0.045819 -0.086829 0.015304 0.043539 -0.086787 0.015304 0.040671 -0.086866 0.015304 0.042391 -0.086543 0.015304 0.038963 -0.086135 0.015304 0.037289 -0.085561 0.015304 0.035671 -0.084981 0.015304 0.034429 -0.084292 0.015304 0.033248 -0.083495 0.015304 0.032143 -0.082591 0.015304 0.031129 -0.081856 0.015304 0.030449 -0.081068 0.015304 0.029837 -0.080231 0.015304 0.029300 -0.079346 0.015304 0.028847 -0.078421 0.015304 0.028484 -0.077465 0.015304 0.028220 -0.076488 0.015304 0.028059 -0.019264 0.016208 0.038040 -0.019221 0.016535 0.038050 -0.019095 0.016839 0.038060 -0.018894 0.017101 0.038069 -0.018632 0.017302 0.038075 -0.018327 0.017428 0.038079 -0.018000 0.017471 0.038081 -0.017673 0.017428 0.038079 -0.017368 0.017302 0.038075 -0.017106 0.017101 0.038069 -0.016905 0.016839 0.038060 -0.016779 0.016535 0.038050 -0.016735 0.016208 0.038040 -0.016779 0.015880 0.038029 -0.016905 0.015576 0.038019 -0.017106 0.015314 0.038010 -0.017368 0.015113 0.038004 -0.017673 0.014987 0.038000 -0.018000 0.014944 0.037998 -0.018327 0.014987 0.038000 -0.018632 0.015113 0.038004 -0.018894 0.015314 0.038010 -0.019095 0.015576 0.038019 -0.019221 0.015880 0.038029 -0.019264 0.016363 0.033292 -0.019221 0.016036 0.033281 -0.019095 0.015731 0.033271 -0.018894 0.015469 0.033263 -0.018632 0.015268 0.033256 -0.018327 0.015142 0.033252 -0.018000 0.015099 0.033251 -0.017673 0.015142 0.033252 -0.017368 0.015268 0.033256 -0.017106 0.015469 0.033263 -0.016905 0.015731 0.033271 -0.016779 0.016036 0.033281 -0.016735 0.016363 0.033292 -0.016779 0.016690 0.033303 -0.016905 0.016995 0.033313 -0.017106 0.017256 0.033321 -0.017368 0.017457 0.033328 -0.017673 0.017583 0.033332 -0.018000 0.017626 0.033333 -0.018327 0.017583 0.033332 -0.018632 0.017457 0.033328 -0.018894 0.017256 0.033321 -0.019095 0.016995 0.033313 -0.019221 0.016690 0.033303</float_array>
          <technique_common>
            <accessor source="#zed2_camera_link-mesh-positions-array" count="1788" stride="3">
              <param name="X" type="float"/>
              <param name="Y" type="float"/>
              <param name="Z" type="float"/>
            </accessor>
          </technique_common>
        </source>
        <source id="zed2_camera_link-mesh-normals">
          <float_array id="zed2_camera_link-mesh-normals-array" count="7632">0.965926 0.258681 0.008452 0.933013 0.258318 -0.250517 1.000000 0.000000 -0.000000 0.965926 0.008452 -0.258681 0.965926 -0.258681 -0.008452 0.933013 -0.241415 -0.266845 0.866025 -0.499733 -0.016327 0.836516 -0.474254 -0.274452 0.707107 -0.706730 -0.023090 0.683013 -0.674197 -0.280985 0.500000 -0.865564 -0.028280 0.482963 -0.827618 -0.285997 0.258819 -0.965411 -0.031542 0.250000 -0.924063 -0.289148 -0.000000 -0.999467 -0.032655 -0.000000 -0.956959 -0.290223 -0.258819 -0.965411 -0.031542 -0.250000 -0.924063 -0.289148 -0.500000 -0.865564 -0.028280 -0.482963 -0.827618 -0.285997 -0.707107 -0.706730 -0.023090 -0.683013 -0.674197 -0.280985 -0.866025 -0.499733 -0.016327 -0.836516 -0.474254 -0.274452 -0.965926 -0.258681 -0.008452 -0.933013 -0.241415 -0.266845 -1.000000 0.000000 -0.000000 -0.965926 0.008452 -0.258681 -0.965926 0.258681 0.008452 -0.933013 0.258318 -0.250517 -0.866025 0.499733 0.016327 -0.836516 0.491157 -0.242910 -0.707107 0.706730 0.023090 -0.683013 0.691100 -0.236377 -0.500000 0.865564 0.028280 -0.482963 0.844522 -0.231365 -0.258819 0.965411 0.031542 -0.250000 0.940967 -0.228214 -0.000000 0.999467 0.032655 -0.000000 0.973862 -0.227139 0.258819 0.965411 0.031542 0.250000 0.940967 -0.228214 0.500000 0.865564 0.028280 0.482963 0.844522 -0.231365 0.707107 0.706730 0.023090 0.683013 0.691100 -0.236377 0.866025 0.499733 0.016327 0.836516 0.491157 -0.242910 0.000000 0.032655 -0.999467 0.250000 -0.035409 -0.967598 -0.000000 0.032655 -0.999467 0.258819 0.031542 -0.965411 -0.000000 0.032655 -0.999467 0.250000 0.098494 -0.963223 -0.000000 0.032655 -0.999467 0.224144 0.160883 -0.961185 -0.000000 0.032655 -0.999467 0.183013 0.214457 -0.959434 -0.000000 0.032655 -0.999467 0.129410 0.255566 -0.958091 -0.000000 0.032655 -0.999467 0.066987 0.281409 -0.957247 -0.000000 0.032655 -0.999467 -0.000000 0.290223 -0.956959 0.000000 0.032655 -0.999467 -0.066987 0.281409 -0.957247 0.000000 0.032655 -0.999467 -0.129410 0.255566 -0.958091 0.000000 0.032655 -0.999467 -0.183013 0.214457 -0.959434 0.000000 0.032655 -0.999467 -0.224144 0.160883 -0.961185 0.000000 0.032655 -0.999467 -0.250000 0.098494 -0.963223 -0.000000 0.032655 -0.999467 -0.258819 0.031542 -0.965411 -0.000000 0.032655 -0.999467 -0.250000 -0.035409 -0.967598 -0.000000 0.032655 -0.999467 -0.224144 -0.097798 -0.969637 -0.000000 0.032655 -0.999467 -0.183013 -0.151373 -0.971387 -0.000000 0.032655 -0.999467 -0.129410 -0.192482 -0.972730 -0.000000 0.032655 -0.999467 -0.066987 -0.218325 -0.973574 -0.000000 0.032655 -0.999467 -0.000000 -0.227139 -0.973862 0.000000 0.032655 -0.999467 0.066987 -0.218325 -0.973574 0.000000 0.032655 -0.999467 0.129410 -0.192482 -0.972730 0.000000 0.032655 -0.999467 0.183013 -0.151373 -0.971387 0.000000 0.032655 -0.999467 0.224144 -0.097798 -0.969637 0.866025 0.016327 -0.499733 0.836516 -0.207697 -0.507053 0.750000 -0.416454 -0.513873 0.612372 -0.595718 -0.519730 0.433013 -0.733273 -0.524224 0.224144 -0.819743 -0.527050 -0.000000 -0.849236 -0.528013 -0.224144 -0.819743 -0.527050 -0.433013 -0.733273 -0.524224 -0.612372 -0.595718 -0.519730 -0.750000 -0.416454 -0.513873 -0.836516 -0.207697 -0.507053 -0.866025 0.016327 -0.499733 -0.836516 0.240352 -0.492414 -0.750000 0.449109 -0.485593 -0.612372 0.628373 -0.479736 -0.433013 0.765927 -0.475242 -0.224144 0.852398 -0.472417 -0.000000 0.881891 -0.471453 0.224144 0.852398 -0.472417 0.433013 0.765927 -0.475242 0.612372 0.628373 -0.479736 0.750000 0.449109 -0.485593 0.836516 0.240352 -0.492414 0.707107 0.023090 -0.706730 0.683013 -0.159825 -0.712706 0.612372 -0.330274 -0.718275 0.500000 -0.476643 -0.723057 0.353553 -0.588955 -0.726727 0.183013 -0.659558 -0.729033 -0.000000 -0.683639 -0.729820 -0.183013 -0.659558 -0.729033 -0.353553 -0.588955 -0.726727 -0.500000 -0.476643 -0.723057 -0.612372 -0.330274 -0.718275 -0.683013 -0.159825 -0.712706 -0.707107 0.023090 -0.706730 -0.683013 0.206006 -0.700753 -0.612372 0.376455 -0.695184 -0.500000 0.522824 -0.690402 -0.353553 0.635136 -0.686733 -0.183013 0.705739 -0.684426 -0.000000 0.729820 -0.683639 0.183013 0.705739 -0.684426 0.353553 0.635136 -0.686733 0.500000 0.522824 -0.690402 0.612372 0.376455 -0.695184 0.683013 0.206006 -0.700753 0.500000 0.028280 -0.865564 0.482963 -0.101061 -0.869789 0.433013 -0.221587 -0.873727 0.353553 -0.325085 -0.877109 0.250000 -0.404502 -0.879704 0.129410 -0.454425 -0.881335 -0.000000 -0.471453 -0.881891 -0.129410 -0.454425 -0.881335 -0.250000 -0.404502 -0.879704 -0.353553 -0.325085 -0.877109 -0.433013 -0.221587 -0.873727 -0.482963 -0.101061 -0.869789 -0.500000 0.028280 -0.865564 -0.482963 0.157620 -0.861338 -0.433013 0.278147 -0.857400 -0.353553 0.381645 -0.854018 -0.250000 0.461062 -0.851424 -0.129410 0.510985 -0.849792 -0.000000 0.528013 -0.849236 0.129410 0.510985 -0.849792 0.250000 0.461062 -0.851424 0.353553 0.381645 -0.854018 0.433013 0.278147 -0.857400 0.482963 0.157620 -0.861338 0.000000 1.000000 0.000000 0.000000 1.000000 0.000000 0.000000 1.000000 0.000000 0.000000 1.000000 0.000000 0.000000 1.000000 0.000000 0.000000 1.000000 0.000000 0.000000 1.000000 0.000000 0.000000 1.000000 0.000000 0.000000 1.000000 0.000000 0.000000 1.000000 0.000000 0.000000 1.000000 0.000000 0.000000 1.000000 0.000000 0.000000 1.000000 0.000000 0.000000 1.000000 0.000000 0.000000 1.000000 0.000000 0.000000 1.000000 0.000000 0.000000 1.000000 0.000000 0.000000 1.000000 0.000000 0.000000 1.000000 0.000000 0.000000 1.000000 0.000000 0.000000 1.000000 0.000000 0.000000 1.000000 0.000000 0.000000 1.000000 0.000000 0.000000 1.000000 0.000000 0.000000 1.000000 0.000000 0.000000 1.000000 0.000000 0.000000 1.000000 0.000000 0.000000 1.000000 0.000000 0.000000 1.000000 0.000000 0.000000 1.000000 0.000000 0.000000 1.000000 0.000000 0.000000 1.000000 0.000000 0.000000 1.000000 0.000000 0.000000 1.000000 0.000000 0.000000 1.000000 0.000000 0.000000 1.000000 0.000000 0.000000 1.000000 0.000000 0.000000 1.000000 0.000000 0.000000 1.000000 0.000000 0.000000 1.000000 0.000000 0.000000 1.000000 0.000000 0.000000 1.000000 0.000000 0.000000 1.000000 0.000000 0.000000 1.000000 0.000000 0.000000 1.000000 0.000000 0.000000 1.000000 0.000000 0.000000 1.000000 0.000000 0.000000 1.000000 0.000000 0.000000 1.000000 0.000000 0.000000 1.000000 0.000000 0.000000 1.000000 0.000000 0.000000 1.000000 0.000000 0.000000 1.000000 0.000000 0.000000 1.000000 0.000000 0.000000 1.000000 0.000000 0.000000 1.000000 0.000000 0.000000 1.000000 0.000000 0.000000 1.000000 0.000000 0.000000 1.000000 0.000000 0.000000 1.000000 0.000000 0.000000 1.000000 0.000000 0.000000 1.000000 0.000000 0.000000 1.000000 0.000000 0.000000 1.000000 0.000000 0.000000 1.000000 0.000000 0.000000 1.000000 0.000000 0.000000 1.000000 0.000000 0.000000 1.000000 0.000000 0.000000 1.000000 0.000000 0.000000 1.000000 0.000000 0.000000 1.000000 0.000000 0.000000 1.000000 0.000000 0.000000 1.000000 0.000000 0.000000 1.000000 0.000000 0.000000 1.000000 0.000000 0.000000 1.000000 0.000000 0.000000 1.000000 0.000000 0.000000 1.000000 0.000000 0.000000 1.000000 0.000000 0.000000 1.000000 0.000000 0.000000 1.000000 0.000000 0.000000 1.000000 0.000000 0.000000 1.000000 0.000000 0.000000 1.000000 0.000000 0.000000 1.000000 0.000000 0.000000 1.000000 0.000000 0.000000 1.000000 0.000000 0.000000 1.000000 0.000000 0.000000 1.000000 0.000000 0.000000 1.000000 0.000000 0.000000 1.000000 0.000000 0.000000 1.000000 0.000000 0.000000 1.000000 0.000000 0.000000 1.000000 0.000000 0.000000 1.000000 0.000000 0.000000 1.000000 0.000000 0.000000 1.000000 0.000000 0.000000 1.000000 0.000000 0.000000 1.000000 0.000000 0.000000 1.000000 0.000000 0.000000 1.000000 0.000000 0.000000 1.000000 0.000000 0.000000 1.000000 0.000000 0.000000 1.000000 0.000000 0.000000 1.000000 0.000000 0.000000 1.000000 0.000000 0.965926 0.000000 0.258819 0.965926 0.000000 0.258819 1.000000 0.000000 0.000000 1.000000 0.000000 0.000000 0.965926 0.000000 -0.258819 0.965926 0.000000 -0.258819 0.866025 0.000000 -0.500000 0.866025 0.000000 -0.500000 0.707107 0.000000 -0.707107 0.707107 0.000000 -0.707107 0.500000 0.000000 -0.866025 0.500000 0.000000 -0.866025 0.258819 0.000000 -0.965926 0.258819 0.000000 -0.965926 0.000000 0.000000 -1.000000 0.000000 0.000000 -1.000000 -0.258819 -0.000000 -0.965926 -0.258819 -0.000000 -0.965926 -0.500000 -0.000000 -0.866025 -0.500000 -0.000000 -0.866025 -0.707107 -0.000000 -0.707107 -0.707107 -0.000000 -0.707107 -0.866025 -0.000000 -0.500000 -0.866025 -0.000000 -0.500000 -0.965926 -0.000000 -0.258819 -0.965926 -0.000000 -0.258819 -1.000000 0.000000 0.000000 -1.000000 0.000000 0.000000 -0.965926 0.000000 0.258819 -0.965926 0.000000 0.258819 -0.866025 0.000000 0.500000 -0.866025 0.000000 0.500000 -0.707107 0.000000 0.707107 -0.707107 0.000000 0.707107 -0.500000 0.000000 0.866025 -0.500000 0.000000 0.866025 -0.258819 0.000000 0.965926 -0.258819 0.000000 0.965926 0.000000 0.000000 1.000000 0.000000 0.000000 1.000000 0.258819 0.000000 0.965926 0.258819 0.000000 0.965926 0.500000 0.000000 0.866025 0.500000 0.000000 0.866025 0.707107 0.000000 0.707107 0.707107 0.000000 0.707107 0.866025 0.000000 0.500000 0.866025 0.000000 0.500000 0.988280 0.000000 0.152649 0.988280 0.000000 0.152649 1.000000 0.000000 0.000000 1.000000 0.000000 0.000000 0.988280 0.000000 -0.152649 0.988280 0.000000 -0.152649 0.953396 0.000000 -0.301721 0.953396 0.000000 -0.301721 0.896166 0.000000 -0.443720 0.896166 0.000000 -0.443720 0.817929 0.000000 -0.575319 0.817929 0.000000 -0.575319 0.720522 0.000000 -0.693433 0.720522 0.000000 -0.693433 0.606225 0.000000 -0.795293 0.606225 0.000000 -0.795293 0.477720 0.000000 -0.878512 0.477720 0.000000 -0.878512 0.338017 0.000000 -0.941140 0.338017 0.000000 -0.941140 0.190391 0.000000 -0.981708 0.190391 0.000000 -0.981708 0.038303 0.000000 -0.999266 0.038303 0.000000 -0.999266 -0.114683 -0.000000 -0.993402 -0.114683 -0.000000 -0.993402 -0.264982 -0.000000 -0.964253 -0.264982 -0.000000 -0.964253 -0.409069 -0.000000 -0.912504 -0.409069 -0.000000 -0.912504 -0.543568 -0.000000 -0.839365 -0.543568 -0.000000 -0.839365 -0.665326 -0.000000 -0.746553 -0.665326 -0.000000 -0.746553 -0.771489 -0.000000 -0.636242 -0.771489 -0.000000 -0.636242 -0.859570 -0.000000 -0.511019 -0.859570 -0.000000 -0.511019 -0.927502 -0.000000 -0.373817 -0.927502 -0.000000 -0.373817 -0.973695 -0.000000 -0.227854 -0.973695 -0.000000 -0.227854 -0.997066 -0.000000 -0.076549 -0.997066 -0.000000 -0.076549 -0.997066 0.000000 0.076549 -0.997066 0.000000 0.076549 -0.973695 0.000000 0.227854 -0.973695 0.000000 0.227854 -0.927502 0.000000 0.373817 -0.927502 0.000000 0.373817 -0.859570 0.000000 0.511019 -0.859570 0.000000 0.511019 -0.771489 0.000000 0.636242 -0.771489 0.000000 0.636242 -0.665326 0.000000 0.746553 -0.665326 0.000000 0.746553 -0.543568 0.000000 0.839365 -0.543568 0.000000 0.839365 -0.409069 0.000000 0.912504 -0.409069 0.000000 0.912504 -0.264982 0.000000 0.964253 -0.264982 0.000000 0.964253 -0.114683 0.000000 0.993402 -0.114683 0.000000 0.993402 0.038303 0.000000 0.999266 0.038303 0.000000 0.999266 0.190391 0.000000 0.981708 0.190391 0.000000 0.981708 0.338017 0.000000 0.941140 0.338017 0.000000 0.941140 0.477720 0.000000 0.878512 0.477720 0.000000 0.878512 0.606225 0.000000 0.795293 0.606225 0.000000 0.795293 0.720522 0.000000 0.693433 0.720522 0.000000 0.693433 0.817929 0.000000 0.575319 0.817929 0.000000 0.575319 0.896166 0.000000 0.443720 0.896166 0.000000 0.443720 0.953396 0.000000 0.301721 0.953396 0.000000 0.301721 0.988280 0.000000 0.152649 0.988280 0.000000 0.152649 1.000000 0.000000 0.000000 1.000000 0.000000 0.000000 0.988280 0.000000 -0.152649 0.988280 0.000000 -0.152649 0.953396 0.000000 -0.301721 0.953396 0.000000 -0.301721 0.896166 0.000000 -0.443720 0.896166 0.000000 -0.443720 0.817929 0.000000 -0.575319 0.817929 0.000000 -0.575319 0.720522 0.000000 -0.693433 0.720522 0.000000 -0.693433 0.606225 0.000000 -0.795293 0.606225 0.000000 -0.795293 0.477720 0.000000 -0.878512 0.477720 0.000000 -0.878512 0.338017 0.000000 -0.941140 0.338017 0.000000 -0.941140 0.190391 0.000000 -0.981708 0.190391 0.000000 -0.981708 0.038303 0.000000 -0.999266 0.038303 0.000000 -0.999266 -0.114683 -0.000000 -0.993402 -0.114683 -0.000000 -0.993402 -0.264982 -0.000000 -0.964253 -0.264982 -0.000000 -0.964253 -0.409069 -0.000000 -0.912504 -0.409069 -0.000000 -0.912504 -0.543568 -0.000000 -0.839365 -0.543568 -0.000000 -0.839365 -0.665326 -0.000000 -0.746553 -0.665326 -0.000000 -0.746553 -0.771489 -0.000000 -0.636242 -0.771489 -0.000000 -0.636242 -0.859570 -0.000000 -0.511019 -0.859570 -0.000000 -0.511019 -0.927502 -0.000000 -0.373817 -0.927502 -0.000000 -0.373817 -0.973695 -0.000000 -0.227854 -0.973695 -0.000000 -0.227854 -0.997066 -0.000000 -0.076549 -0.997066 -0.000000 -0.076549 -0.997066 0.000000 0.076549 -0.997066 0.000000 0.076549 -0.973695 0.000000 0.227854 -0.973695 0.000000 0.227854 -0.927502 0.000000 0.373817 -0.927502 0.000000 0.373817 -0.859570 0.000000 0.511019 -0.859570 0.000000 0.511019 -0.771489 0.000000 0.636242 -0.771489 0.000000 0.636242 -0.665326 0.000000 0.746553 -0.665326 0.000000 0.746553 -0.543568 0.000000 0.839365 -0.543568 0.000000 0.839365 -0.409069 0.000000 0.912504 -0.409069 0.000000 0.912504 -0.264982 0.000000 0.964253 -0.264982 0.000000 0.964253 -0.114683 0.000000 0.993402 -0.114683 0.000000 0.993402 0.038303 0.000000 0.999266 0.038303 0.000000 0.999266 0.190391 0.000000 0.981708 0.190391 0.000000 0.981708 0.338017 0.000000 0.941140 0.338017 0.000000 0.941140 0.477720 0.000000 0.878512 0.477720 0.000000 0.878512 0.606225 0.000000 0.795293 0.606225 0.000000 0.795293 0.720522 0.000000 0.693433 0.720522 0.000000 0.693433 0.817929 0.000000 0.575319 0.817929 0.000000 0.575319 0.896166 0.000000 0.443720 0.896166 0.000000 0.443720 0.953396 0.000000 0.301721 0.953396 0.000000 0.301721 -0.000000 0.032655 -0.999467 -0.000000 0.032655 -0.999467 -0.000000 0.032655 -0.999467 -0.000000 0.032655 -0.999467 -0.000000 0.032655 -0.999467 -0.000000 0.032655 -0.999467 -0.000000 0.032655 -0.999467 -0.000000 0.032655 -0.999467 -0.000000 0.032655 -0.999467 -0.000000 0.032655 -0.999467 -0.000000 0.032655 -0.999467 -0.000000 0.032655 -0.999467 -0.000000 0.032655 -0.999467 -0.000000 0.032655 -0.999467 -0.000000 0.032655 -0.999467 -0.000000 0.032655 -0.999467 -0.000000 0.032655 -0.999467 -0.000000 0.032655 -0.999467 -0.000000 0.032655 -0.999467 -0.000000 0.032655 -0.999467 -0.000000 0.032655 -0.999467 -0.000000 0.032655 -0.999467 -0.000000 0.032655 -0.999467 -0.000000 0.032655 -0.999467 -0.000000 0.032655 -0.999467 -0.000000 0.032655 -0.999467 -0.000000 0.032655 -0.999467 -0.000000 0.032655 -0.999467 -0.000000 0.032655 -0.999467 0.000000 1.000000 0.000000 0.000000 1.000000 0.000000 0.000000 1.000000 0.000000 0.000000 1.000000 0.000000 0.000000 1.000000 0.000000 0.000000 1.000000 0.000000 0.000000 1.000000 0.000000 0.000000 1.000000 0.000000 0.000000 1.000000 0.000000 0.000000 1.000000 0.000000 0.000000 1.000000 0.000000 0.000000 1.000000 0.000000 0.000000 1.000000 0.000000 0.000000 1.000000 0.000000 0.000000 1.000000 0.000000 0.000000 1.000000 0.000000 0.000000 1.000000 0.000000 0.000000 1.000000 0.000000 0.000000 1.000000 0.000000 0.000000 1.000000 0.000000 0.000000 1.000000 0.000000 0.000000 1.000000 0.000000 0.000000 1.000000 0.000000 0.000000 1.000000 0.000000 0.000000 1.000000 0.000000 0.000000 1.000000 0.000000 0.000000 1.000000 0.000000 0.000000 1.000000 0.000000 0.000000 1.000000 0.000000 0.000000 1.000000 0.000000 0.000000 1.000000 0.000000 0.000000 1.000000 0.000000 0.000000 1.000000 0.000000 0.000000 1.000000 0.000000 0.000000 1.000000 0.000000 0.000000 1.000000 0.000000 0.000000 1.000000 0.000000 0.000000 1.000000 0.000000 0.000000 1.000000 0.000000 0.000000 1.000000 0.000000 0.000000 1.000000 0.000000 0.000000 1.000000 0.000000 0.000000 1.000000 0.000000 0.000000 1.000000 0.000000 0.000000 1.000000 0.000000 0.000000 1.000000 0.000000 0.000000 1.000000 0.000000 0.000000 1.000000 0.000000 0.000000 1.000000 0.000000 0.000000 1.000000 0.000000 0.000000 1.000000 0.000000 0.000000 1.000000 0.000000 0.000000 1.000000 0.000000 0.000000 1.000000 0.000000 0.000000 1.000000 0.000000 0.000000 1.000000 0.000000 0.000000 1.000000 0.000000 0.000000 1.000000 0.000000 0.000000 1.000000 0.000000 0.000000 1.000000 0.000000 0.000000 1.000000 0.000000 0.000000 1.000000 0.000000 0.000000 1.000000 0.000000 0.000000 1.000000 0.000000 0.000000 1.000000 0.000000 0.000000 1.000000 0.000000 0.000000 1.000000 0.000000 0.000000 1.000000 0.000000 0.000000 1.000000 0.000000 0.000000 1.000000 0.000000 0.000000 1.000000 0.000000 0.000000 1.000000 0.000000 0.000000 1.000000 0.000000 0.000000 1.000000 0.000000 0.000000 1.000000 0.000000 0.000000 1.000000 0.000000 0.000000 1.000000 0.000000 0.000000 1.000000 0.000000 0.000000 1.000000 0.000000 0.000000 1.000000 0.000000 0.000000 1.000000 0.000000 0.000000 1.000000 0.000000 0.000000 1.000000 0.000000 0.000000 1.000000 0.000000 0.000000 1.000000 0.000000 0.000000 1.000000 0.000000 0.000000 1.000000 0.000000 0.000000 1.000000 0.000000 0.000000 1.000000 0.000000 0.000000 1.000000 0.000000 0.000000 1.000000 0.000000 0.000000 1.000000 0.000000 0.000000 1.000000 0.000000 0.000000 1.000000 0.000000 0.000000 1.000000 0.000000 0.000000 1.000000 0.000000 0.000000 1.000000 0.000000 0.000000 1.000000 0.000000 0.000000 1.000000 0.000000 0.000000 1.000000 0.000000 0.000000 1.000000 0.000000 0.000000 1.000000 0.000000 0.000000 1.000000 0.000000 0.000000 1.000000 0.000000 0.000000 1.000000 0.000000 0.000000 1.000000 0.000000 0.000000 1.000000 0.000000 0.000000 1.000000 0.000000 0.000000 1.000000 0.000000 0.000000 1.000000 0.000000 0.000000 1.000000 0.000000 0.000000 1.000000 0.000000 0.000000 1.000000 0.000000 0.000000 1.000000 0.000000 0.000000 1.000000 0.000000 0.000000 1.000000 0.000000 0.000000 1.000000 0.000000 0.000000 1.000000 0.000000 0.000000 1.000000 0.000000 0.000000 1.000000 0.000000 0.000000 1.000000 0.000000 0.000000 1.000000 0.000000 0.000000 1.000000 0.000000 0.000000 1.000000 0.000000 0.000000 1.000000 0.000000 0.000000 1.000000 0.000000 0.000000 1.000000 0.000000 0.000000 1.000000 0.000000 0.000000 1.000000 0.000000 0.000000 1.000000 0.000000 0.000000 1.000000 0.000000 0.000000 1.000000 0.000000 0.000000 1.000000 0.000000 0.000000 1.000000 0.000000 0.000000 1.000000 0.000000 0.000000 1.000000 0.000000 0.000000 1.000000 0.000000 0.000000 1.000000 0.000000 0.000000 1.000000 0.000000 0.000000 1.000000 0.000000 0.000000 1.000000 0.000000 0.000000 1.000000 0.000000 0.000000 1.000000 0.000000 0.000000 1.000000 0.000000 0.000000 1.000000 0.000000 0.000000 1.000000 0.000000 0.000000 1.000000 0.000000 0.000000 1.000000 0.000000 0.000000 1.000000 0.000000 0.000000 1.000000 0.000000 0.000000 1.000000 0.000000 0.000000 1.000000 0.000000 0.000000 1.000000 0.000000 0.000000 1.000000 0.000000 0.000000 1.000000 0.000000 0.000000 1.000000 0.000000 0.000000 1.000000 0.000000 0.000000 1.000000 0.000000 0.000000 1.000000 0.000000 0.000000 1.000000 0.000000 0.000000 1.000000 0.000000 0.000000 1.000000 0.000000 0.000000 1.000000 0.000000 0.000000 1.000000 0.000000 0.000000 1.000000 0.000000 0.000000 1.000000 0.000000 0.000000 1.000000 0.000000 0.000000 1.000000 0.000000 0.000000 1.000000 0.000000 0.000000 1.000000 0.000000 0.000000 -0.999467 -0.032655 0.000000 -0.999467 -0.032655 -0.167369 -0.985368 -0.032194 -0.232003 -0.972196 -0.031764 -0.322101 -0.946200 -0.030915 -0.439432 -0.897797 -0.029333 -0.464899 -0.884892 -0.028911 -0.596909 -0.801881 -0.026199 -0.464899 -0.884892 -0.028911 -0.596909 -0.801881 -0.026199 -0.464899 -0.884892 -0.028911 -0.596909 -0.801881 -0.026199 -0.439424 -0.897801 -0.029333 -0.624992 -0.780215 -0.025491 -0.696668 -0.717011 -0.023426 -0.788101 -0.615217 -0.020101 -0.788101 -0.615217 -0.020101 -0.880253 -0.474251 -0.015495 -0.904889 -0.425420 -0.013899 -0.945608 -0.325136 -0.010623 -0.957892 -0.286974 -0.009376 -0.985856 -0.167504 -0.005473 -0.989977 -0.141152 -0.004612 -1.000000 0.000032 0.000001 -0.989977 -0.141152 -0.004612 -0.989977 -0.141152 -0.004612 -0.957892 -0.286974 -0.009376 -0.957892 -0.286974 -0.009376 -0.904889 -0.425420 -0.013899 -0.904889 -0.425420 -0.013899 -0.788101 -0.615217 -0.020101 -0.788101 -0.615217 -0.020101 -0.696668 -0.717011 -0.023426 -0.696668 -0.717011 -0.023426 -0.624995 -0.780212 -0.025491 -0.788101 -0.615217 -0.020101 -0.880216 -0.474320 -0.015497 -0.945563 -0.325267 -0.010627 -0.985843 -0.167582 -0.005475 -1.000000 0.000032 0.000001 -0.322101 -0.946200 -0.030915 -0.231997 -0.972198 -0.031764 -0.167369 -0.985368 -0.032194 -0.167369 -0.985368 -0.032194 -0.322101 -0.946200 -0.030915 -0.972196 0.234043 0.007647 -0.972196 0.234044 0.007647 -1.000000 0.000726 0.000024 -0.972196 0.234044 0.007647 -0.972196 0.234044 0.007647 -0.893654 0.448518 0.014654 -0.893654 0.448518 0.014654 -0.776202 0.630148 0.020588 -0.776202 0.630148 0.020588 -0.622614 0.782111 0.025553 -0.622614 0.782111 0.025553 -0.429226 0.902715 0.029494 -0.429226 0.902715 0.029494 -0.214252 0.976258 0.031897 -0.214252 0.976258 0.031897 0.000219 0.999467 0.032655 0.000219 0.999467 0.032655 0.214502 0.976203 0.031895 0.214502 0.976203 0.031895 0.429083 0.902783 0.029496 0.429083 0.902783 0.029496 0.622255 0.782397 0.025563 0.622255 0.782397 0.025563 0.775781 0.630666 0.020605 0.775781 0.630666 0.020605 0.893416 0.448991 0.014670 0.893416 0.448991 0.014670 0.972186 0.234083 0.007648 0.972186 0.234083 0.007648 0.999984 0.005610 0.000183 0.999984 0.005610 0.000183 0.977521 -0.210723 -0.006885 0.977521 -0.210723 -0.006885 0.908571 -0.417508 -0.013641 0.908571 -0.417508 -0.013641 0.788253 -0.615023 -0.020094 0.788253 -0.615023 -0.020094 0.682159 -0.730813 -0.023877 0.682159 -0.730813 -0.023877 0.565534 -0.824285 -0.026931 0.565534 -0.824285 -0.026931 0.439684 -0.897673 -0.029329 0.439684 -0.897673 -0.029329 0.304166 -0.952111 -0.031108 0.304166 -0.952111 -0.031108 0.157817 -0.986942 -0.032246 0.157817 -0.986942 -0.032246 0.157817 -0.986942 -0.032246 0.157817 -0.986942 -0.032246 0.304166 -0.952111 -0.031108 0.304166 -0.952111 -0.031108 0.439684 -0.897673 -0.029329 0.439684 -0.897673 -0.029329 0.565534 -0.824285 -0.026931 0.565534 -0.824285 -0.026931 0.682159 -0.730813 -0.023877 0.682159 -0.730813 -0.023877 0.788253 -0.615023 -0.020094 0.788253 -0.615023 -0.020094 0.908571 -0.417508 -0.013641 0.908571 -0.417508 -0.013641 0.977521 -0.210723 -0.006885 0.977521 -0.210723 -0.006885 0.999984 0.005610 0.000183 0.999984 0.005610 0.000183 0.972186 0.234083 0.007648 0.972186 0.234083 0.007648 0.893416 0.448991 0.014670 0.893416 0.448991 0.014670 0.775781 0.630666 0.020605 0.775781 0.630666 0.020605 0.622255 0.782397 0.025563 -0.893684 0.448457 0.014652 -0.893654 0.448518 0.014654 -0.776274 0.630060 0.020585 -0.776202 0.630148 0.020588 -0.622665 0.782071 0.025552 -0.622614 0.782111 0.025553 -0.429226 0.902715 0.029494 -0.429226 0.902715 0.029494 -0.214222 0.976264 0.031897 -0.214252 0.976258 0.031897 0.000272 0.999467 0.032655 0.000219 0.999467 0.032655 0.214532 0.976196 0.031895 0.214502 0.976203 0.031895 0.429083 0.902783 0.029496 0.429083 0.902783 0.029496 0.622252 0.782399 0.025563 0.622255 0.782397 0.025563 0.775777 0.630670 0.020605 0.775781 0.630666 0.020605 0.893416 0.448991 0.014670 0.893415 0.448993 0.014670 0.972186 0.234083 0.007648 0.972187 0.234083 0.007648 0.999984 0.005568 0.000182 0.999984 0.005610 0.000183 0.977506 -0.210794 -0.006887 0.977521 -0.210723 -0.006885 0.908553 -0.417547 -0.013642 0.908571 -0.417508 -0.013641 0.788253 -0.615023 -0.020094 0.788253 -0.615024 -0.020094 0.682159 -0.730813 -0.023877 0.625048 -0.780170 -0.025490 0.565534 -0.824285 -0.026931 0.439724 -0.897654 -0.029328 0.439684 -0.897673 -0.029329 0.304166 -0.952111 -0.031108 0.232440 -0.972092 -0.031760 0.157817 -0.986942 -0.032246 0.157817 -0.986942 -0.032246 0.157817 -0.986942 -0.032246 0.157817 -0.986942 -0.032246 0.304166 -0.952111 -0.031108 0.304166 -0.952111 -0.031108 0.439684 -0.897673 -0.029329 0.439684 -0.897673 -0.029329 0.565534 -0.824285 -0.026931 0.232414 -0.972098 -0.031761 0.157817 -0.986942 -0.032246 0.157817 -0.986942 -0.032246 0.157817 -0.986942 -0.032246 0.304166 -0.952111 -0.031108 0.304166 -0.952111 -0.031108 0.439684 -0.897673 -0.029329 0.439684 -0.897673 -0.029329 0.565534 -0.824285 -0.026931 0.565534 -0.824285 -0.026931 0.682159 -0.730813 -0.023877 0.682159 -0.730813 -0.023877 0.788253 -0.615023 -0.020094 0.788253 -0.615023 -0.020094 0.908571 -0.417508 -0.013641 0.908571 -0.417508 -0.013641 0.977521 -0.210723 -0.006885 0.977521 -0.210723 -0.006885 0.999984 0.005610 0.000183 0.304166 -0.952111 -0.031108 0.439684 -0.897673 -0.029329 0.439684 -0.897673 -0.029329 0.565534 -0.824285 -0.026931 0.625029 -0.780185 -0.025490 0.682159 -0.730813 -0.023877 0.788253 -0.615023 -0.020094 0.788253 -0.615023 -0.020094 0.908571 -0.417508 -0.013641 0.908571 -0.417508 -0.013641 0.977521 -0.210723 -0.006885 0.977521 -0.210723 -0.006885 0.999984 0.005610 0.000183 0.999984 0.005610 0.000183 0.972186 0.234083 0.007648 0.972186 0.234083 0.007648 0.893416 0.448991 0.014670 0.622255 0.782397 0.025563 0.429083 0.902783 0.029496 0.429083 0.902783 0.029496 0.214502 0.976203 0.031895 0.214502 0.976203 0.031895 0.000219 0.999467 0.032655 0.000219 0.999467 0.032655 -0.214252 0.976258 0.031897 -0.214252 0.976258 0.031897 -0.429226 0.902715 0.029494 -0.429226 0.902715 0.029494 -0.622614 0.782111 0.025553 -0.622614 0.782111 0.025553 -0.776202 0.630148 0.020588 -0.776202 0.630148 0.020588 -0.893654 0.448518 0.014654 -0.893654 0.448518 0.014654 -0.972196 0.234044 0.007647 -0.972196 0.234044 0.007647 -1.000000 0.000726 0.000024 -0.972196 0.234044 0.007647 -0.972196 0.234044 0.007647 -0.893654 0.448518 0.014654 -0.893654 0.448518 0.014654 -0.776202 0.630148 0.020588 -0.776202 0.630148 0.020588 -0.622614 0.782111 0.025553 -0.622614 0.782111 0.025553 -0.429226 0.902715 0.029494 -0.429226 0.902715 0.029494 -0.214252 0.976258 0.031897 -0.214252 0.976258 0.031897 0.000219 0.999467 0.032655 0.000219 0.999467 0.032655 0.214502 0.976203 0.031895 0.214502 0.976203 0.031895 0.429083 0.902783 0.029496 0.429083 0.902783 0.029496 0.622255 0.782397 0.025563 0.622255 0.782397 0.025563 0.775781 0.630666 0.020605 -0.972196 0.234044 0.007647 -0.972196 0.234044 0.007647 -0.972196 0.234044 0.007647 -0.893654 0.448518 0.014654 -0.972196 0.234044 0.007647 -0.972196 0.234044 0.007647 -0.893654 0.448518 0.014654 -0.893654 0.448518 0.014654 -0.776202 0.630148 0.020588 -0.776202 0.630148 0.020588 -0.622614 0.782111 0.025553 -0.622614 0.782111 0.025553 -0.429226 0.902715 0.029494 -0.429226 0.902715 0.029494 -0.214252 0.976258 0.031897 -0.214252 0.976258 0.031897 0.000219 0.999467 0.032655 0.000219 0.999467 0.032655 0.214502 0.976203 0.031895 0.214502 0.976203 0.031895 0.429083 0.902783 0.029496 -0.972196 0.234044 0.007647 -0.893654 0.448518 0.014654 -0.776202 0.630148 0.020588 -0.622614 0.782111 0.025553 -0.429226 0.902715 0.029494 -0.214252 0.976258 0.031897 0.000219 0.999467 0.032655 -0.972196 0.234044 0.007647 -0.972196 0.234044 0.007647 -0.893654 0.448518 0.014654 -0.893654 0.448518 0.014654 -0.776202 0.630148 0.020588 -0.776202 0.630148 0.020588 -0.622614 0.782111 0.025553 -0.622614 0.782111 0.025553 -0.429226 0.902715 0.029494 -0.893654 0.448518 0.014654 -0.776202 0.630148 0.020588 0.157817 -0.986942 -0.032246 0.304166 -0.952111 -0.031108 0.157817 -0.986942 -0.032246 0.157817 -0.986942 -0.032246 0.304166 -0.952111 -0.031108 -0.893654 0.448518 0.014654 -0.776202 0.630148 0.020588 -0.776202 0.630148 0.020588 -0.622614 0.782111 0.025553 -0.622614 0.782111 0.025553 -0.622614 0.782111 0.025553 -0.429226 0.902715 0.029494 -0.429226 0.902715 0.029494 -0.429226 0.902715 0.029494 -0.429226 0.902715 0.029494 -0.214252 0.976258 0.031897 -0.214252 0.976258 0.031897 -0.214252 0.976258 0.031897 -0.214252 0.976258 0.031897 -0.214252 0.976258 0.031897 0.000219 0.999467 0.032655 0.000219 0.999467 0.032655 0.000219 0.999467 0.032655 0.000219 0.999467 0.032655 0.000219 0.999467 0.032655 0.000219 0.999467 0.032655 0.214502 0.976203 0.031895 0.214502 0.976203 0.031895 0.214502 0.976203 0.031895 0.214502 0.976203 0.031895 0.214502 0.976203 0.031895 0.214502 0.976203 0.031895 0.214502 0.976203 0.031895 0.429083 0.902783 0.029496 0.429083 0.902783 0.029496 0.429083 0.902783 0.029496 0.429083 0.902783 0.029496 0.429083 0.902783 0.029496 0.429083 0.902783 0.029496 0.429083 0.902783 0.029496 0.429083 0.902783 0.029496 0.622255 0.782397 0.025563 0.622255 0.782397 0.025563 0.622255 0.782397 0.025563 0.622255 0.782397 0.025563 0.622255 0.782397 0.025563 0.622255 0.782397 0.025563 0.622255 0.782397 0.025563 0.622255 0.782397 0.025563 0.622255 0.782397 0.025563 0.775781 0.630666 0.020605 0.775781 0.630666 0.020605 0.775781 0.630666 0.020605 0.775781 0.630666 0.020605 0.775781 0.630666 0.020605 0.775781 0.630666 0.020605 0.775781 0.630666 0.020605 0.775781 0.630666 0.020605 0.775781 0.630666 0.020605 0.775781 0.630666 0.020605 0.304166 -0.952111 -0.031108 0.439684 -0.897673 -0.029329 0.439684 -0.897673 -0.029329 0.565534 -0.824285 -0.026931 0.565534 -0.824285 -0.026931 0.565534 -0.824285 -0.026931 0.682159 -0.730813 -0.023877 0.682159 -0.730813 -0.023877 0.682159 -0.730813 -0.023877 0.682159 -0.730813 -0.023877 0.788253 -0.615023 -0.020094 0.788253 -0.615023 -0.020094 0.788253 -0.615023 -0.020094 0.788253 -0.615023 -0.020094 0.788253 -0.615023 -0.020094 0.908571 -0.417508 -0.013641 0.908571 -0.417508 -0.013641 0.908571 -0.417508 -0.013641 0.908571 -0.417508 -0.013641 0.908571 -0.417508 -0.013641 0.908571 -0.417508 -0.013641 0.977521 -0.210723 -0.006885 0.977521 -0.210723 -0.006885 0.977521 -0.210723 -0.006885 0.977521 -0.210723 -0.006885 0.977521 -0.210723 -0.006885 0.977521 -0.210723 -0.006885 0.977521 -0.210723 -0.006885 0.999984 0.005610 0.000183 0.999984 0.005610 0.000183 0.999984 0.005610 0.000183 0.999984 0.005610 0.000183 0.999984 0.005610 0.000183 0.999984 0.005610 0.000183 0.999984 0.005610 0.000183 0.999984 0.005610 0.000183 0.972186 0.234083 0.007648 0.972186 0.234083 0.007648 0.972186 0.234083 0.007648 0.972186 0.234083 0.007648 0.972186 0.234083 0.007648 0.972186 0.234083 0.007648 0.972186 0.234083 0.007648 0.972186 0.234083 0.007648 0.972186 0.234083 0.007648 0.893416 0.448991 0.014670 0.893416 0.448991 0.014670 0.893416 0.448991 0.014670 0.893416 0.448991 0.014670 0.893416 0.448991 0.014670 0.893416 0.448991 0.014670 0.893416 0.448991 0.014670 0.893416 0.448991 0.014670 0.893416 0.448991 0.014670 0.893416 0.448991 0.014670 -0.972196 0.234044 0.007647 -0.893654 0.448518 0.014654 -0.776202 0.630148 0.020588 -0.622614 0.782111 0.025553 -0.429226 0.902715 0.029494 -0.214252 0.976258 0.031897 0.157817 -0.986942 -0.032246 0.304166 -0.952111 -0.031108 0.304166 -0.952111 -0.031108 0.439684 -0.897673 -0.029329 0.439684 -0.897673 -0.029329 0.439684 -0.897673 -0.029329 0.565534 -0.824285 -0.026931 0.565534 -0.824285 -0.026931 0.565534 -0.824285 -0.026931 0.682159 -0.730813 -0.023877 0.682159 -0.730813 -0.023877 0.682159 -0.730813 -0.023877 0.788253 -0.615023 -0.020094 0.908571 -0.417508 -0.013641 0.788253 -0.615023 -0.020094 -0.000000 0.032655 -0.999467 -0.000000 0.032655 -0.999467 -0.000000 0.032655 -0.999467 -0.000000 0.032655 -0.999467 -0.000000 0.032655 -0.999467 -0.000000 0.032655 -0.999467 -0.000000 0.032655 -0.999467 -0.000000 0.032655 -0.999467 -0.000000 0.032655 -0.999467 -0.000000 0.032655 -0.999467 -0.000000 0.032655 -0.999467 -0.000000 0.032655 -0.999467 -0.000000 0.032655 -0.999467 -0.000000 0.032655 -0.999467 -0.000000 0.032655 -0.999467 -0.000000 0.032655 -0.999467 -0.000000 0.032655 -0.999467 -0.000000 0.032655 -0.999467 -0.000000 0.032655 -0.999467 -0.000000 0.032655 -0.999467 -0.000000 0.032655 -0.999467 -0.000000 0.032655 -0.999467 -0.000000 0.032655 -0.999467 -0.000000 0.032655 -0.999467 -0.000000 0.731740 0.681583 -0.000000 0.731740 0.681583 -0.000000 0.731740 0.681583 -0.000000 0.731740 0.681583 -0.000000 0.731740 -0.681583 0.006199 0.731740 -0.681555 -0.000000 0.731740 -0.681583 0.012394 0.731740 -0.681471 0.024772 0.731740 -0.681133 0.049451 0.731740 -0.679787 0.098328 0.731740 -0.674454 0.098328 0.731740 -0.674454 0.192803 0.731740 -0.653745 0.192803 0.731740 -0.653745 0.252232 0.731740 -0.633194 0.252233 0.731740 -0.633194 0.325983 0.731740 -0.598574 0.325983 0.731740 -0.598574 0.371402 0.731741 -0.571503 0.371400 0.731744 -0.571500 0.412280 0.731740 -0.542753 0.412280 0.731740 -0.542753 0.454794 0.731740 -0.507660 0.454794 0.731740 -0.507660 0.498111 0.731740 -0.465233 0.498111 0.731740 -0.465233 0.538834 0.731740 -0.417390 0.538834 0.731740 -0.417390 0.576508 0.731741 -0.363584 0.576503 0.731750 -0.363573 0.606855 0.731740 -0.310296 0.606855 0.731740 -0.310296 0.633751 0.731741 -0.250828 0.633745 0.731747 -0.250824 0.653899 0.731740 -0.192280 0.653899 0.731740 -0.192280 0.668868 0.731740 -0.131040 0.668868 0.731740 -0.131040 0.678416 0.731742 -0.065620 0.678403 0.731754 -0.065618 0.681583 0.731740 -0.000460 0.681583 0.731740 -0.000460 0.678500 0.731742 0.064741 0.678488 0.731754 0.064740 0.669037 0.731740 0.130174 0.669037 0.731740 0.130174 0.654146 0.731740 0.191439 0.654146 0.731740 0.191439 0.634052 0.731741 0.250066 0.634045 0.731748 0.250066 0.607194 0.731740 0.309631 0.607194 0.731740 0.309631 0.576973 0.731741 0.362845 0.576967 0.731750 0.362838 0.539360 0.731740 0.416709 0.539360 0.731740 0.416709 0.499392 0.731747 0.463847 0.499396 0.731741 0.463852 0.452353 0.731740 0.509836 0.452353 0.731740 0.509836 0.409628 0.731740 0.544758 0.409628 0.731740 0.544758 0.368714 0.731741 0.573241 0.323778 0.731740 0.599770 0.323778 0.731740 0.599770 0.250400 0.731740 0.633921 0.250400 0.731740 0.633921 0.191489 0.731740 0.654132 0.191492 0.731738 0.654134 0.129397 0.731740 0.669188 0.129397 0.731740 0.669188 0.065319 0.731740 0.678446 0.065319 0.731740 0.678446 0.032757 0.731740 0.680796 -0.000001 0.731740 0.681583 0.016395 0.731740 0.681386 0.008200 0.731740 0.681534 -0.000001 0.731740 0.681583 0.192803 0.731740 -0.653745 0.252233 0.731740 -0.633194 0.325983 0.731740 -0.598574 0.412280 0.731740 -0.542753 0.454794 0.731740 -0.507660 0.498111 0.731740 -0.465233 0.538834 0.731740 -0.417390 0.576515 0.731741 -0.363573 0.606855 0.731740 -0.310296 0.633753 0.731741 -0.250824 0.653899 0.731740 -0.192280 0.668868 0.731740 -0.131040 0.678416 0.731742 -0.065619 0.681583 0.731740 -0.000460 0.678500 0.731742 0.064741 0.669037 0.731740 0.130174 0.654146 0.731740 0.191439 0.634051 0.731741 0.250070 0.607194 0.731740 0.309631 0.576976 0.731741 0.362841 0.250400 0.731740 0.633921 0.191495 0.731740 0.654130 0.065319 0.731740 0.678446 0.129397 0.731740 0.669188 0.323778 0.731740 0.599770 0.368714 0.731740 0.573241 0.409628 0.731740 0.544758 0.452353 0.731740 0.509836 0.499396 0.731741 0.463852 0.539360 0.731740 0.416709 0.098328 0.731740 -0.674454 0.000000 0.731740 -0.681583 0.000000 0.731740 -0.681583 0.000000 0.731740 -0.681583 0.000000 0.731740 -0.681583 -0.000216 0.731740 0.681583 -0.016505 0.731740 0.681384 -0.000216 0.731740 0.681583 -0.032990 0.731740 0.680785 -0.065793 0.731740 0.678401 -0.065793 0.731740 0.678401 -0.130326 0.731740 0.669008 -0.130326 0.731740 0.669008 -0.192944 0.731740 0.653704 -0.192946 0.731738 0.653706 -0.252137 0.731740 0.633232 -0.252137 0.731740 0.633232 -0.325998 0.731740 0.598566 -0.325998 0.731740 0.598566 -0.371288 0.731741 0.571578 -0.371286 0.731744 0.571574 -0.412147 0.731740 0.542854 -0.412147 0.731740 0.542854 -0.454680 0.731740 0.507762 -0.412147 0.731740 0.542854 -0.475558 0.731740 0.488263 -0.065793 0.731740 0.678401 -0.130326 0.731740 0.669008 -0.192945 0.731740 0.653704 -0.252137 0.731740 0.633232 -0.325998 0.731740 0.598566 -0.518520 0.731740 0.442372 -0.518520 0.731740 0.442372 -0.475558 0.731740 0.488263 -0.475558 0.731740 0.488263 -0.558994 0.731749 0.389960 -0.559001 0.731741 0.389964 -0.591819 0.731740 0.338091 -0.591819 0.731740 0.338091 -0.619965 0.731740 0.283195 -0.619965 0.731740 0.283195 -0.632034 0.731740 0.255125 -0.632034 0.731740 0.255125 -0.653678 0.731746 0.193010 -0.653683 0.731741 0.193012 -0.668647 0.731740 0.132163 -0.668647 0.731740 0.132163 -0.678344 0.731759 0.066161 -0.678363 0.731742 0.066163 -0.681583 0.731740 0.000490 -0.681583 0.731740 0.000490 -0.678431 0.731755 -0.065314 -0.678445 0.731742 -0.065315 -0.668819 0.731740 -0.131291 -0.668819 0.731740 -0.131291 -0.653838 0.731740 -0.192488 -0.653838 0.731740 -0.192488 -0.633635 0.731745 -0.251109 -0.633639 0.731741 -0.251111 -0.606691 0.731740 -0.310616 -0.606691 0.731740 -0.310616 -0.576382 0.731750 -0.363766 -0.576390 0.731741 -0.363771 -0.538706 0.731740 -0.417555 -0.538706 0.731740 -0.417555 -0.498634 0.731747 -0.464662 -0.498639 0.731741 -0.464666 -0.451518 0.731740 -0.510576 -0.451518 0.731740 -0.510576 -0.409133 0.731743 -0.545126 -0.409135 0.731741 -0.545128 -0.361575 0.731740 -0.577771 -0.361575 0.731740 -0.577771 -0.282777 0.731720 -0.620180 -0.282772 0.731738 -0.620160 -0.193728 0.731740 -0.653472 -0.193728 0.731740 -0.653472 -0.098854 0.731740 -0.674377 -0.098854 0.731740 -0.674377 -0.049719 0.731740 -0.679768 0.000001 0.731740 -0.681583 -0.024907 0.731740 -0.681128 -0.012461 0.731740 -0.681470 0.000001 0.731740 -0.681583 -0.006232 0.731740 -0.681555 -0.098854 0.731740 -0.674377 -0.193728 0.731740 -0.653472 -0.282766 0.731738 -0.620163 -0.361575 0.731740 -0.577771 -0.409134 0.731741 -0.545128 -0.451518 0.731740 -0.510576 -0.498638 0.731741 -0.464667 -0.538706 0.731740 -0.417555 -0.576390 0.731741 -0.363771 -0.606691 0.731740 -0.310616 -0.633639 0.731741 -0.251111 -0.653838 0.731740 -0.192488 -0.668819 0.731740 -0.131291 -0.678445 0.731742 -0.065315 -0.681583 0.731740 0.000490 -0.678363 0.731742 0.066163 -0.668647 0.731740 0.132163 -0.653683 0.731741 0.193012 -0.632034 0.731740 0.255125 -0.619965 0.731740 0.283195 -0.591819 0.731740 0.338091 -0.559001 0.731741 0.389965 -0.518520 0.731740 0.442372 -0.144601 -0.680765 -0.718087 -0.164894 -0.676263 -0.717968 -0.000000 -0.695466 -0.718559 -0.165308 -0.676167 -0.717963 -0.000000 -0.695466 -0.718559 -0.166292 -0.675938 -0.717951 -0.313331 -0.622724 -0.716965 -0.314819 -0.622003 -0.716938 -0.445282 -0.537772 -0.715909 -0.446963 -0.536432 -0.715866 -0.560490 -0.419298 -0.714171 -0.562233 -0.417098 -0.714089 -0.621393 -0.326200 -0.712365 -0.628302 -0.313395 -0.712053 -0.664968 -0.229945 -0.710594 -0.673214 -0.206180 -0.710122 -0.692812 -0.131187 -0.709085 -0.699076 -0.096267 -0.708537 -0.705794 -0.029640 -0.707796 -0.706852 0.017434 -0.707147 -0.703714 0.075301 -0.706481 -0.684448 0.187220 -0.704613 -0.685231 0.183850 -0.704740 -0.650643 0.288277 -0.702538 -0.685553 0.182451 -0.704790 -0.651161 0.286978 -0.702590 -0.646953 0.296812 -0.702392 -0.603889 0.380119 -0.700591 -0.580759 0.415729 -0.699921 -0.545202 0.462613 -0.699102 -0.495254 0.516719 -0.698373 -0.475529 0.535224 -0.698146 -0.390240 0.600998 -0.697506 -0.394389 0.598263 -0.697524 -0.300932 0.651024 -0.696855 -0.300333 0.651312 -0.696845 -0.200446 0.689581 -0.695916 -0.298888 0.652004 -0.696819 -0.149902 0.702725 -0.695491 -0.100589 0.711764 -0.695179 -0.000938 0.719044 -0.694964 -0.001187 0.719044 -0.694964 0.098987 0.711803 -0.695369 0.099139 0.711780 -0.695370 0.199449 0.689518 -0.696265 0.199790 0.689414 -0.696271 0.300823 0.650604 -0.697295 0.264085 0.666729 -0.696945 0.391456 0.599705 -0.697937 -0.276281 -0.639720 -0.717235 -0.312705 -0.623026 -0.716975 -0.395632 -0.574717 -0.716363 -0.444575 -0.538334 -0.715926 -0.502954 -0.485235 -0.715251 -0.559759 -0.420219 -0.714203 -0.594710 -0.370880 -0.713279 -0.620706 -0.327405 -0.712412 -0.658636 -0.246530 -0.710930 -0.664416 -0.231371 -0.710647 -0.692461 -0.132738 -0.709139 -0.695424 -0.117335 -0.708955 -0.705676 -0.031213 -0.707847 -0.706722 0.017348 -0.707279 -0.703826 0.073791 -0.706529 -0.690990 0.158624 -0.705246 -0.264690 0.666924 -0.696529 -0.200799 0.689473 -0.695921 -0.132977 0.706238 -0.695374 -0.100750 0.711740 -0.695180 -0.001311 0.719044 -0.694964 -0.001434 0.719043 -0.694964 0.130718 0.706424 -0.695613 0.497213 0.514444 -0.698661 0.476605 0.533848 -0.698466 0.395075 0.597313 -0.697949 0.300239 0.650884 -0.697285 0.298825 0.651562 -0.697260 0.148534 0.702743 -0.695765 0.546328 0.461051 -0.699255 0.582495 0.413198 -0.699977 0.604798 0.378755 -0.700546 0.647958 0.295099 -0.702187 0.651763 0.286203 -0.702348 0.685900 0.182646 -0.704401 0.685571 0.184070 -0.704351 0.707065 0.023848 -0.706747 0.684776 0.187487 -0.704223 0.707056 0.027629 -0.706617 0.694248 -0.125663 -0.708681 0.693412 -0.129424 -0.708823 0.647303 -0.273981 -0.711289 0.645804 -0.277158 -0.711422 0.562276 -0.416778 -0.714242 0.560552 -0.418955 -0.714324 0.446479 -0.536593 -0.716048 0.444813 -0.537920 -0.716089 0.314280 -0.622148 -0.717050 0.312791 -0.622868 -0.717075 0.166044 -0.675966 -0.717983 0.165042 -0.676199 -0.717994 0.164622 -0.676297 -0.717999 0.144239 -0.680816 -0.718112 0.275456 -0.639975 -0.717326 0.312166 -0.623170 -0.717086 0.394683 -0.575167 -0.716525 0.444114 -0.538475 -0.716106 0.502424 -0.485505 -0.715441 0.559829 -0.419865 -0.714356 0.595013 -0.370200 -0.713380 0.645175 -0.278485 -0.711474 0.659397 -0.244751 -0.710839 0.693059 -0.130996 -0.708879 0.696098 -0.115057 -0.708667 0.707065 0.022268 -0.706798 0.707092 0.019123 -0.706863 0.691363 0.158781 -0.704844 0.651238 0.287519 -0.702297 0.627679 0.338096 -0.701220 0.604101 0.379948 -0.700500 0.543528 0.464537 -0.699130 0.545509 0.462073 -0.699220 0.475741 0.534650 -0.698441 0.434497 0.569065 -0.698124 0.394284 0.597854 -0.697933 -0.393583 0.598813 -0.697507 -0.433493 0.570305 -0.697736 -0.474655 0.536034 -0.698119 -0.542353 0.466153 -0.698966 -0.544368 0.463653 -0.699064 -0.603195 0.381306 -0.700544 -0.626913 0.339226 -0.701360 0.965926 0.258681 0.008452 0.965926 0.258681 0.008452 1.000000 0.000000 -0.000000 1.000000 0.000000 -0.000000 0.965926 -0.258681 -0.008452 0.965926 -0.258681 -0.008452 0.866025 -0.499733 -0.016327 0.866025 -0.499733 -0.016327 0.707107 -0.706730 -0.023090 0.707107 -0.706730 -0.023090 0.500000 -0.865564 -0.028280 0.500000 -0.865564 -0.028280 0.258819 -0.965411 -0.031542 0.258819 -0.965411 -0.031542 0.000000 -0.999467 -0.032655 0.000000 -0.999467 -0.032655 -0.258819 -0.965411 -0.031542 -0.258819 -0.965411 -0.031542 -0.500000 -0.865564 -0.028280 -0.500000 -0.865564 -0.028280 -0.707107 -0.706730 -0.023090 -0.707107 -0.706730 -0.023090 -0.866025 -0.499733 -0.016327 -0.866025 -0.499733 -0.016327 -0.965926 -0.258681 -0.008452 -0.965926 -0.258681 -0.008452 -1.000000 0.000000 0.000000 -1.000000 0.000000 0.000000 -0.965926 0.258681 0.008452 -0.965926 0.258681 0.008452 -0.866025 0.499733 0.016327 -0.866025 0.499733 0.016327 -0.707107 0.706730 0.023090 -0.707107 0.706730 0.023090 -0.500000 0.865564 0.028280 -0.500000 0.865564 0.028280 -0.258819 0.965411 0.031542 -0.258819 0.965411 0.031542 0.000000 0.999467 0.032655 0.000000 0.999467 0.032655 0.258819 0.965411 0.031542 0.258819 0.965411 0.031542 0.500000 0.865564 0.028280 0.500000 0.865564 0.028280 0.707107 0.706730 0.023090 0.707107 0.706730 0.023090 0.866025 0.499733 0.016327 0.866025 0.499733 0.016327 0.965926 -0.258681 -0.008452 1.000000 -0.000000 -0.000000 0.965926 0.258681 0.008452 0.866025 0.499733 0.016327 0.707107 0.706730 0.023090 0.500000 0.865564 0.028280 0.258819 0.965411 0.031542 -0.000000 0.999467 0.032655 -0.258819 0.965411 0.031542 -0.500000 0.865564 0.028280 -0.707107 0.706730 0.023090 -0.866025 0.499733 0.016327 -0.965926 0.258681 0.008452 -1.000000 0.000000 0.000000 -0.965926 -0.258681 -0.008452 -0.866025 -0.499733 -0.016327 -0.707107 -0.706730 -0.023090 -0.500000 -0.865564 -0.028280 -0.258819 -0.965411 -0.031542 0.000000 -0.999467 -0.032655 0.258819 -0.965411 -0.031542 0.500000 -0.865564 -0.028280 0.707107 -0.706730 -0.023090 0.866025 -0.499733 -0.016327 -0.000000 0.000000 1.000000 -0.000000 0.000000 1.000000 -0.000000 0.000000 1.000000 -0.000000 0.000000 1.000000 -0.000000 0.000000 -1.000000 0.144264 0.000000 -0.989539 -0.000000 0.000000 -1.000000 0.144264 0.000000 -0.989539 0.282876 0.000000 -0.959157 0.282876 0.000000 -0.959157 0.370068 0.000000 -0.929005 0.370068 0.000000 -0.929005 0.478273 0.000000 -0.878211 0.478273 0.000000 -0.878211 0.544911 0.000000 -0.838494 0.544911 0.000000 -0.838494 0.604886 0.000000 -0.796312 0.604886 0.000000 -0.796312 0.667261 0.000000 -0.744824 0.667261 0.000000 -0.744824 0.730814 0.000000 -0.682577 0.730814 0.000000 -0.682577 0.790561 0.000000 -0.612383 0.790561 0.000000 -0.612383 0.845837 0.000000 -0.533441 0.845837 0.000000 -0.533441 0.890360 0.000000 -0.455257 0.890360 0.000000 -0.455257 0.929822 0.000000 -0.368009 0.929822 0.000000 -0.368009 0.959383 0.000000 -0.282108 0.959383 0.000000 -0.282108 0.981344 0.000000 -0.192258 0.981344 0.000000 -0.192258 0.995355 0.000000 -0.096276 0.995355 0.000000 -0.096276 1.000000 0.000000 -0.000674 1.000000 0.000000 -0.000674 0.995479 -0.000000 0.094986 0.995479 -0.000000 0.094986 0.981592 -0.000000 0.190988 0.981592 -0.000000 0.190988 0.959745 -0.000000 0.280874 0.959745 -0.000000 0.280874 0.930264 -0.000000 0.366891 0.930264 -0.000000 0.366891 0.890858 -0.000000 0.454282 0.890858 -0.000000 0.454282 0.846520 -0.000000 0.532357 0.846520 -0.000000 0.532357 0.791334 -0.000000 0.611384 0.791334 -0.000000 0.611384 0.732701 -0.000000 0.680551 0.732701 -0.000000 0.680551 0.663680 -0.000000 0.748017 0.663680 -0.000000 0.748017 0.600994 -0.000000 0.799253 0.600994 -0.000000 0.799253 0.540967 -0.000000 0.841044 0.540967 -0.000000 0.841044 0.475037 -0.000000 0.879966 0.475037 -0.000000 0.879966 0.367379 -0.000000 0.930071 0.367379 -0.000000 0.930071 0.280947 -0.000000 0.959723 0.280947 -0.000000 0.959723 0.189848 -0.000000 0.981813 0.189848 -0.000000 0.981813 0.095834 -0.000000 0.995397 0.095834 -0.000000 0.995397 -0.000002 0.000000 1.000000 -0.000002 0.000000 1.000000 0.000000 0.000000 -1.000000 0.000000 0.000000 -1.000000 0.000000 0.000000 -1.000000 0.000000 0.000000 -1.000000 -0.000317 0.000000 1.000000 -0.096530 0.000000 0.995330 -0.000317 0.000000 1.000000 -0.096530 0.000000 0.995330 -0.191211 0.000000 0.981549 -0.191211 0.000000 0.981549 -0.283083 0.000000 0.959096 -0.283083 0.000000 0.959096 -0.369928 0.000000 0.929061 -0.369928 0.000000 0.929061 -0.478295 0.000000 0.878199 -0.478295 0.000000 0.878199 -0.544743 0.000000 0.838603 -0.544743 0.000000 0.838603 -0.604691 0.000000 0.796461 -0.604691 0.000000 0.796461 -0.697725 0.000000 0.716366 -0.697725 0.000000 0.716366 -0.760758 0.000000 0.649036 -0.760758 0.000000 0.649036 -0.820151 0.000000 0.572147 -0.820151 0.000000 0.572147 -0.868301 0.000000 0.496038 -0.868301 0.000000 0.496038 -0.909595 0.000000 0.415496 -0.909595 0.000000 0.415496 -0.927303 0.000000 0.374312 -0.927303 0.000000 0.374312 -0.959066 0.000000 0.283182 -0.959066 0.000000 0.283182 -0.981020 0.000000 0.193906 -0.981020 0.000000 0.193906 -0.995277 0.000000 0.097073 -0.995277 0.000000 0.097073 -1.000000 0.000000 0.000719 -1.000000 0.000000 0.000719 -0.995398 0.000000 -0.095829 -0.995398 0.000000 -0.095829 -0.981272 0.000000 -0.192627 -0.981272 0.000000 -0.192627 -0.959293 0.000000 -0.282413 -0.959293 0.000000 -0.282413 -0.929658 0.000000 -0.368423 -0.929658 0.000000 -0.368423 -0.890120 0.000000 -0.455726 -0.890120 0.000000 -0.455726 -0.845664 0.000000 -0.533716 -0.845664 0.000000 -0.533716 -0.790374 0.000000 -0.612625 -0.790374 0.000000 -0.612625 -0.731589 0.000000 -0.681746 -0.731589 0.000000 -0.681746 -0.662455 0.000000 -0.749102 -0.662455 0.000000 -0.749102 -0.600270 0.000000 -0.799797 -0.600270 0.000000 -0.799797 -0.530492 0.000000 -0.847690 -0.530492 0.000000 -0.847690 -0.414865 0.000000 -0.909883 -0.414865 0.000000 -0.909883 -0.284232 0.000000 -0.958756 -0.284232 0.000000 -0.958756 -0.145036 0.000000 -0.989426 -0.145036 0.000000 -0.989426 0.000002 0.000000 -1.000000 0.000002 0.000000 -1.000000 -0.000000 0.032655 0.999467 -0.000000 0.032655 0.999467 -0.000000 0.032655 0.999467 -0.000000 0.032655 0.999467 -0.000000 0.032655 0.999467 -0.000000 0.032655 0.999467 -0.000000 0.032655 0.999467 -0.000000 0.032655 0.999467 -0.000000 0.032655 0.999467 -0.000000 0.032655 0.999467 0.000000 -0.695466 -0.718559 0.000000 -0.536295 -0.844031 -0.144081 -0.680993 -0.717975 -0.126467 -0.513220 -0.848888 -0.275601 -0.640319 -0.716963 -0.240278 -0.472639 -0.847867 -0.395246 -0.575355 -0.716064 -0.342052 -0.407297 -0.846823 -0.503098 -0.485347 -0.715074 -0.430998 -0.315900 -0.845250 -0.595292 -0.370165 -0.713166 -0.496864 -0.207485 -0.842660 -0.659437 -0.245225 -0.710639 -0.534288 -0.094113 -0.840047 -0.696293 -0.115676 -0.708375 -0.545454 0.024196 -0.837792 -0.707438 0.018937 -0.706522 -0.691496 0.159331 -0.704590 -0.529184 0.148120 -0.835478 -0.647783 0.295739 -0.702079 -0.502991 0.228011 -0.833673 -0.467030 0.299407 -0.832008 -0.338131 0.165224 -0.926482 -0.313920 0.213207 -0.925201 -0.175157 0.101889 -0.979254 -0.162599 0.126741 -0.978518 -0.000026 0.032666 -0.999466 -0.000043 0.032684 -0.999466 0.000000 -0.359940 -0.932975 -0.085257 -0.333910 -0.938741 -0.161937 -0.306530 -0.937985 -0.230383 -0.262361 -0.937065 -0.290112 -0.200670 -0.935717 -0.334416 -0.127663 -0.933739 -0.359576 -0.051355 -0.931701 -0.366942 0.028242 -0.929815 -0.355804 0.111536 -0.927881 0.000000 -0.169543 -0.985523 -0.044267 -0.157025 -0.986602 -0.084053 -0.142786 -0.986178 -0.119517 -0.119805 -0.985577 -0.150433 -0.087749 -0.984718 -0.173387 -0.049872 -0.983590 -0.186412 -0.010304 -0.982418 -0.190176 0.030948 -0.981262 -0.184336 0.074085 -0.980067 -0.000000 0.032655 -0.999467 0.000001 0.032662 -0.999466 0.000009 0.032677 -0.999466 0.000024 0.032691 -0.999466 0.000042 0.032697 -0.999465 0.000055 0.032691 -0.999466 0.000056 0.032677 -0.999466 0.000044 0.032664 -0.999466 0.000023 0.032655 -0.999467 -0.000002 0.032655 -0.999467 -0.146944 0.148857 -0.977880 -0.000051 0.032705 -0.999465 -0.128215 0.168423 -0.977341 -0.000048 0.032725 -0.999464 -0.106248 0.185465 -0.976890 -0.080827 0.199768 -0.976504 -0.156139 0.354421 -0.921958 -0.103589 0.374596 -0.921383 -0.154228 0.540022 -0.827400 -0.076469 0.557283 -0.826794 -0.130842 0.706528 -0.695484 0.000929 0.719035 -0.694973 0.000710 0.562882 -0.826537 0.077733 0.557262 -0.826690 0.000477 0.390010 -0.920811 0.052224 0.386240 -0.920919 0.000248 0.218195 -0.975905 0.027042 0.216243 -0.975965 0.000000 0.032732 -0.999464 0.000012 0.032719 -0.999465 -0.000034 0.032738 -0.999464 -0.053629 0.210203 -0.976186 -0.051370 0.386221 -0.920975 -0.000016 0.032739 -0.999464 -0.026597 0.216227 -0.975981 0.053923 0.210258 -0.976158 0.000021 0.032705 -0.999465 0.080885 0.199909 -0.976470 0.000027 0.032695 -0.999465 0.106076 0.185713 -0.976862 0.000032 0.032687 -0.999466 0.127898 0.168748 -0.977326 0.146567 0.149205 -0.977884 0.283048 0.256620 -0.924138 0.313265 0.213811 -0.925284 0.466173 0.300374 -0.832141 0.502349 0.228576 -0.833906 0.647136 0.296660 -0.702288 0.528764 0.147997 -0.835766 0.691238 0.159024 -0.704913 0.542910 0.064078 -0.837343 0.707170 0.017555 -0.706825 0.544297 -0.017079 -0.838719 0.695799 -0.117426 -0.708572 0.533876 -0.095448 -0.840158 0.658827 -0.246682 -0.710700 0.511914 -0.171368 -0.841770 0.477951 -0.245075 -0.843505 0.344587 -0.103367 -0.933046 0.321748 -0.152999 -0.934382 0.178684 -0.037283 -0.983200 0.166854 -0.063030 -0.983965 -0.000023 0.032664 -0.999466 -0.000030 0.032675 -0.999466 0.000036 0.032679 -0.999466 0.162230 0.127038 -0.978541 0.337594 0.165559 -0.926618 0.000035 0.032670 -0.999466 0.174845 0.102048 -0.979293 0.355411 0.111424 -0.928045 0.000028 0.032660 -0.999467 0.184103 0.074016 -0.980116 0.365076 0.055046 -0.929349 0.189166 0.044826 -0.980921 0.000012 0.032655 -0.999467 0.189804 0.016560 -0.981682 -0.000008 0.032656 -0.999467 0.186286 -0.010776 -0.982437 0.150481 -0.087916 -0.984696 -0.000026 0.032681 -0.999466 0.119668 -0.119818 -0.985557 -0.000016 0.032679 -0.999466 0.084204 -0.142765 -0.986168 -0.000006 0.032670 -0.999466 0.044343 -0.157015 -0.986600 -0.000001 0.032660 -0.999467 0.085405 -0.333887 -0.938736 0.162217 -0.306466 -0.937957 0.230641 -0.262346 -0.937006 0.290145 -0.200950 -0.935647 0.126689 -0.513178 -0.848880 0.240684 -0.472510 -0.847824 0.342387 -0.407211 -0.846729 0.430957 -0.316248 -0.845141 0.144335 -0.680945 -0.717970 0.276091 -0.640142 -0.716933 0.395727 -0.575110 -0.715994 0.503244 -0.485335 -0.714979 0.594906 -0.370889 -0.713112 0.581238 0.415078 -0.699909 0.421235 0.364081 -0.830666 0.247028 0.294387 -0.923208 0.496023 0.516117 -0.698272 0.367678 0.420330 -0.829539 0.204907 0.327204 -0.922470 0.390814 0.600891 -0.697277 0.305038 0.469266 -0.828698 0.156248 0.354678 -0.921841 0.232618 0.510263 -0.827962 0.264469 0.667230 -0.696319 0.155041 0.540072 -0.827215 0.132332 0.706408 -0.695324 -0.263994 0.667136 -0.696590 -0.232491 0.509964 -0.828182 -0.205233 0.326728 -0.922566 -0.391495 0.600143 -0.697539 -0.305548 0.468606 -0.828884 -0.247616 0.293747 -0.923255 -0.368544 0.419375 -0.829638 -0.497199 0.514791 -0.698415 -0.422196 0.362999 -0.830652 -0.582313 0.413621 -0.699878 -0.283735 0.255923 -0.924120 0.104151 0.374685 -0.921284 0.366185 0.000481 -0.930542 0.359303 -0.052255 -0.931757 0.933013 0.258318 -0.250517 0.965926 0.008452 -0.258681 0.933013 -0.241415 -0.266845 0.836516 -0.474254 -0.274452 0.683013 -0.674197 -0.280985 0.482963 -0.827618 -0.285997 0.250000 -0.924063 -0.289148 -0.000000 -0.956959 -0.290223 -0.250000 -0.924063 -0.289148 -0.482963 -0.827618 -0.285997 -0.683013 -0.674197 -0.280985 -0.836516 -0.474254 -0.274452 -0.933013 -0.241415 -0.266845 -0.965926 0.008452 -0.258681 -0.933013 0.258318 -0.250517 -0.836516 0.491157 -0.242910 -0.683013 0.691100 -0.236377 -0.482963 0.844522 -0.231365 -0.250000 0.940967 -0.228214 -0.000000 0.973862 -0.227139 0.250000 0.940967 -0.228214 0.482963 0.844522 -0.231365 0.683013 0.691100 -0.236377 0.836516 0.491157 -0.242910 -0.000000 0.032655 -0.999467 0.250000 -0.035409 -0.967598 -0.000000 0.032655 -0.999467 0.258819 0.031542 -0.965411 0.000000 0.032655 -0.999467 0.250000 0.098494 -0.963223 0.000000 0.032655 -0.999467 0.224144 0.160883 -0.961185 0.000000 0.032655 -0.999467 0.183013 0.214457 -0.959434 0.000000 0.032655 -0.999467 0.129410 0.255566 -0.958091 0.000000 0.032655 -0.999467 0.066987 0.281409 -0.957247 -0.000000 0.032655 -0.999467 -0.000000 0.290223 -0.956959 -0.000000 0.032655 -0.999467 -0.066987 0.281409 -0.957247 -0.000000 0.032655 -0.999467 -0.129410 0.255566 -0.958091 -0.000000 0.032655 -0.999467 -0.183013 0.214457 -0.959434 -0.000000 0.032655 -0.999467 -0.224144 0.160883 -0.961185 -0.000000 0.032655 -0.999467 -0.250000 0.098494 -0.963223 -0.000000 0.032655 -0.999467 -0.258819 0.031542 -0.965411 0.000000 0.032655 -0.999467 -0.250000 -0.035409 -0.967598 0.000000 0.032655 -0.999467 -0.224144 -0.097798 -0.969637 0.000000 0.032655 -0.999467 -0.183013 -0.151373 -0.971387 0.000000 0.032655 -0.999467 -0.129410 -0.192482 -0.972730 0.000000 0.032655 -0.999467 -0.066987 -0.218325 -0.973574 -0.000000 0.032655 -0.999467 -0.000000 -0.227139 -0.973862 -0.000000 0.032655 -0.999467 0.066987 -0.218325 -0.973574 -0.000000 0.032655 -0.999467 0.129410 -0.192482 -0.972730 -0.000000 0.032655 -0.999467 0.183013 -0.151373 -0.971387 -0.000000 0.032655 -0.999467 0.224144 -0.097798 -0.969637 0.866025 0.016327 -0.499733 0.836516 -0.207697 -0.507053 0.750000 -0.416454 -0.513873 0.612372 -0.595718 -0.519730 0.433013 -0.733273 -0.524224 0.224144 -0.819743 -0.527050 -0.000000 -0.849236 -0.528013 -0.224144 -0.819743 -0.527050 -0.433013 -0.733273 -0.524224 -0.612372 -0.595718 -0.519730 -0.750000 -0.416454 -0.513873 -0.836516 -0.207697 -0.507053 -0.866025 0.016327 -0.499733 -0.836516 0.240352 -0.492414 -0.750000 0.449109 -0.485593 -0.612372 0.628373 -0.479736 -0.433013 0.765927 -0.475242 -0.224144 0.852398 -0.472417 -0.000000 0.881891 -0.471453 0.224144 0.852398 -0.472417 0.433013 0.765927 -0.475242 0.612372 0.628373 -0.479736 0.750000 0.449109 -0.485593 0.836516 0.240352 -0.492414 0.707107 0.023090 -0.706730 0.683013 -0.159825 -0.712706 0.612372 -0.330274 -0.718275 0.500000 -0.476643 -0.723057 0.353553 -0.588955 -0.726727 0.183013 -0.659558 -0.729033 -0.000000 -0.683639 -0.729820 -0.183013 -0.659558 -0.729033 -0.353553 -0.588955 -0.726727 -0.500000 -0.476643 -0.723057 -0.612372 -0.330274 -0.718275 -0.683013 -0.159825 -0.712706 -0.707107 0.023090 -0.706730 -0.683013 0.206006 -0.700753 -0.612372 0.376455 -0.695184 -0.500000 0.522824 -0.690402 -0.353553 0.635136 -0.686733 -0.183013 0.705739 -0.684426 -0.000000 0.729820 -0.683639 0.183013 0.705739 -0.684426 0.353553 0.635136 -0.686733 0.500000 0.522824 -0.690402 0.612372 0.376455 -0.695184 0.683013 0.206006 -0.700753 0.500000 0.028280 -0.865564 0.482963 -0.101061 -0.869789 0.433013 -0.221587 -0.873727 0.353553 -0.325085 -0.877109 0.250000 -0.404502 -0.879704 0.129410 -0.454425 -0.881335 -0.000000 -0.471453 -0.881891 -0.129410 -0.454425 -0.881335 -0.250000 -0.404502 -0.879704 -0.353553 -0.325085 -0.877109 -0.433013 -0.221587 -0.873727 -0.482963 -0.101061 -0.869789 -0.500000 0.028280 -0.865564 -0.482963 0.157620 -0.861338 -0.433013 0.278147 -0.857400 -0.353553 0.381645 -0.854018 -0.250000 0.461062 -0.851424 -0.129410 0.510985 -0.849792 -0.000000 0.528013 -0.849236 0.129410 0.510985 -0.849792 0.250000 0.461062 -0.851424 0.353553 0.381645 -0.854018 0.433013 0.278147 -0.857400 0.482963 0.157620 -0.861338 -0.000000 -1.000000 -0.000000 -0.000000 -1.000000 -0.000000 -0.000000 -1.000000 -0.000000 -0.000000 -1.000000 -0.000000 -0.000000 -1.000000 -0.000000 -0.000000 -1.000000 -0.000000 -0.000000 -1.000000 -0.000000 -0.000000 -1.000000 -0.000000 -0.000000 -1.000000 -0.000000 -0.000000 -1.000000 -0.000000 -0.000000 -1.000000 -0.000000 -0.000000 -1.000000 -0.000000 -0.000000 -1.000000 -0.000000 -0.000000 -1.000000 -0.000000 -0.000000 -1.000000 -0.000000 -0.000000 -1.000000 -0.000000 -0.000000 -1.000000 -0.000000 -0.000000 -1.000000 -0.000000 -0.000000 -1.000000 -0.000000 -0.000000 -1.000000 -0.000000 -0.000000 -1.000000 -0.000000 -0.000000 -1.000000 -0.000000 -0.000000 -1.000000 -0.000000 -0.000000 -1.000000 -0.000000 -0.000000 -1.000000 -0.000000 -0.000000 -1.000000 -0.000000 -0.000000 -1.000000 -0.000000 -0.000000 -1.000000 -0.000000 -0.000000 -1.000000 -0.000000 -0.000000 -1.000000 -0.000000 -0.000000 -1.000000 -0.000000 -0.000000 -1.000000 -0.000000 -0.000000 -1.000000 -0.000000 -0.000000 -1.000000 -0.000000 -0.000000 -1.000000 -0.000000 -0.000000 -1.000000 -0.000000 -0.000000 -1.000000 -0.000000 -0.000000 -1.000000 -0.000000 -0.000000 -1.000000 -0.000000 -0.000000 -1.000000 -0.000000 -0.000000 -1.000000 -0.000000 -0.000000 -1.000000 -0.000000 -0.000000 -1.000000 -0.000000 -0.000000 -1.000000 -0.000000 -0.000000 -1.000000 -0.000000 -0.000000 -1.000000 -0.000000 -0.000000 -1.000000 -0.000000 -0.000000 -1.000000 -0.000000 -0.000000 -1.000000 -0.000000 -0.000000 -1.000000 -0.000000 -0.000000 -1.000000 -0.000000 -0.000000 -1.000000 -0.000000 -0.000000 -1.000000 -0.000000 -0.000000 -1.000000 -0.000000 -0.000000 -1.000000 -0.000000 -0.000000 -1.000000 -0.000000 -0.000000 -1.000000 -0.000000 -0.000000 -1.000000 -0.000000 -0.000000 -1.000000 -0.000000 -0.000000 -1.000000 -0.000000 -0.000000 -1.000000 -0.000000 -0.000000 -1.000000 -0.000000 -0.000000 -1.000000 -0.000000 -0.000000 -1.000000 -0.000000 -0.000000 -1.000000 -0.000000 -0.000000 -1.000000 -0.000000 0.000008 0.032655 -0.999467 0.000010 0.032655 -0.999467 0.108559 0.032655 -0.993554 0.108563 0.032654 -0.993553 0.214276 0.032655 -0.976227 0.214276 0.032655 -0.976227 0.315685 0.032655 -0.948302 0.315677 0.032655 -0.948305 0.410747 0.032655 -0.911164 0.000008 0.032655 -0.999467 0.000006 0.032655 -0.999467 0.108567 0.032655 -0.993553 0.000009 0.032655 -0.999467 0.214276 0.032655 -0.976227 0.506394 0.032654 -0.861684 0.506274 0.032662 -0.861754 0.410747 0.032655 -0.911164 0.315692 0.032655 -0.948300 0.586765 0.032665 -0.809098 0.586816 0.032656 -0.809061 0.653294 0.032660 -0.756400 0.653260 0.032654 -0.756429 0.707610 0.032655 -0.705848 0.707610 0.032655 -0.705848 0.756692 0.032660 -0.652956 0.778979 0.032654 -0.626199 0.799837 0.032664 -0.599327 0.837441 0.032656 -0.545552 0.837454 0.032666 -0.545531 0.870074 0.032663 -0.491837 0.837468 0.032656 -0.545510 0.884663 0.032654 -0.465086 0.922066 0.032655 -0.385652 0.922066 0.032655 -0.385652 0.946861 0.032662 -0.319979 0.957219 0.032653 -0.287517 0.966368 0.032667 -0.255080 0.981056 0.032657 -0.190951 0.981057 0.032667 -0.190944 0.991316 0.032662 -0.127377 0.981059 0.032657 -0.190938 0.994860 0.032656 -0.095850 0.884602 0.032654 -0.465203 0.922066 0.032655 -0.385652 0.957267 0.032653 -0.287356 0.997402 0.032654 -0.064208 0.999466 0.032652 -0.001143 0.999466 0.032650 -0.001182 0.995092 0.032658 0.093412 0.995103 0.032656 0.093298 0.981524 0.032657 0.188530 0.981517 0.032667 0.188565 0.957934 0.032653 0.285123 0.957951 0.032665 0.285068 0.923047 0.032655 0.383300 0.923047 0.032655 0.383300 0.885697 0.032654 0.463114 0.885675 0.032660 0.463156 0.838521 0.032656 0.543890 0.838524 0.032664 0.543885 0.780022 0.032654 0.624899 0.780062 0.032662 0.624849 0.708823 0.032655 0.704630 0.708823 0.032655 0.704630 0.647273 0.032655 0.761559 0.647267 0.032656 0.761563 0.577532 0.032658 0.815715 0.577546 0.032655 0.815705 0.499081 0.032655 0.865940 0.995081 0.032656 0.093532 0.981511 0.032657 0.188601 0.957969 0.032653 0.285009 0.923047 0.032655 0.383300 0.885651 0.032654 0.463202 0.838527 0.032656 0.543881 0.780106 0.032654 0.624795 0.708823 0.032655 0.704630 0.647261 0.032655 0.761569 0.499046 0.032657 0.865960 0.411587 0.032655 0.910785 0.411587 0.032655 0.910785 0.316465 0.032655 0.948042 0.316464 0.032655 0.948042 0.214992 0.032655 0.976070 0.214992 0.032655 0.976070 0.108928 0.032655 0.993513 0.108928 0.032654 0.993513 0.000007 0.032655 0.999467 0.000009 0.032655 0.999467 0.000008 0.032655 0.999467 0.108927 0.032655 0.993513 0.000006 0.032655 0.999467 0.000008 0.032655 0.999467 0.316466 0.032655 0.948042 0.214992 0.032655 0.976070 0.411587 0.032655 0.910785 0.499014 0.032655 0.865979 0.577518 0.032655 0.815725 0.999466 0.032652 -0.001220 0.994871 0.032656 -0.095734 0.778935 0.032654 -0.626254 0.707610 0.032655 -0.705848 0.653323 0.032654 -0.756375 0.586716 0.032656 -0.809134 0.506163 0.032654 -0.861819 0.410747 0.032655 -0.911164 -0.000000 -1.000000 -0.000000 -0.000000 -1.000000 -0.000000 -0.000000 -1.000000 -0.000000 -0.000000 -1.000000 -0.000000 -0.000000 -1.000000 -0.000000 -0.000000 -1.000000 -0.000000 -0.000000 -1.000000 -0.000000 -0.000000 -1.000000 -0.000000 -0.000000 -1.000000 -0.000000 -0.000000 -1.000000 -0.000000 -0.000000 -1.000000 -0.000000 -0.000000 -1.000000 -0.000000 -0.000000 -1.000000 -0.000000 -0.000000 -1.000000 -0.000000 -0.000000 -1.000000 -0.000000 -0.000000 -1.000000 -0.000000 -0.000000 -1.000000 -0.000000 -0.000000 -1.000000 -0.000000 -0.000000 -1.000000 -0.000000 -0.000000 -1.000000 -0.000000 -0.000000 -1.000000 -0.000000 -0.000000 -1.000000 -0.000000 -0.000000 -1.000000 -0.000000 -0.000000 -1.000000 -0.000000 -0.000000 -1.000000 -0.000000 -0.000000 -1.000000 -0.000000 -0.000000 -1.000000 -0.000000 -0.000000 -1.000000 -0.000000 -0.000000 -1.000000 -0.000000 -0.000000 -1.000000 -0.000000 -0.000000 -1.000000 -0.000000 -0.000000 -1.000000 -0.000000 -0.000000 -1.000000 -0.000000 -0.000000 -1.000000 -0.000000 -0.000000 -1.000000 -0.000000 -0.000000 -1.000000 -0.000000 -0.000000 -1.000000 -0.000000 -0.000000 -1.000000 -0.000000 -0.000000 -1.000000 -0.000000 -0.000000 -1.000000 -0.000000 -0.000000 -1.000000 -0.000000 -0.000000 -1.000000 -0.000000 -0.000000 -1.000000 -0.000000 -0.000000 -1.000000 -0.000000 -0.000000 -1.000000 -0.000000 -0.000000 -1.000000 -0.000000 -0.000000 -1.000000 -0.000000 -0.000000 -1.000000 -0.000000 -0.000000 -1.000000 -0.000000 -0.000000 -1.000000 -0.000000 -0.000000 -1.000000 -0.000000 -0.000000 -1.000000 -0.000000 -0.000000 -1.000000 -0.000000 -0.000000 -1.000000 -0.000000 -0.000000 -1.000000 -0.000000 -0.000000 -1.000000 -0.000000 -0.000000 -1.000000 -0.000000 -0.000000 -1.000000 -0.000000 -0.000000 -1.000000 -0.000000 -0.000000 -1.000000 -0.000000 -0.000000 -1.000000 -0.000000 -0.000000 -1.000000 -0.000000 -0.000000 -1.000000 -0.000000 -0.000000 -1.000000 -0.000000 -0.000000 -1.000000 -0.000000 -0.000000 -1.000000 -0.000000 -0.000000 -1.000000 -0.000000 -0.000000 -1.000000 -0.000000 -0.000000 -1.000000 -0.000000 -0.000000 -1.000000 -0.000000 -0.000000 -1.000000 -0.000000 -0.000000 -1.000000 -0.000000 -0.000000 -1.000000 -0.000000 -0.000000 -1.000000 -0.000000 -0.000000 -1.000000 -0.000000 -0.000000 -1.000000 -0.000000 -0.000000 -1.000000 -0.000000 -0.000000 -1.000000 -0.000000 -0.000000 -1.000000 -0.000000 -0.000000 -1.000000 -0.000000 -0.000000 -1.000000 -0.000000 -0.000000 -1.000000 -0.000000 -0.000000 -1.000000 -0.000000 -0.000000 -1.000000 -0.000000 -0.000000 -1.000000 -0.000000 -0.000000 -1.000000 -0.000000 -0.000000 -1.000000 -0.000000 -0.000000 -1.000000 -0.000000 -0.000000 -1.000000 -0.000000 -0.000000 -1.000000 -0.000000 -0.000000 -1.000000 -0.000000 -0.000000 -1.000000 -0.000000 -0.000000 -1.000000 -0.000000 -0.000000 -1.000000 -0.000000 -0.000000 -1.000000 -0.000000 -0.000000 -1.000000 -0.000000 -0.000000 -1.000000 -0.000000 -0.000000 -1.000000 -0.000000 -0.000000 -1.000000 -0.000000 -0.000000 -1.000000 -0.000000 -0.000000 -1.000000 -0.000000 -0.000000 -1.000000 -0.000000 -0.000000 -1.000000 -0.000000 -0.000000 -1.000000 -0.000000 -0.000000 -1.000000 -0.000000 -0.000000 -1.000000 -0.000000 -0.000000 -1.000000 -0.000000 -0.000000 -1.000000 -0.000000 -0.000000 -1.000000 -0.000000 -0.000000 -1.000000 -0.000000 -0.000000 -1.000000 -0.000000 -0.000000 -1.000000 -0.000000 -0.000000 -1.000000 -0.000000 -0.000000 -1.000000 -0.000000 -0.000000 -1.000000 -0.000000 -0.000000 -1.000000 -0.000000 -0.000000 -1.000000 -0.000000 -0.000000 -1.000000 -0.000000 -0.000000 -1.000000 -0.000000 -0.000000 -1.000000 -0.000000 -0.000000 -1.000000 -0.000000 -0.000000 -1.000000 -0.000000 -0.000000 -1.000000 -0.000000 -0.000000 -1.000000 -0.000000 -0.000000 -1.000000 -0.000000 -0.000000 -1.000000 -0.000000 -0.000000 -1.000000 -0.000000 -0.000000 -1.000000 -0.000000 -0.000000 -1.000000 -0.000000 -0.000000 -1.000000 -0.000000 -0.000000 -1.000000 -0.000000 -0.000000 -1.000000 -0.000000 -0.000000 -1.000000 -0.000000 0.000001 0.032655 0.999467 -0.000001 0.032655 0.999467 -0.108555 0.032655 0.993554 -0.108558 0.032654 0.993554 -0.214257 0.032655 0.976231 -0.214257 0.032655 0.976231 -0.315650 0.032655 0.948314 -0.315645 0.032655 0.948315 -0.410704 0.032655 0.911184 0.000001 0.032655 0.999467 0.000002 0.032655 0.999467 -0.108561 0.032655 0.993553 0.000001 0.032655 0.999467 -0.214257 0.032655 0.976231 -0.505450 0.032654 0.862238 -0.505342 0.032661 0.862301 -0.410704 0.032655 0.911184 -0.315656 0.032655 0.948312 -0.585612 0.032664 0.809933 -0.585660 0.032656 0.809899 -0.652472 0.032660 0.757109 -0.652444 0.032655 0.757133 -0.707572 0.032655 0.705886 -0.707572 0.032655 0.705886 -0.756657 0.032660 0.652996 -0.778950 0.032654 0.626235 -0.799804 0.032664 0.599372 -0.837413 0.032656 0.545594 -0.837423 0.032665 0.545579 -0.870036 0.032663 0.491906 -0.837434 0.032656 0.545562 -0.884620 0.032654 0.465167 -0.922010 0.032655 0.385788 -0.922010 0.032655 0.385788 -0.946871 0.032662 0.319951 -0.957250 0.032652 0.287413 -0.966390 0.032668 0.254997 -0.981085 0.032658 0.190803 -0.981076 0.032669 0.190846 -0.991317 0.032663 0.127373 -0.981068 0.032658 0.190890 -0.994856 0.032656 0.095889 -0.884564 0.032654 0.465275 -0.922010 0.032655 0.385788 -0.957285 0.032652 0.287297 -0.997399 0.032654 0.064260 -0.999466 0.032651 0.001202 -0.999466 0.032650 0.001159 -0.995081 0.032656 -0.093523 -0.995087 0.032658 -0.093461 -0.981520 0.032658 -0.188553 -0.981518 0.032668 -0.188560 -0.957990 0.032652 -0.284935 -0.957964 0.032666 -0.285022 -0.923041 0.032655 -0.383314 -0.923041 0.032655 -0.383314 -0.885675 0.032660 -0.463156 -0.885699 0.032654 -0.463110 -0.838536 0.032656 -0.543866 -0.838539 0.032665 -0.543862 -0.780038 0.032654 -0.624880 -0.780080 0.032662 -0.624826 -0.708795 0.032655 -0.704658 -0.708795 0.032655 -0.704658 -0.647260 0.032655 -0.761570 -0.647252 0.032656 -0.761576 -0.577535 0.032658 -0.815713 -0.577548 0.032655 -0.815703 -0.499092 0.032655 -0.865933 -0.885649 0.032654 -0.463205 -0.838542 0.032656 -0.543857 -0.780127 0.032654 -0.624769 -0.708795 0.032655 -0.704658 -0.647243 0.032655 -0.761584 -0.499056 0.032657 -0.865954 -0.411573 0.032655 -0.910792 -0.411573 0.032655 -0.910792 -0.316462 0.032655 -0.948043 -0.316461 0.032655 -0.948043 -0.214985 0.032655 -0.976071 -0.214985 0.032655 -0.976071 -0.108924 0.032655 -0.993514 -0.108923 0.032654 -0.993514 -0.000007 0.032655 -0.999467 -0.000009 0.032655 -0.999467 -0.000008 0.032655 -0.999467 -0.108921 0.032655 -0.993514 -0.000006 0.032655 -0.999467 -0.000008 0.032655 -0.999467 -0.316464 0.032655 -0.948042 -0.214985 0.032655 -0.976071 -0.411573 0.032655 -0.910792 -0.499022 0.032655 -0.865974 -0.577522 0.032655 -0.815722 -0.923041 0.032655 -0.383314 -0.957940 0.032652 -0.285105 -0.981517 0.032658 -0.188568 -0.995093 0.032656 -0.093404 -0.999466 0.032651 0.001116 -0.994881 0.032656 0.095628 -0.778901 0.032654 0.626296 -0.707572 0.032655 0.705886 -0.652496 0.032655 0.757088 -0.585566 0.032656 0.809967 -0.505241 0.032654 0.862360 -0.410704 0.032655 0.911184 -0.000000 0.032655 -0.999467 -0.000000 0.032655 -0.999467 -0.000000 0.032655 -0.999467 -0.000000 0.032655 -0.999467 -0.000000 0.032655 -0.999467 -0.000000 0.032655 -0.999467 -0.000000 0.032655 -0.999467 -0.000000 0.032655 -0.999467 -0.000000 0.032655 -0.999467 -0.000000 0.032655 -0.999467 -0.000000 0.032655 -0.999467 -0.000000 0.032655 -0.999467 -0.000000 0.032655 -0.999467 -0.000000 0.032655 -0.999467 -0.000000 0.032655 -0.999467 -0.000000 0.032655 -0.999467 -0.000000 0.032655 -0.999467 -0.000000 0.032655 -0.999467 -0.000000 0.032655 -0.999467 -0.000000 0.032655 -0.999467 -0.000000 0.032655 -0.999467 -0.000000 0.032655 -0.999467 -0.000000 0.032655 -0.999467 -0.000000 0.032655 -0.999467 -0.000000 0.032655 -0.999467 -0.000000 0.032655 -0.999467 -0.000000 0.032655 -0.999467 -0.000000 0.032655 -0.999467 -0.000000 0.032655 -0.999467 -0.000000 0.032655 -0.999467 -0.000000 0.032655 -0.999467 -0.000000 0.032655 -0.999467 -0.000000 0.032655 -0.999467 -0.000000 0.032655 -0.999467 -0.000000 0.032655 -0.999467 -0.000000 0.032655 -0.999467 -0.000000 0.032655 -0.999467 -0.000000 0.032655 -0.999467 -0.000000 0.032655 -0.999467 -0.000000 0.032655 -0.999467 -0.000000 0.032655 -0.999467 -0.000000 0.032655 -0.999467 -0.000000 0.032655 -0.999467 -0.000000 0.032655 -0.999467 -0.000000 0.032655 -0.999467 -0.000000 0.032655 -0.999467 -0.000000 0.032655 -0.999467 -0.000000 0.032655 -0.999467 -0.000000 0.032655 -0.999467 -0.000000 0.032655 -0.999467 -0.000000 0.032655 -0.999467 -0.000000 0.032655 -0.999467 -0.000000 0.032655 -0.999467 -0.000000 0.032655 -0.999467 -0.000000 0.032655 -0.999467 -0.000000 0.032655 -0.999467 -0.000000 0.032655 -0.999467 -0.000000 0.032655 -0.999467 -0.000000 0.032655 -0.999467 -0.000000 0.032655 -0.999467 -0.000000 0.032655 -0.999467 -0.000000 0.032655 -0.999467 -0.000000 0.032655 -0.999467 -0.000000 0.032655 -0.999467 -0.000000 0.032655 -0.999467 -0.000000 0.032655 -0.999467 -0.000000 0.032655 -0.999467 -0.000000 0.032655 -0.999467 -0.000000 0.032655 -0.999467 -0.000000 0.032655 -0.999467 -0.000000 0.032655 -0.999467 -0.000000 0.032655 -0.999467 0.965926 0.258681 0.008452 0.965926 0.258681 0.008452 1.000000 0.000000 -0.000000 1.000000 0.000000 -0.000000 0.965926 -0.258681 -0.008452 0.965926 -0.258681 -0.008452 0.866025 -0.499733 -0.016327 0.866025 -0.499733 -0.016327 0.707107 -0.706730 -0.023090 0.707107 -0.706730 -0.023090 0.500000 -0.865564 -0.028280 0.500000 -0.865564 -0.028280 0.258819 -0.965411 -0.031542 0.258819 -0.965411 -0.031542 0.000000 -0.999467 -0.032655 0.000000 -0.999467 -0.032655 -0.258819 -0.965411 -0.031542 -0.258819 -0.965411 -0.031542 -0.500000 -0.865564 -0.028280 -0.500000 -0.865564 -0.028280 -0.707107 -0.706730 -0.023090 -0.707107 -0.706730 -0.023090 -0.866025 -0.499733 -0.016327 -0.866025 -0.499733 -0.016327 -0.965926 -0.258681 -0.008452 -0.965926 -0.258681 -0.008452 -1.000000 -0.000000 0.000000 -1.000000 -0.000000 -0.000000 -0.965926 0.258681 0.008452 -0.965926 0.258681 0.008452 -0.866025 0.499733 0.016327 -0.866025 0.499733 0.016327 -0.707107 0.706730 0.023090 -0.707107 0.706730 0.023090 -0.500000 0.865564 0.028280 -0.500000 0.865564 0.028280 -0.258819 0.965411 0.031542 -0.258819 0.965411 0.031542 0.000000 0.999467 0.032655 0.000000 0.999467 0.032655 0.258819 0.965411 0.031542 0.258819 0.965411 0.031542 0.500000 0.865564 0.028280 0.500000 0.865564 0.028280 0.707107 0.706730 0.023090 0.707107 0.706730 0.023090 0.866025 0.499733 0.016327 0.866025 0.499733 0.016327</float_array>
          <technique_common>
            <accessor source="#zed2_camera_link-mesh-normals-array" count="2544" stride="3">
              <param name="X" type="float"/>
              <param name="Y" type="float"/>
              <param name="Z" type="float"/>
            </accessor>
          </technique_common>
        </source>
        <vertices id="zed2_camera_link-mesh-vertices">
          <input semantic="POSITION" source="#zed2_camera_link-mesh-positions"/>
        </vertices>
        <triangles material="Nylon_12__with_Formlabs_Fuse_1_3D_Printer_" count="3572">
          <input semantic="VERTEX" source="#zed2_camera_link-mesh-vertices" offset="0"/>
          <input semantic="NORMAL" source="#zed2_camera_link-mesh-normals" offset="1"/>
          <p>1 0 53 1 0 2 0 2 53 1 48 3 0 2 48 3 23 4 23 4 48 3 163 5 23 4 163 5 22 6 22 6 163 5 158 7 22 6 158 7 21 8 21 8 158 7 153 9 21 8 153 9 20 10 20 10 153 9 148 11 20 10 148 11 19 12 19 12 148 11 143 13 19 12 143 13 18 14 18 14 143 13 138 15 18 14 138 15 17 16 17 16 138 15 133 17 17 16 133 17 16 18 16 18 133 17 128 19 16 18 128 19 15 20 15 20 128 19 123 21 15 20 123 21 14 22 14 22 123 21 118 23 14 22 118 23 13 24 13 24 118 23 113 25 13 24 113 25 12 26 12 26 113 25 108 27 12 26 108 27 11 28 11 28 108 27 103 29 11 28 103 29 10 30 10 30 103 29 98 31 10 30 98 31 9 32 9 32 98 31 93 33 9 32 93 33 8 34 8 34 93 33 88 35 8 34 88 35 7 36 7 36 88 35 83 37 7 36 83 37 6 38 6 38 83 37 78 39 6 38 78 39 5 40 5 40 78 39 73 41 5 40 73 41 4 42 4 42 73 41 68 43 4 42 68 43 3 44 3 44 68 43 63 45 3 44 63 45 2 46 2 46 63 45 58 47 2 46 58 47 1 0 1 0 58 47 53 1 25 48 167 49 24 50 24 50 167 49 52 51 24 50 52 51 47 52 47 52 52 51 57 53 47 52 57 53 46 54 46 54 57 53 62 55 46 54 62 55 45 56 45 56 62 55 67 57 45 56 67 57 44 58 44 58 67 57 72 59 44 58 72 59 43 60 43 60 72 59 77 61 43 60 77 61 42 62 42 62 77 61 82 63 42 62 82 63 41 64 41 64 82 63 87 65 41 64 87 65 40 66 40 66 87 65 92 67 40 66 92 67 39 68 39 68 92 67 97 69 39 68 97 69 38 70 38 70 97 69 102 71 38 70 102 71 37 72 37 72 102 71 107 73 37 72 107 73 36 74 36 74 107 73 112 75 36 74 112 75 35 76 35 76 112 75 117 77 35 76 117 77 34 78 34 78 117 77 122 79 34 78 122 79 33 80 33 80 122 79 127 81 33 80 127 81 32 82 32 82 127 81 132 83 32 82 132 83 31 84 31 84 132 83 137 85 31 84 137 85 30 86 30 86 137 85 142 87 30 86 142 87 29 88 29 88 142 87 147 89 29 88 147 89 28 90 28 90 147 89 152 91 28 90 152 91 27 92 27 92 152 91 157 93 27 92 157 93 26 94 26 94 157 93 162 95 26 94 162 95 25 48 25 48 162 95 167 49 48 3 49 96 163 5 163 5 49 96 164 97 163 5 164 97 158 7 158 7 164 97 159 98 158 7 159 98 153 9 153 9 159 98 154 99 153 9 154 99 148 11 148 11 154 99 149 100 148 11 149 100 143 13 143 13 149 100 144 101 143 13 144 101 138 15 138 15 144 101 139 102 138 15 139 102 133 17 133 17 139 102 134 103 133 17 134 103 128 19 128 19 134 103 129 104 128 19 129 104 123 21 123 21 129 104 124 105 123 21 124 105 118 23 118 23 124 105 119 106 118 23 119 106 113 25 113 25 119 106 114 107 113 25 114 107 108 27 108 27 114 107 109 108 108 27 109 108 103 29 103 29 109 108 104 109 103 29 104 109 98 31 98 31 104 109 99 110 98 31 99 110 93 33 93 33 99 110 94 111 93 33 94 111 88 35 88 35 94 111 89 112 88 35 89 112 83 37 83 37 89 112 84 113 83 37 84 113 78 39 78 39 84 113 79 114 78 39 79 114 73 41 73 41 79 114 74 115 73 41 74 115 68 43 68 43 74 115 69 116 68 43 69 116 63 45 63 45 69 116 64 117 63 45 64 117 58 47 58 47 64 117 59 118 58 47 59 118 53 1 53 1 59 118 54 119 53 1 54 119 48 3 48 3 54 119 49 96 49 96 50 120 164 97 164 97 50 120 165 121 164 97 165 121 159 98 159 98 165 121 160 122 159 98 160 122 154 99 154 99 160 122 155 123 154 99 155 123 149 100 149 100 155 123 150 124 149 100 150 124 144 101 144 101 150 124 145 125 144 101 145 125 139 102 139 102 145 125 140 126 139 102 140 126 134 103 134 103 140 126 135 127 134 103 135 127 129 104 129 104 135 127 130 128 129 104 130 128 124 105 124 105 130 128 125 129 124 105 125 129 119 106 119 106 125 129 120 130 119 106 120 130 114 107 114 107 120 130 115 131 114 107 115 131 109 108 109 108 115 131 110 132 109 108 110 132 104 109 104 109 110 132 105 133 104 109 105 133 99 110 99 110 105 133 100 134 99 110 100 134 94 111 94 111 100 134 95 135 94 111 95 135 89 112 89 112 95 135 90 136 89 112 90 136 84 113 84 113 90 136 85 137 84 113 85 137 79 114 79 114 85 137 80 138 79 114 80 138 74 115 74 115 80 138 75 139 74 115 75 139 69 116 69 116 75 139 70 140 69 116 70 140 64 117 64 117 70 140 65 141 64 117 65 141 59 118 59 118 65 141 60 142 59 118 60 142 54 119 54 119 60 142 55 143 54 119 55 143 49 96 49 96 55 143 50 120 50 120 51 144 165 121 165 121 51 144 166 145 165 121 166 145 160 122 160 122 166 145 161 146 160 122 161 146 155 123 155 123 161 146 156 147 155 123 156 147 150 124 150 124 156 147 151 148 150 124 151 148 145 125 145 125 151 148 146 149 145 125 146 149 140 126 140 126 146 149 141 150 140 126 141 150 135 127 135 127 141 150 136 151 135 127 136 151 130 128 130 128 136 151 131 152 130 128 131 152 125 129 125 129 131 152 126 153 125 129 126 153 120 130 120 130 126 153 121 154 120 130 121 154 115 131 115 131 121 154 116 155 115 131 116 155 110 132 110 132 116 155 111 156 110 132 111 156 105 133 105 133 111 156 106 157 105 133 106 157 100 134 100 134 106 157 101 158 100 134 101 158 95 135 95 135 101 158 96 159 95 135 96 159 90 136 90 136 96 159 91 160 90 136 91 160 85 137 85 137 91 160 86 161 85 137 86 161 80 138 80 138 86 161 81 162 80 138 81 162 75 139 75 139 81 162 76 163 75 139 76 163 70 140 70 140 76 163 71 164 70 140 71 164 65 141 65 141 71 164 66 165 65 141 66 165 60 142 60 142 66 165 61 166 60 142 61 166 55 143 55 143 61 166 56 167 55 143 56 167 50 120 50 120 56 167 51 144 51 144 52 51 166 145 166 145 52 51 167 49 166 145 167 49 161 146 161 146 167 49 162 95 161 146 162 95 156 147 156 147 162 95 157 93 156 147 157 93 151 148 151 148 157 93 152 91 151 148 152 91 146 149 146 149 152 91 147 89 146 149 147 89 141 150 141 150 147 89 142 87 141 150 142 87 136 151 136 151 142 87 137 85 136 151 137 85 131 152 131 152 137 85 132 83 131 152 132 83 126 153 126 153 132 83 127 81 126 153 127 81 121 154 121 154 127 81 122 79 121 154 122 79 116 155 116 155 122 79 117 77 116 155 117 77 111 156 111 156 117 77 112 75 111 156 112 75 106 157 106 157 112 75 107 73 106 157 107 73 101 158 101 158 107 73 102 71 101 158 102 71 96 159 96 159 102 71 97 69 96 159 97 69 91 160 91 160 97 69 92 67 91 160 92 67 86 161 86 161 92 67 87 65 86 161 87 65 81 162 81 162 87 65 82 63 81 162 82 63 76 163 76 163 82 63 77 61 76 163 77 61 71 164 71 164 77 61 72 59 71 164 72 59 66 165 66 165 72 59 67 57 66 165 67 57 61 166 61 166 67 57 62 55 61 166 62 55 56 167 56 167 62 55 57 53 56 167 57 53 51 144 51 144 57 53 52 51 169 168 179 169 168 170 168 170 179 169 180 171 168 170 180 171 191 172 191 172 180 171 181 173 191 172 181 173 190 174 190 174 181 173 182 175 190 174 182 175 189 176 189 176 182 175 183 177 189 176 183 177 188 178 188 178 183 177 184 179 188 178 184 179 187 180 187 180 184 179 185 181 187 180 185 181 186 182 179 169 169 168 178 183 178 183 169 168 170 184 178 183 170 184 177 185 177 185 170 184 171 186 177 185 171 186 176 187 176 187 171 186 172 188 176 187 172 188 175 189 175 189 172 188 173 190 175 189 173 190 174 191 232 192 192 193 209 194 209 194 192 193 193 195 209 194 193 195 194 196 194 196 195 197 209 194 209 194 195 197 196 198 209 194 196 198 208 199 208 199 196 198 197 200 208 199 197 200 207 201 207 201 197 200 198 202 207 201 198 202 206 203 206 203 198 202 199 204 206 203 199 204 205 205 205 205 199 204 200 206 205 205 200 206 204 207 204 207 200 206 201 208 204 207 201 208 203 209 203 209 201 208 202 210 210 211 222 212 209 194 209 194 222 212 223 213 209 194 223 213 224 214 211 215 215 216 210 211 210 211 215 216 216 217 210 211 216 217 217 218 215 216 211 215 214 219 214 219 211 215 212 220 214 219 212 220 213 221 217 218 218 222 210 211 210 211 218 222 219 223 210 211 219 223 220 224 220 224 221 225 210 211 210 211 221 225 222 212 224 214 225 226 209 194 209 194 225 226 226 227 209 194 226 227 227 228 227 228 228 229 209 194 209 194 228 229 229 230 209 194 229 230 230 231 230 231 231 232 209 194 209 194 231 232 232 192 273 233 233 234 250 235 250 235 233 234 234 236 250 235 234 236 235 237 235 237 236 238 250 235 250 235 236 238 237 239 250 235 237 239 249 240 249 240 237 239 238 241 249 240 238 241 248 242 248 242 238 241 239 243 248 242 239 243 247 244 247 244 239 243 240 245 247 244 240 245 246 246 246 246 240 245 241 247 246 246 241 247 245 248 245 248 241 247 242 249 245 248 242 249 244 250 244 250 242 249 243 251 251 252 263 253 250 235 250 235 263 253 264 254 250 235 264 254 265 255 252 256 256 257 251 252 251 252 256 257 257 258 251 252 257 258 258 259 256 257 252 256 255 260 255 260 252 256 253 261 255 260 253 261 254 262 258 259 259 263 251 252 251 252 259 263 260 264 251 252 260 264 261 265 261 265 262 266 251 252 251 252 262 266 263 253 265 255 266 267 250 235 250 235 266 267 267 268 250 235 267 268 268 269 268 269 269 270 250 235 250 235 269 270 270 271 250 235 270 271 271 272 271 272 272 273 250 235 250 235 272 273 273 233 191 274 297 275 168 276 168 276 297 275 274 277 168 276 274 277 169 278 169 278 274 277 275 279 169 278 275 279 170 280 170 280 275 279 276 281 170 280 276 281 171 282 171 282 276 281 277 283 171 282 277 283 172 284 172 284 277 283 278 285 172 284 278 285 173 286 173 286 278 285 279 287 173 286 279 287 174 288 174 288 279 287 280 289 174 288 280 289 175 290 175 290 280 289 281 291 175 290 281 291 176 292 176 292 281 291 282 293 176 292 282 293 177 294 177 294 282 293 283 295 177 294 283 295 178 296 178 296 283 295 284 297 178 296 284 297 179 298 179 298 284 297 285 299 179 298 285 299 180 300 180 300 285 299 286 301 180 300 286 301 181 302 181 302 286 301 287 303 181 302 287 303 182 304 182 304 287 303 288 305 182 304 288 305 183 306 183 306 288 305 289 307 183 306 289 307 184 308 184 308 289 307 290 309 184 308 290 309 185 310 185 310 290 309 291 311 185 310 291 311 186 312 186 312 291 311 292 313 186 312 292 313 187 314 187 314 292 313 293 315 187 314 293 315 188 316 188 316 293 315 294 317 188 316 294 317 189 318 189 318 294 317 295 319 189 318 295 319 190 320 190 320 295 319 296 321 190 320 296 321 191 274 191 274 296 321 297 275 232 322 338 323 192 324 192 324 338 323 298 325 192 324 298 325 193 326 193 326 298 325 299 327 193 326 299 327 194 328 194 328 299 327 300 329 194 328 300 329 195 330 195 330 300 329 301 331 195 330 301 331 196 332 196 332 301 331 302 333 196 332 302 333 197 334 197 334 302 333 303 335 197 334 303 335 198 336 198 336 303 335 304 337 198 336 304 337 199 338 199 338 304 337 305 339 199 338 305 339 200 340 200 340 305 339 306 341 200 340 306 341 201 342 201 342 306 341 307 343 201 342 307 343 202 344 202 344 307 343 308 345 202 344 308 345 203 346 203 346 308 345 309 347 203 346 309 347 204 348 204 348 309 347 310 349 204 348 310 349 205 350 205 350 310 349 311 351 205 350 311 351 206 352 206 352 311 351 312 353 206 352 312 353 207 354 207 354 312 353 313 355 207 354 313 355 208 356 208 356 313 355 314 357 208 356 314 357 209 358 209 358 314 357 315 359 209 358 315 359 210 360 210 360 315 359 316 361 210 360 316 361 211 362 211 362 316 361 317 363 211 362 317 363 212 364 212 364 317 363 318 365 212 364 318 365 213 366 213 366 318 365 319 367 213 366 319 367 214 368 214 368 319 367 320 369 214 368 320 369 215 370 215 370 320 369 321 371 215 370 321 371 216 372 216 372 321 371 322 373 216 372 322 373 217 374 217 374 322 373 323 375 217 374 323 375 218 376 218 376 323 375 324 377 218 376 324 377 219 378 219 378 324 377 325 379 219 378 325 379 220 380 220 380 325 379 326 381 220 380 326 381 221 382 221 382 326 381 327 383 221 382 327 383 222 384 222 384 327 383 328 385 222 384 328 385 223 386 223 386 328 385 329 387 223 386 329 387 224 388 224 388 329 387 330 389 224 388 330 389 225 390 225 390 330 389 331 391 225 390 331 391 226 392 226 392 331 391 332 393 226 392 332 393 227 394 227 394 332 393 333 395 227 394 333 395 228 396 228 396 333 395 334 397 228 396 334 397 229 398 229 398 334 397 335 399 229 398 335 399 230 400 230 400 335 399 336 401 230 400 336 401 231 402 231 402 336 401 337 403 231 402 337 403 232 322 232 322 337 403 338 323 273 404 379 405 233 406 233 406 379 405 339 407 233 406 339 407 234 408 234 408 339 407 340 409 234 408 340 409 235 410 235 410 340 409 341 411 235 410 341 411 236 412 236 412 341 411 342 413 236 412 342 413 237 414 237 414 342 413 343 415 237 414 343 415 238 416 238 416 343 415 344 417 238 416 344 417 239 418 239 418 344 417 345 419 239 418 345 419 240 420 240 420 345 419 346 421 240 420 346 421 241 422 241 422 346 421 347 423 241 422 347 423 242 424 242 424 347 423 348 425 242 424 348 425 243 426 243 426 348 425 349 427 243 426 349 427 244 428 244 428 349 427 350 429 244 428 350 429 245 430 245 430 350 429 351 431 245 430 351 431 246 432 246 432 351 431 352 433 246 432 352 433 247 434 247 434 352 433 353 435 247 434 353 435 248 436 248 436 353 435 354 437 248 436 354 437 249 438 249 438 354 437 355 439 249 438 355 439 250 440 250 440 355 439 356 441 250 440 356 441 251 442 251 442 356 441 357 443 251 442 357 443 252 444 252 444 357 443 358 445 252 444 358 445 253 446 253 446 358 445 359 447 253 446 359 447 254 448 254 448 359 447 360 449 254 448 360 449 255 450 255 450 360 449 361 451 255 450 361 451 256 452 256 452 361 451 362 453 256 452 362 453 257 454 257 454 362 453 363 455 257 454 363 455 258 456 258 456 363 455 364 457 258 456 364 457 259 458 259 458 364 457 365 459 259 458 365 459 260 460 260 460 365 459 366 461 260 460 366 461 261 462 261 462 366 461 367 463 261 462 367 463 262 464 262 464 367 463 368 465 262 464 368 465 263 466 263 466 368 465 369 467 263 466 369 467 264 468 264 468 369 467 370 469 264 468 370 469 265 470 265 470 370 469 371 471 265 470 371 471 266 472 266 472 371 471 372 473 266 472 372 473 267 474 267 474 372 473 373 475 267 474 373 475 268 476 268 476 373 475 374 477 268 476 374 477 269 478 269 478 374 477 375 479 269 478 375 479 270 480 270 480 375 479 376 481 270 480 376 481 271 482 271 482 376 481 377 483 271 482 377 483 272 484 272 484 377 483 378 485 272 484 378 485 273 404 273 404 378 485 379 405 408 486 380 487 395 488 395 488 380 487 381 489 395 488 381 489 382 490 383 491 392 492 382 490 382 490 392 492 393 493 382 490 393 493 394 494 384 495 386 496 383 491 383 491 386 496 387 497 383 491 387 497 388 498 384 495 385 499 386 496 388 498 389 500 383 491 383 491 389 500 390 501 383 491 390 501 391 502 391 502 392 492 383 491 394 494 395 488 382 490 396 503 405 504 395 488 395 488 405 504 406 505 395 488 406 505 407 506 396 503 397 507 405 504 405 504 397 507 398 508 405 504 398 508 404 509 404 509 398 508 399 510 404 509 399 510 403 511 403 511 399 510 402 512 402 512 399 510 400 513 402 512 400 513 401 514 407 506 408 486 395 488 410 515 328 516 409 517 409 517 328 516 371 518 409 517 371 518 370 519 411 520 412 521 410 515 410 515 412 521 413 522 410 515 413 522 329 523 329 523 413 522 414 524 329 523 414 524 415 525 329 523 415 525 330 526 330 526 415 525 416 527 330 526 416 527 417 528 330 526 417 528 331 529 331 529 417 528 418 530 331 529 418 530 332 531 332 531 418 530 419 532 332 531 419 532 333 533 333 533 419 532 420 534 333 533 420 534 334 535 334 535 420 534 421 536 334 535 421 536 335 537 335 537 421 536 422 538 335 537 422 538 336 539 336 539 422 538 423 540 336 539 423 540 337 541 337 541 423 540 424 542 337 541 424 542 338 543 338 543 424 542 425 544 338 543 425 544 298 545 298 545 425 544 299 546 299 546 425 544 426 547 299 546 426 547 300 548 300 548 426 547 427 549 300 548 427 549 301 550 301 550 427 549 428 551 301 550 428 551 302 552 302 552 428 551 429 553 302 552 429 553 430 554 302 552 430 554 303 555 303 555 430 554 431 556 303 555 431 556 304 557 304 557 431 556 432 558 304 557 432 558 305 559 305 559 432 558 433 560 305 559 433 560 306 561 306 561 433 560 434 562 306 561 434 562 307 563 307 563 434 562 435 564 307 563 435 564 308 565 308 565 435 564 436 566 308 565 436 566 437 567 308 565 437 567 441 568 441 568 437 567 438 569 441 568 438 569 439 570 439 570 440 571 441 568 308 565 441 568 309 572 309 572 441 568 442 573 309 572 442 573 348 574 348 574 442 573 349 575 349 575 442 573 350 576 350 576 442 573 447 577 350 576 447 577 448 578 443 579 444 580 442 573 442 573 444 580 445 581 442 573 445 581 446 582 446 582 447 577 442 573 448 578 449 583 350 576 350 576 449 583 351 584 351 584 449 583 450 585 351 584 450 585 352 586 352 586 450 585 451 587 352 586 451 587 353 588 353 588 451 587 452 589 353 588 452 589 354 590 354 590 452 589 453 591 354 590 453 591 355 592 355 592 453 591 454 593 355 592 454 593 356 594 356 594 454 593 455 595 356 594 455 595 357 596 357 596 455 595 456 597 357 596 456 597 358 598 358 598 456 597 457 599 358 598 457 599 359 600 359 600 457 599 458 601 359 600 458 601 360 602 360 602 458 601 459 603 360 602 459 603 361 604 361 604 459 603 460 605 361 604 460 605 362 606 362 606 460 605 461 607 362 606 461 607 363 608 363 608 461 607 462 609 363 608 462 609 364 610 364 610 462 609 463 611 364 610 463 611 365 612 365 612 463 611 464 613 365 612 464 613 366 614 366 614 464 613 465 615 366 614 465 615 367 616 367 616 465 615 466 617 367 616 466 617 368 618 368 618 466 617 467 619 368 618 467 619 369 620 369 620 467 619 468 621 369 620 468 621 469 622 469 622 470 623 369 620 369 620 470 623 409 517 369 620 409 517 370 519 470 623 471 624 409 517 409 517 471 624 472 625 379 626 287 627 339 628 339 628 287 627 286 629 339 628 286 629 285 630 378 631 290 632 379 626 379 626 290 632 289 633 379 626 289 633 288 634 290 632 378 631 291 635 291 635 378 631 377 636 291 635 377 636 376 637 291 635 376 637 292 638 292 638 376 637 375 639 292 638 375 639 324 640 324 640 375 639 374 641 324 640 374 641 325 642 325 642 374 641 373 643 325 642 373 643 326 644 326 644 373 643 372 645 326 644 372 645 327 646 327 646 372 645 371 518 327 646 371 518 328 516 309 572 348 574 310 647 310 647 348 574 347 648 310 647 347 648 311 649 311 649 347 648 346 650 311 649 346 650 312 651 312 651 346 650 345 652 312 651 345 652 313 653 313 653 345 652 344 654 313 653 344 654 280 655 280 655 344 654 343 656 280 655 343 656 281 657 281 657 343 656 342 658 281 657 342 658 341 659 281 657 341 659 282 660 282 660 341 659 340 661 282 660 340 661 283 662 283 662 340 661 284 663 284 663 340 661 285 630 285 630 340 661 339 628 329 523 328 516 410 515 324 640 323 664 292 638 292 638 323 664 322 665 292 638 322 665 321 666 321 666 320 667 292 638 292 638 320 667 293 668 293 668 320 667 294 669 294 669 320 667 319 670 294 669 319 670 295 671 295 671 319 670 296 672 296 672 319 670 297 673 297 673 319 670 274 674 274 674 319 670 318 675 274 674 318 675 275 676 275 676 318 675 276 677 276 677 318 675 277 678 277 678 318 675 278 679 278 679 318 675 317 680 278 679 317 680 279 681 279 681 317 680 280 655 280 655 317 680 316 682 280 655 316 682 315 683 315 683 314 684 280 655 280 655 314 684 313 653 288 634 287 627 379 626 401 685 473 686 482 687 482 687 473 686 474 688 482 687 474 688 491 689 491 689 474 688 475 690 491 689 475 690 490 691 490 691 475 690 489 692 490 691 489 692 506 693 506 693 489 692 505 694 506 693 505 694 494 695 494 695 505 694 495 696 494 695 495 696 403 697 403 697 495 696 404 698 404 698 495 696 496 699 404 698 496 699 405 700 405 700 496 699 497 701 405 700 497 701 406 702 406 702 497 701 498 703 406 702 498 703 407 704 407 704 498 703 499 705 407 704 499 705 408 706 408 706 499 705 500 707 408 706 500 707 380 708 380 708 500 707 483 709 380 708 483 709 484 710 484 710 483 709 501 711 484 710 501 711 485 712 485 712 501 711 502 713 485 712 502 713 486 714 486 714 502 713 503 715 486 714 503 715 487 716 487 716 503 715 504 717 487 716 504 717 488 718 488 718 504 717 505 694 488 718 505 694 489 692 475 690 476 719 489 692 489 692 476 719 488 718 476 719 477 720 488 718 488 718 477 720 487 716 477 720 478 721 487 716 487 716 478 721 486 714 478 721 479 722 486 714 486 714 479 722 485 712 479 722 480 723 485 712 485 712 480 723 484 710 480 723 481 724 484 710 484 710 481 724 380 708 494 695 403 697 493 725 493 725 403 697 402 726 493 725 402 726 492 727 492 727 402 726 401 685 492 727 401 685 508 728 508 728 401 685 482 687 508 728 482 687 491 689 491 689 490 691 507 729 507 729 490 691 506 693 507 729 506 693 493 725 493 725 506 693 494 695 507 729 493 725 492 727 505 694 504 717 495 696 495 696 504 717 496 699 504 717 503 715 496 699 496 699 503 715 497 701 503 715 502 713 497 701 497 701 502 713 498 703 483 709 500 707 499 705 502 713 501 711 498 703 498 703 501 711 499 705 501 711 483 709 499 705 492 727 508 728 507 729 507 729 508 728 491 689 509 730 558 731 481 732 481 732 558 731 529 733 481 732 529 733 623 734 623 734 529 733 601 735 623 734 601 735 622 736 622 736 601 735 600 737 622 736 600 737 621 738 621 738 600 737 599 739 621 738 599 739 620 740 620 740 599 739 598 741 620 740 598 741 619 742 619 742 598 741 597 743 619 742 597 743 618 744 618 744 597 743 596 745 618 744 596 745 617 746 617 746 596 745 595 747 617 746 595 747 616 748 616 748 595 747 594 749 616 748 594 749 615 750 615 750 594 749 593 751 615 750 593 751 614 752 614 752 593 751 592 753 614 752 592 753 613 754 613 754 592 753 591 755 613 754 591 755 612 756 612 756 591 755 590 757 612 756 590 757 611 758 611 758 590 757 589 759 611 758 589 759 610 760 610 760 589 759 588 761 610 760 588 761 609 762 609 762 588 761 587 763 609 762 587 763 608 764 608 764 587 763 586 765 608 764 586 765 607 766 607 766 586 765 585 767 607 766 585 767 606 768 606 768 585 767 584 769 606 768 584 769 605 770 605 770 584 769 583 771 605 770 583 771 604 772 604 772 583 771 582 773 604 772 582 773 603 774 603 774 582 773 581 775 603 774 581 775 533 776 533 776 581 775 473 686 533 776 473 686 624 777 624 777 473 686 646 778 624 777 646 778 647 779 647 779 646 778 669 780 647 779 669 780 670 781 670 781 669 780 691 782 670 781 691 782 692 783 692 783 691 782 714 784 692 783 714 784 715 785 715 785 714 784 736 786 715 785 736 786 737 787 737 787 736 786 758 788 737 787 758 788 759 789 759 789 758 788 780 790 759 789 780 790 781 791 781 791 780 790 802 792 781 791 802 792 803 793 803 793 802 792 825 794 803 793 825 794 826 795 826 795 825 794 846 796 826 795 846 796 847 797 847 797 846 796 570 798 847 797 570 798 569 799 569 799 570 798 391 800 569 799 391 800 390 801 509 730 510 802 558 731 558 731 510 802 557 803 558 731 557 803 529 733 529 733 557 803 601 735 510 802 511 804 557 803 557 803 511 804 556 805 557 803 556 805 601 735 601 735 556 805 600 737 511 804 512 806 556 805 556 805 512 806 555 807 556 805 555 807 600 737 600 737 555 807 599 739 555 807 512 806 554 808 554 808 512 806 513 809 554 808 513 809 514 810 554 808 514 810 553 811 553 811 514 810 515 812 553 811 515 812 552 813 552 813 515 812 516 814 552 813 516 814 551 815 551 815 516 814 517 816 551 815 517 816 550 817 550 817 517 816 518 818 550 817 518 818 549 819 549 819 518 818 519 820 549 819 519 820 548 821 548 821 519 820 547 822 548 821 547 822 592 753 592 753 547 822 591 755 519 820 520 823 547 822 547 822 520 823 546 824 547 822 546 824 591 755 591 755 546 824 590 757 520 823 521 825 546 824 546 824 521 825 522 826 546 824 522 826 545 827 545 827 522 826 523 828 545 827 523 828 544 829 544 829 523 828 524 830 544 829 524 830 543 831 543 831 524 830 542 832 543 831 542 832 587 763 587 763 542 832 586 765 524 830 525 833 542 832 542 832 525 833 541 834 542 832 541 834 586 765 586 765 541 834 585 767 525 833 526 835 541 834 541 834 526 835 540 836 541 834 540 836 585 767 585 767 540 836 584 769 526 835 527 837 540 836 540 836 527 837 539 838 540 836 539 838 584 769 584 769 539 838 583 771 539 838 527 837 538 839 538 839 527 837 528 840 538 839 528 840 537 841 537 841 528 840 473 686 537 841 473 686 581 775 401 685 535 842 473 686 473 686 535 842 732 843 473 686 732 843 711 844 711 844 732 843 733 845 711 844 733 845 712 846 712 846 733 845 734 847 712 846 734 847 713 848 713 848 734 847 735 849 713 848 735 849 714 784 714 784 735 849 736 786 400 850 580 851 401 685 401 685 580 851 536 852 401 685 536 852 817 853 817 853 536 852 838 854 817 853 838 854 818 855 818 855 838 854 839 856 818 855 839 856 819 857 819 857 839 856 840 858 819 857 840 858 820 859 820 859 840 858 841 860 820 859 841 860 821 861 821 861 841 860 842 862 821 861 842 862 822 863 822 863 842 862 843 864 822 863 843 864 823 865 823 865 843 864 844 866 823 865 844 866 824 867 824 867 844 866 845 868 824 867 845 868 825 794 825 794 845 868 846 796 580 851 400 850 579 869 579 869 400 850 399 870 579 869 399 870 578 871 578 871 399 870 577 872 578 871 577 872 839 856 839 856 577 872 840 858 399 870 398 873 577 872 577 872 398 873 576 874 577 872 576 874 840 858 840 858 576 874 841 860 398 873 397 875 576 874 576 874 397 875 575 876 576 874 575 876 841 860 841 860 575 876 842 862 397 875 396 877 575 876 575 876 396 877 574 878 575 876 574 878 842 862 842 862 574 878 843 864 396 877 395 879 574 878 574 878 395 879 573 880 574 878 573 880 843 864 843 864 573 880 844 866 395 879 394 881 573 880 573 880 394 881 572 882 573 880 572 882 844 866 844 866 572 882 845 868 394 881 393 883 572 882 572 882 393 883 571 884 572 882 571 884 845 868 845 868 571 884 846 796 393 883 392 885 571 884 571 884 392 885 570 798 571 884 570 798 846 796 392 885 391 800 570 798 569 799 390 801 568 886 568 886 390 801 389 887 568 886 389 887 567 888 567 888 389 887 388 889 567 888 388 889 566 890 566 890 388 889 387 891 566 890 387 891 565 892 565 892 387 891 386 893 565 892 386 893 564 894 564 894 386 893 385 895 564 894 385 895 563 896 563 896 385 895 384 897 563 896 384 897 562 898 562 898 384 897 383 899 562 898 383 899 561 900 561 900 383 899 382 901 561 900 382 901 560 902 560 902 382 901 381 903 560 902 381 903 559 904 559 904 381 903 380 905 559 904 380 905 858 906 858 906 380 905 532 907 858 906 532 907 837 908 837 908 532 907 815 909 837 908 815 909 814 910 814 910 815 909 793 911 814 910 793 911 792 912 792 912 793 911 771 913 792 912 771 913 770 914 770 914 771 913 749 915 770 914 749 915 748 916 748 916 749 915 727 917 748 916 727 917 726 918 726 918 727 917 704 919 726 918 704 919 703 920 703 920 704 919 682 921 703 920 682 921 681 922 681 922 682 921 659 923 681 922 659 923 658 924 658 924 659 923 636 925 658 924 636 925 635 926 635 926 636 925 613 754 635 926 613 754 612 756 481 732 531 927 380 905 380 905 531 927 689 928 380 905 689 928 816 929 816 929 689 928 794 930 816 929 794 930 815 909 815 909 794 930 793 911 481 732 602 931 667 932 667 932 602 931 644 933 667 932 644 933 666 934 666 934 644 933 643 935 666 934 643 935 665 936 665 936 643 935 642 937 665 936 642 937 664 938 664 938 642 937 641 939 664 938 641 939 663 940 663 940 641 939 640 941 663 940 640 941 662 942 662 942 640 941 639 943 662 942 639 943 661 944 661 944 639 943 638 945 661 944 638 945 660 946 660 946 638 945 637 947 660 946 637 947 659 923 659 923 637 947 636 925 481 732 667 932 530 948 530 948 667 932 666 934 530 948 666 934 688 949 688 949 666 934 665 936 688 949 665 936 687 950 687 950 665 936 664 938 687 950 664 938 686 951 686 951 664 938 663 940 686 951 663 940 685 952 685 952 663 940 662 942 685 952 662 942 684 953 684 953 662 942 661 944 684 953 661 944 683 954 683 954 661 944 660 946 683 954 660 946 682 921 682 921 660 946 659 923 481 732 645 955 753 956 753 956 645 955 731 957 753 956 731 957 752 958 752 958 731 957 730 959 752 958 730 959 751 960 751 960 730 959 729 961 751 960 729 961 750 962 750 962 729 961 728 963 750 962 728 963 749 915 749 915 728 963 727 917 481 732 753 956 531 927 531 927 753 956 752 958 531 927 752 958 773 964 773 964 752 958 751 960 773 964 751 960 772 965 772 965 751 960 750 962 772 965 750 962 771 913 771 913 750 962 749 915 532 907 380 905 816 929 815 909 532 907 816 929 473 686 711 844 534 966 534 966 711 844 712 846 534 966 712 846 690 967 690 967 712 846 713 848 690 967 713 848 691 782 691 782 713 848 714 784 535 842 401 685 774 968 774 968 401 685 795 969 774 968 795 969 796 970 796 970 795 969 818 855 796 970 818 855 819 857 583 771 539 838 538 839 581 775 582 773 537 841 537 841 582 773 538 839 582 773 583 771 538 839 587 763 588 761 543 831 543 831 588 761 544 829 590 757 546 824 545 827 588 761 589 759 544 829 544 829 589 759 545 827 589 759 590 757 545 827 592 753 593 751 548 821 548 821 593 751 549 819 593 751 594 749 549 819 549 819 594 749 550 817 594 749 595 747 550 817 550 817 595 747 551 815 595 747 596 745 551 815 551 815 596 745 552 813 596 745 597 743 552 813 552 813 597 743 553 811 599 739 555 807 554 808 597 743 598 741 553 811 553 811 598 741 554 808 598 741 599 739 554 808 602 931 481 732 623 734 560 902 559 904 857 971 857 971 559 904 858 906 857 971 858 906 837 908 561 900 560 902 856 972 856 972 560 902 857 971 856 972 857 971 836 973 836 973 857 971 837 908 836 973 837 908 814 910 562 898 561 900 855 974 855 974 561 900 856 972 855 974 856 972 835 975 835 975 856 972 836 973 835 975 836 973 813 976 813 976 836 973 814 910 813 976 814 910 792 912 563 896 562 898 854 977 854 977 562 898 855 974 854 977 855 974 834 978 834 978 855 974 835 975 834 978 835 975 812 979 812 979 835 975 813 976 812 979 813 976 791 980 791 980 813 976 792 912 791 980 792 912 770 914 564 894 563 896 853 981 853 981 563 896 854 977 853 981 854 977 833 982 833 982 854 977 834 978 833 982 834 978 811 983 811 983 834 978 812 979 811 983 812 979 790 984 790 984 812 979 791 980 790 984 791 980 769 985 769 985 791 980 770 914 769 985 770 914 748 916 565 892 564 894 852 986 852 986 564 894 853 981 852 986 853 981 832 987 832 987 853 981 833 982 832 987 833 982 810 988 810 988 833 982 811 983 810 988 811 983 789 989 789 989 811 983 790 984 789 989 790 984 768 990 768 990 790 984 769 985 768 990 769 985 747 991 747 991 769 985 748 916 747 991 748 916 726 918 566 890 565 892 851 992 851 992 565 892 852 986 851 992 852 986 831 993 831 993 852 986 832 987 831 993 832 987 809 994 809 994 832 987 810 988 809 994 810 988 788 995 788 995 810 988 789 989 788 995 789 989 767 996 767 996 789 989 768 990 767 996 768 990 746 997 746 997 768 990 747 991 746 997 747 991 725 998 725 998 747 991 726 918 725 998 726 918 703 920 567 888 566 890 850 999 850 999 566 890 851 992 850 999 851 992 830 1000 830 1000 851 992 831 993 830 1000 831 993 808 1001 808 1001 831 993 809 994 808 1001 809 994 787 1002 787 1002 809 994 788 995 787 1002 788 995 766 1003 766 1003 788 995 767 996 766 1003 767 996 745 1004 745 1004 767 996 746 997 745 1004 746 997 724 1005 724 1005 746 997 725 998 724 1005 725 998 702 1006 702 1006 725 998 703 920 702 1006 703 920 681 922 568 886 567 888 849 1007 849 1007 567 888 850 999 849 1007 850 999 829 1008 829 1008 850 999 830 1000 829 1008 830 1000 807 1009 807 1009 830 1000 808 1001 807 1009 808 1001 786 1010 786 1010 808 1001 787 1002 786 1010 787 1002 765 1011 765 1011 787 1002 766 1003 765 1011 766 1003 744 1012 744 1012 766 1003 745 1004 744 1012 745 1004 723 1013 723 1013 745 1004 724 1005 723 1013 724 1005 701 1014 701 1014 724 1005 702 1006 701 1014 702 1006 680 1015 680 1015 702 1006 681 922 680 1015 681 922 658 924 569 799 568 886 848 1016 848 1016 568 886 849 1007 848 1016 849 1007 828 1017 828 1017 849 1007 829 1008 828 1017 829 1008 806 1018 806 1018 829 1008 807 1009 806 1018 807 1009 785 1019 785 1019 807 1009 786 1010 785 1019 786 1010 764 1020 764 1020 786 1010 765 1011 764 1020 765 1011 743 1021 743 1021 765 1011 744 1012 743 1021 744 1012 722 1022 722 1022 744 1012 723 1013 722 1022 723 1013 700 1023 700 1023 723 1013 701 1014 700 1023 701 1014 679 1024 679 1024 701 1014 680 1015 679 1024 680 1015 657 1025 657 1025 680 1015 658 924 657 1025 658 924 635 926 536 852 580 851 579 869 839 856 838 854 578 871 578 871 838 854 579 869 795 969 401 685 817 853 838 854 536 852 579 869 603 774 533 776 625 1026 625 1026 533 776 624 777 625 1026 624 777 647 779 604 772 603 774 626 1027 626 1027 603 774 625 1026 626 1027 625 1026 648 1028 648 1028 625 1026 647 779 648 1028 647 779 670 781 605 770 604 772 627 1029 627 1029 604 772 626 1027 627 1029 626 1027 649 1030 649 1030 626 1027 648 1028 649 1030 648 1028 671 1031 671 1031 648 1028 670 781 671 1031 670 781 692 783 606 768 605 770 628 1032 628 1032 605 770 627 1029 628 1032 627 1029 650 1033 650 1033 627 1029 649 1030 650 1033 649 1030 672 1034 672 1034 649 1030 671 1031 672 1034 671 1031 693 1035 693 1035 671 1031 692 783 693 1035 692 783 715 785 607 766 606 768 629 1036 629 1036 606 768 628 1032 629 1036 628 1032 651 1037 651 1037 628 1032 650 1033 651 1037 650 1033 673 1038 673 1038 650 1033 672 1034 673 1038 672 1034 694 1039 694 1039 672 1034 693 1035 694 1039 693 1035 716 1040 716 1040 693 1035 715 785 716 1040 715 785 737 787 608 764 607 766 630 1041 630 1041 607 766 629 1036 630 1041 629 1036 652 1042 652 1042 629 1036 651 1037 652 1042 651 1037 674 1043 674 1043 651 1037 673 1038 674 1043 673 1038 695 1044 695 1044 673 1038 694 1039 695 1044 694 1039 717 1045 717 1045 694 1039 716 1040 717 1045 716 1040 738 1046 738 1046 716 1040 737 787 738 1046 737 787 759 789 609 762 608 764 631 1047 631 1047 608 764 630 1041 631 1047 630 1041 653 1048 653 1048 630 1041 652 1042 653 1048 652 1042 675 1049 675 1049 652 1042 674 1043 675 1049 674 1043 696 1050 696 1050 674 1043 695 1044 696 1050 695 1044 718 1051 718 1051 695 1044 717 1045 718 1051 717 1045 739 1052 739 1052 717 1045 738 1046 739 1052 738 1046 760 1053 760 1053 738 1046 759 789 760 1053 759 789 781 791 610 760 609 762 632 1054 632 1054 609 762 631 1047 632 1054 631 1047 654 1055 654 1055 631 1047 653 1048 654 1055 653 1048 676 1056 676 1056 653 1048 675 1049 676 1056 675 1049 697 1057 697 1057 675 1049 696 1050 697 1057 696 1050 719 1058 719 1058 696 1050 718 1051 719 1058 718 1051 740 1059 740 1059 718 1051 739 1052 740 1059 739 1052 761 1060 761 1060 739 1052 760 1053 761 1060 760 1053 782 1061 782 1061 760 1053 781 791 782 1061 781 791 803 793 611 758 610 760 633 1062 633 1062 610 760 632 1054 633 1062 632 1054 655 1063 655 1063 632 1054 654 1055 655 1063 654 1055 677 1064 677 1064 654 1055 676 1056 677 1064 676 1056 698 1065 698 1065 676 1056 697 1057 698 1065 697 1057 720 1066 720 1066 697 1057 719 1058 720 1066 719 1058 741 1067 741 1067 719 1058 740 1059 741 1067 740 1059 762 1068 762 1068 740 1059 761 1060 762 1068 761 1060 783 1069 783 1069 761 1060 782 1061 783 1069 782 1061 804 1070 804 1070 782 1061 803 793 804 1070 803 793 826 795 612 756 611 758 634 1071 634 1071 611 758 633 1062 634 1071 633 1062 656 1072 656 1072 633 1062 655 1063 656 1072 655 1063 678 1073 678 1073 655 1063 677 1064 678 1073 677 1064 699 1074 699 1074 677 1064 698 1065 699 1074 698 1065 721 1075 721 1075 698 1065 720 1066 721 1075 720 1066 742 1076 742 1076 720 1066 741 1067 742 1076 741 1067 763 1077 763 1077 741 1067 762 1068 763 1077 762 1068 784 1078 784 1078 762 1068 783 1069 784 1078 783 1069 805 1079 805 1079 783 1069 804 1070 805 1079 804 1070 827 1080 827 1080 804 1070 826 795 827 1080 826 795 847 797 613 754 636 925 614 752 614 752 636 925 637 947 614 752 637 947 615 750 615 750 637 947 638 945 615 750 638 945 616 748 616 748 638 945 639 943 616 748 639 943 617 746 617 746 639 943 640 941 617 746 640 941 618 744 618 744 640 941 641 939 618 744 641 939 619 742 619 742 641 939 642 937 619 742 642 937 620 740 620 740 642 937 643 935 620 740 643 935 621 738 621 738 643 935 644 933 621 738 644 933 622 736 622 736 644 933 602 931 622 736 602 931 623 734 481 732 530 948 710 1081 710 1081 530 948 688 949 710 1081 688 949 709 1082 709 1082 688 949 687 950 709 1082 687 950 708 1083 708 1083 687 950 686 951 708 1083 686 951 707 1084 707 1084 686 951 685 952 707 1084 685 952 706 1085 706 1085 685 952 684 953 706 1085 684 953 705 1086 705 1086 684 953 683 954 705 1086 683 954 704 919 704 919 683 954 682 921 657 1025 635 926 634 1071 634 1071 635 926 612 756 657 1025 634 1071 656 1072 481 732 710 1081 645 955 645 955 710 1081 709 1082 645 955 709 1082 731 957 731 957 709 1082 708 1083 731 957 708 1083 730 959 730 959 708 1083 707 1084 730 959 707 1084 729 961 729 961 707 1084 706 1085 729 961 706 1085 728 963 728 963 706 1085 705 1086 728 963 705 1086 727 917 727 917 705 1086 704 919 679 1024 657 1025 656 1072 679 1024 656 1072 678 1073 669 780 646 778 668 1087 668 1087 646 778 473 686 668 1087 473 686 534 966 534 966 690 967 668 1087 668 1087 690 967 669 780 690 967 691 782 669 780 700 1023 679 1024 678 1073 700 1023 678 1073 699 1074 722 1022 700 1023 699 1074 722 1022 699 1074 721 1075 743 1021 722 1022 721 1075 743 1021 721 1075 742 1076 733 845 732 843 754 1088 754 1088 732 843 535 842 754 1088 535 842 775 1089 775 1089 535 842 774 968 775 1089 774 968 796 970 734 847 733 845 755 1090 755 1090 733 845 754 1088 755 1090 754 1088 776 1091 776 1091 754 1088 775 1089 776 1091 775 1089 797 1092 797 1092 775 1089 796 970 797 1092 796 970 819 857 735 849 734 847 756 1093 756 1093 734 847 755 1090 756 1093 755 1090 777 1094 777 1094 755 1090 776 1091 777 1094 776 1091 798 1095 798 1095 776 1091 797 1092 798 1095 797 1092 820 859 820 859 797 1092 819 857 736 786 735 849 757 1096 757 1096 735 849 756 1093 757 1096 756 1093 778 1097 778 1097 756 1093 777 1094 778 1097 777 1094 799 1098 799 1098 777 1094 798 1095 799 1098 798 1095 821 861 821 861 798 1095 820 859 764 1020 743 1021 742 1076 764 1020 742 1076 763 1077 736 786 757 1096 758 788 758 788 757 1096 779 1099 758 788 779 1099 780 790 780 790 779 1099 801 1100 780 790 801 1100 802 792 802 792 801 1100 824 867 802 792 824 867 825 794 779 1099 757 1096 778 1097 785 1019 764 1020 763 1077 785 1019 763 1077 784 1078 771 913 793 911 772 965 772 965 793 911 794 930 772 965 794 930 773 964 773 964 794 930 689 928 773 964 689 928 531 927 779 1099 778 1097 800 1101 800 1101 778 1097 799 1098 800 1101 799 1098 822 863 822 863 799 1098 821 861 806 1018 785 1019 784 1078 806 1018 784 1078 805 1079 817 853 818 855 795 969 779 1099 800 1101 801 1100 801 1100 800 1101 823 865 801 1100 823 865 824 867 823 865 800 1101 822 863 828 1017 806 1018 805 1079 828 1017 805 1079 827 1080 848 1016 828 1017 827 1080 848 1016 827 1080 847 797 569 799 848 1016 847 797 860 1102 870 1103 859 1104 859 1104 870 1103 871 1105 859 1104 871 1105 882 1106 882 1106 871 1105 872 1107 882 1106 872 1107 881 1108 881 1108 872 1107 873 1109 881 1108 873 1109 880 1110 880 1110 873 1109 874 1111 880 1110 874 1111 879 1112 879 1112 874 1111 875 1113 879 1112 875 1113 878 1114 878 1114 875 1113 876 1115 878 1114 876 1115 877 1116 870 1103 860 1102 869 1117 869 1117 860 1102 861 1118 869 1117 861 1118 868 1119 868 1119 861 1118 862 1120 868 1119 862 1120 867 1121 867 1121 862 1120 863 1122 867 1121 863 1122 866 1123 866 1123 863 1122 864 1124 866 1123 864 1124 865 1125 442 1126 441 1127 883 1128 883 1128 441 1127 884 1129 409 1130 954 1131 885 1132 885 1132 954 1131 921 1133 885 1132 921 1133 955 1134 955 1134 921 1133 409 1130 955 1134 409 1130 920 1135 920 1135 409 1130 472 1136 920 1135 472 1136 923 1137 923 1137 472 1136 922 1138 923 1137 922 1138 916 1139 916 1139 922 1138 915 1140 915 1140 922 1138 924 1141 915 1140 924 1141 914 1142 914 1142 924 1141 925 1143 914 1142 925 1143 913 1144 913 1144 925 1143 926 1145 913 1144 926 1145 912 1146 912 1146 926 1145 928 1147 912 1146 928 1147 911 1148 911 1148 928 1147 927 1149 911 1148 927 1149 910 1150 910 1150 927 1149 929 1151 910 1150 929 1151 909 1152 909 1152 929 1151 930 1153 909 1152 930 1153 908 1154 908 1154 930 1153 931 1155 908 1154 931 1155 907 1156 907 1156 931 1155 932 1157 907 1156 932 1157 906 1158 906 1158 932 1157 933 1159 906 1158 933 1159 905 1160 905 1160 933 1159 934 1161 905 1160 934 1161 904 1162 904 1162 934 1161 935 1163 904 1162 935 1163 903 1164 903 1164 935 1163 936 1165 903 1164 936 1165 902 1166 902 1166 936 1165 937 1167 902 1166 937 1167 901 1168 901 1168 937 1167 938 1169 901 1168 938 1169 900 1170 900 1170 938 1169 939 1171 900 1170 939 1171 899 1172 899 1172 939 1171 940 1173 899 1172 940 1173 898 1174 898 1174 940 1173 941 1175 898 1174 941 1175 897 1176 897 1176 941 1175 942 1177 897 1176 942 1177 896 1178 896 1178 942 1177 943 1179 896 1178 943 1179 944 1180 944 1180 943 1179 451 1181 944 1180 451 1181 945 1182 945 1182 451 1181 450 1183 945 1182 450 1183 946 1184 946 1184 450 1183 449 1185 946 1184 449 1185 947 1186 947 1186 449 1185 448 1187 947 1186 448 1187 948 1188 948 1188 448 1187 447 1189 948 1188 447 1189 950 1190 950 1190 447 1189 949 1191 950 1190 949 1191 889 1192 889 1192 949 1191 888 1193 888 1193 949 1191 951 1194 888 1193 951 1194 952 1195 952 1195 951 1194 444 1196 952 1195 444 1196 953 1197 953 1197 444 1196 443 1198 953 1197 443 1198 919 1199 919 1199 443 1198 442 1200 919 1199 442 1200 918 1201 918 1201 442 1200 956 1202 918 1201 956 1202 883 1203 883 1203 956 1202 442 1200 472 1136 471 1204 922 1138 922 1138 471 1204 924 1141 471 1204 470 1205 924 1141 924 1141 470 1205 925 1143 470 1205 469 1206 925 1143 925 1143 469 1206 926 1145 469 1206 468 1207 926 1145 926 1145 468 1207 928 1147 928 1147 468 1207 927 1149 927 1149 468 1207 467 1208 927 1149 467 1208 929 1151 929 1151 467 1208 466 1209 929 1151 466 1209 930 1153 930 1153 466 1209 465 1210 930 1153 465 1210 931 1155 931 1155 465 1210 464 1211 931 1155 464 1211 932 1157 932 1157 464 1211 463 1212 932 1157 463 1212 933 1159 933 1159 463 1212 462 1213 933 1159 462 1213 934 1161 934 1161 462 1213 461 1214 934 1161 461 1214 935 1163 935 1163 461 1214 460 1215 935 1163 460 1215 936 1165 936 1165 460 1215 459 1216 936 1165 459 1216 937 1167 937 1167 459 1216 458 1217 937 1167 458 1217 938 1169 938 1169 458 1217 457 1218 938 1169 457 1218 939 1171 939 1171 457 1218 456 1219 939 1171 456 1219 940 1173 940 1173 456 1219 455 1220 940 1173 455 1220 941 1175 941 1175 455 1220 454 1221 941 1175 454 1221 942 1177 942 1177 454 1221 453 1222 942 1177 453 1222 943 1179 943 1179 453 1222 452 1223 943 1179 452 1223 451 1181 447 1189 446 1224 949 1191 949 1191 446 1224 951 1194 446 1224 445 1225 951 1194 951 1194 445 1225 444 1196 918 1201 883 1203 919 1199 919 1199 883 1203 886 1226 919 1199 886 1226 953 1197 953 1197 886 1226 952 1195 886 1226 887 1227 952 1195 952 1195 887 1227 888 1193 889 1192 890 1228 950 1190 950 1190 890 1228 948 1188 890 1228 891 1229 948 1188 948 1188 891 1229 947 1186 891 1229 892 1230 947 1186 947 1186 892 1230 946 1184 892 1230 893 1231 946 1184 946 1184 893 1231 945 1182 893 1231 894 1232 945 1182 945 1182 894 1232 944 1180 894 1232 895 1233 944 1180 944 1180 895 1233 896 1178 916 1139 917 1234 923 1137 923 1137 917 1234 920 1135 917 1234 885 1132 920 1135 920 1135 885 1132 955 1134 409 1130 921 1133 954 1131 410 1235 409 1236 957 1237 957 1237 409 1236 885 1238 441 1239 1024 1240 884 1241 884 1241 1024 1240 991 1242 884 1241 991 1242 988 1243 988 1243 991 1242 993 1244 988 1243 993 1244 987 1245 987 1245 993 1244 992 1246 987 1245 992 1246 986 1247 986 1247 992 1246 994 1248 986 1247 994 1248 985 1249 985 1249 994 1248 995 1250 985 1249 995 1250 984 1251 984 1251 995 1250 996 1252 984 1251 996 1252 983 1253 983 1253 996 1252 997 1254 983 1253 997 1254 982 1255 982 1255 997 1254 998 1256 982 1255 998 1256 999 1257 999 1257 998 1256 435 1258 999 1257 435 1258 434 1259 1024 1240 441 1239 991 1242 991 1242 441 1239 440 1260 991 1242 440 1260 993 1244 993 1244 440 1260 992 1246 440 1260 439 1261 992 1246 992 1246 439 1261 994 1248 439 1261 438 1262 994 1248 994 1248 438 1262 995 1250 438 1262 437 1263 995 1250 995 1250 437 1263 996 1252 437 1263 436 1264 996 1252 996 1252 436 1264 997 1254 436 1264 435 1258 997 1254 997 1254 435 1258 998 1256 433 1265 1000 1266 434 1259 434 1259 1000 1266 1001 1267 434 1259 1001 1267 999 1257 999 1257 1001 1267 981 1268 999 1257 981 1268 982 1255 1000 1266 433 1265 1002 1269 1002 1269 433 1265 432 1270 1002 1269 432 1270 1003 1271 1003 1271 432 1270 431 1272 1003 1271 431 1272 1004 1273 1004 1273 431 1272 430 1274 1004 1273 430 1274 1005 1275 1005 1275 430 1274 429 1276 1005 1275 429 1276 1006 1277 1006 1277 429 1276 428 1278 1006 1277 428 1278 1007 1279 1007 1279 428 1278 427 1280 1007 1279 427 1280 1008 1281 1008 1281 427 1280 426 1282 1008 1281 426 1282 1009 1283 1009 1283 426 1282 425 1284 1009 1283 425 1284 1010 1285 1010 1285 425 1284 424 1286 1010 1285 424 1286 1011 1287 1011 1287 424 1286 423 1288 1011 1287 423 1288 1012 1289 1012 1289 423 1288 422 1290 1012 1289 422 1290 1013 1291 1013 1291 422 1290 421 1292 1013 1291 421 1292 1014 1293 1014 1293 421 1292 420 1294 1014 1293 420 1294 1015 1295 1015 1295 420 1294 419 1296 1015 1295 419 1296 1016 1297 1016 1297 419 1296 418 1298 1016 1297 418 1298 1017 1299 1017 1299 418 1298 417 1300 1017 1299 417 1300 1018 1301 1018 1301 417 1300 416 1302 1018 1301 416 1302 1019 1303 1019 1303 416 1302 415 1304 1019 1303 415 1304 1020 1305 1020 1305 415 1304 414 1306 1020 1305 414 1306 1021 1307 1021 1307 414 1306 413 1308 1021 1307 413 1308 1022 1309 1022 1309 413 1308 412 1310 1022 1309 412 1310 1023 1311 1023 1311 412 1310 411 1312 1023 1311 411 1312 990 1313 990 1313 411 1312 410 1314 990 1313 410 1314 1025 1315 1025 1315 410 1314 989 1316 1025 1315 989 1316 957 1317 957 1317 989 1316 1026 1318 957 1317 1026 1318 410 1314 410 1314 1026 1318 989 1316 1025 1315 957 1317 990 1313 990 1313 957 1317 958 1319 990 1313 958 1319 1023 1311 1023 1311 958 1319 1022 1309 958 1319 959 1320 1022 1309 1022 1309 959 1320 1021 1307 959 1320 960 1321 1021 1307 1021 1307 960 1321 1020 1305 960 1321 961 1322 1020 1305 1020 1305 961 1322 1019 1303 961 1322 962 1323 1019 1303 1019 1303 962 1323 1018 1301 962 1323 963 1324 1018 1301 1018 1301 963 1324 1017 1299 963 1324 964 1325 1017 1299 1017 1299 964 1325 1016 1297 964 1325 965 1326 1016 1297 1016 1297 965 1326 1015 1295 965 1326 966 1327 1015 1295 1015 1295 966 1327 1014 1293 966 1327 967 1328 1014 1293 1014 1293 967 1328 1013 1291 967 1328 968 1329 1013 1291 1013 1291 968 1329 1012 1289 968 1329 969 1330 1012 1289 1012 1289 969 1330 1011 1287 969 1330 970 1331 1011 1287 1011 1287 970 1331 1010 1285 970 1331 971 1332 1010 1285 1010 1285 971 1332 1009 1283 971 1332 972 1333 1009 1283 1009 1283 972 1333 1008 1281 972 1333 973 1334 1008 1281 1008 1281 973 1334 1007 1279 973 1334 974 1335 1007 1279 1007 1279 974 1335 1006 1277 974 1335 975 1336 1006 1277 1006 1277 975 1336 1005 1275 975 1336 976 1337 1005 1275 1005 1275 976 1337 1004 1273 976 1337 977 1338 1004 1273 1004 1273 977 1338 1003 1271 977 1338 978 1339 1003 1271 1003 1271 978 1339 1002 1269 978 1339 979 1340 1002 1269 1002 1269 979 1340 1000 1266 979 1340 980 1341 1000 1266 1000 1266 980 1341 1001 1267 980 1341 981 1268 1001 1267 1028 1342 1065 1343 1027 1344 1027 1344 1065 1343 1066 1345 1027 1344 1066 1345 473 1346 473 1346 1066 1345 474 1347 474 1347 1066 1345 1068 1348 474 1347 1068 1348 475 1349 475 1349 1068 1348 1070 1350 475 1349 1070 1350 476 1351 476 1351 1070 1350 1072 1352 476 1351 1072 1352 477 1353 477 1353 1072 1352 1074 1354 477 1353 1074 1354 478 1355 478 1355 1074 1354 1076 1356 478 1355 1076 1356 479 1357 479 1357 1076 1356 1079 1358 479 1357 1079 1358 480 1359 480 1359 1079 1358 1078 1360 480 1359 1078 1360 481 1361 481 1361 1078 1360 1081 1362 481 1361 1081 1362 509 1363 509 1363 1081 1362 1082 1364 509 1363 1082 1364 1085 1365 1085 1365 1082 1364 1063 1366 1085 1365 1063 1366 1086 1367 1086 1367 1063 1366 1037 1368 1086 1367 1037 1368 1083 1369 1083 1369 1037 1368 1038 1370 1083 1369 1038 1370 1087 1371 1087 1371 1038 1370 1039 1372 1087 1371 1039 1372 1062 1373 1062 1373 1039 1372 1040 1374 1062 1373 1040 1374 1093 1375 1093 1375 1040 1374 1090 1376 1093 1375 1090 1376 1091 1377 1091 1377 1090 1376 1095 1378 1091 1377 1095 1378 513 1379 513 1379 1095 1378 514 1380 514 1380 1095 1378 1097 1381 514 1380 1097 1381 515 1382 515 1382 1097 1381 1098 1383 515 1382 1098 1383 1100 1384 1100 1384 1098 1383 1061 1385 1100 1384 1061 1385 1102 1386 1102 1386 1061 1385 1101 1387 1102 1386 1101 1387 1103 1388 1103 1388 1101 1387 1045 1389 1103 1388 1045 1389 1046 1390 1028 1342 1029 1391 1065 1343 1065 1343 1029 1391 1067 1392 1065 1343 1067 1392 1068 1348 1068 1348 1067 1392 1070 1350 1029 1391 1030 1393 1067 1392 1067 1392 1030 1393 1069 1394 1067 1392 1069 1394 1070 1350 1070 1350 1069 1394 1072 1352 1030 1393 1031 1395 1069 1394 1069 1394 1031 1395 1071 1396 1069 1394 1071 1396 1072 1352 1072 1352 1071 1396 1074 1354 1031 1395 1032 1397 1071 1396 1071 1396 1032 1397 1073 1398 1071 1396 1073 1398 1074 1354 1074 1354 1073 1398 1076 1356 1032 1397 1033 1399 1073 1398 1073 1398 1033 1399 1075 1400 1073 1398 1075 1400 1076 1356 1076 1356 1075 1400 1079 1358 1075 1400 1033 1399 1064 1401 1064 1401 1033 1399 1034 1402 1064 1401 1034 1402 1077 1403 1077 1403 1034 1402 1035 1404 1077 1403 1035 1404 1080 1405 1080 1405 1035 1404 1036 1406 1080 1405 1036 1406 1063 1366 1063 1366 1036 1406 1037 1368 1040 1374 1041 1407 1090 1376 1090 1376 1041 1407 1094 1408 1090 1376 1094 1408 1095 1378 1095 1378 1094 1408 1097 1381 1041 1407 1042 1409 1094 1408 1094 1408 1042 1409 1096 1410 1094 1408 1096 1410 1097 1381 1097 1381 1096 1410 1099 1411 1097 1381 1099 1411 1098 1383 1098 1383 1099 1411 1061 1385 1042 1409 1043 1412 1096 1410 1096 1410 1043 1412 1099 1411 1099 1411 1043 1412 1061 1385 1061 1385 1043 1412 1044 1413 1061 1385 1044 1413 1101 1387 1101 1387 1044 1413 1045 1389 1047 1414 1060 1415 1046 1390 1046 1390 1060 1415 1105 1416 1046 1390 1105 1416 1103 1388 1103 1388 1105 1416 1104 1417 1103 1388 1104 1417 1102 1386 1102 1386 1104 1417 517 1418 1102 1386 517 1418 516 1419 1060 1415 1047 1414 1108 1420 1108 1420 1047 1414 1048 1421 1108 1420 1048 1421 1110 1422 1110 1422 1048 1421 1049 1423 1110 1422 1049 1423 1112 1424 1112 1424 1049 1423 1059 1425 1112 1424 1059 1425 1114 1426 1114 1426 1059 1425 1116 1427 1114 1426 1116 1427 521 1428 521 1428 1116 1427 522 1429 522 1429 1116 1427 523 1430 523 1430 1116 1427 1118 1431 523 1430 1118 1431 524 1432 524 1432 1118 1431 1120 1433 524 1432 1120 1433 525 1434 525 1434 1120 1433 1122 1435 525 1434 1122 1435 526 1436 526 1436 1122 1435 1124 1437 526 1436 1124 1437 527 1438 527 1438 1124 1437 1126 1439 527 1438 1126 1439 528 1440 528 1440 1126 1439 1128 1441 528 1440 1128 1441 473 1346 473 1346 1128 1441 1127 1442 473 1346 1127 1442 1058 1443 1058 1443 1127 1442 1057 1444 1057 1444 1127 1442 1125 1445 1057 1444 1125 1445 1056 1446 1056 1446 1125 1445 1123 1447 1056 1446 1123 1447 1055 1448 1055 1448 1123 1447 1121 1449 1055 1448 1121 1449 1054 1450 1054 1450 1121 1449 1119 1451 1054 1450 1119 1451 1053 1452 1053 1452 1119 1451 1117 1453 1053 1452 1117 1453 1052 1454 1052 1454 1117 1453 1115 1455 1052 1454 1115 1455 1051 1456 1051 1456 1115 1455 1050 1457 1050 1457 1115 1455 1059 1425 1050 1457 1059 1425 1049 1423 1058 1443 1027 1344 473 1346 1114 1426 521 1428 1113 1458 1113 1458 521 1428 520 1459 1113 1458 520 1459 1111 1460 1111 1460 520 1459 519 1461 1111 1460 519 1461 1109 1462 1109 1462 519 1461 1107 1463 1109 1462 1107 1463 1060 1415 1060 1415 1107 1463 1105 1416 519 1461 518 1464 1107 1463 1107 1463 518 1464 1106 1465 1107 1463 1106 1465 1105 1416 1105 1416 1106 1465 1104 1417 518 1464 517 1418 1106 1465 1106 1465 517 1418 1104 1417 1102 1386 516 1419 1100 1384 1100 1384 516 1419 515 1382 1091 1377 513 1379 1092 1466 1092 1466 513 1379 512 1467 1092 1466 512 1467 1089 1468 1089 1468 512 1467 511 1469 1089 1468 511 1469 1088 1470 1088 1470 511 1469 1084 1471 1088 1470 1084 1471 1087 1371 1087 1371 1084 1471 1083 1369 511 1469 510 1472 1084 1471 1084 1471 510 1472 1085 1365 1084 1471 1085 1365 1086 1367 510 1472 509 1363 1085 1365 1065 1343 1068 1348 1066 1345 1077 1403 1078 1360 1064 1401 1064 1401 1078 1360 1079 1358 1064 1401 1079 1358 1075 1400 1078 1360 1077 1403 1081 1362 1081 1362 1077 1403 1080 1405 1081 1362 1080 1405 1082 1364 1082 1364 1080 1405 1063 1366 1083 1369 1084 1471 1086 1367 1089 1468 1088 1470 1062 1373 1062 1373 1088 1470 1087 1371 1092 1466 1089 1468 1062 1373 1093 1375 1091 1377 1092 1466 1062 1373 1093 1375 1092 1466 1060 1415 1108 1420 1109 1462 1109 1462 1108 1420 1110 1422 1109 1462 1110 1422 1111 1460 1111 1460 1110 1422 1113 1458 1114 1426 1113 1458 1112 1424 1112 1424 1113 1458 1110 1422 1118 1431 1116 1427 1115 1455 1115 1455 1116 1427 1059 1425 1120 1433 1118 1431 1117 1453 1117 1453 1118 1431 1115 1455 1122 1435 1120 1433 1119 1451 1119 1451 1120 1433 1117 1453 1119 1451 1121 1449 1122 1435 1122 1435 1121 1449 1123 1447 1122 1435 1123 1447 1124 1437 1124 1437 1123 1447 1125 1445 1124 1437 1125 1445 1126 1439 1126 1439 1125 1445 1127 1442 1126 1439 1127 1442 1128 1441 882 1473 1154 1474 859 1475 859 1475 1154 1474 1153 1476 859 1475 1153 1476 860 1477 860 1477 1153 1476 1176 1478 860 1477 1176 1478 861 1479 861 1479 1176 1478 1175 1480 861 1479 1175 1480 862 1481 862 1481 1175 1480 1174 1482 862 1481 1174 1482 863 1483 863 1483 1174 1482 1173 1484 863 1483 1173 1484 864 1485 864 1485 1173 1484 1172 1486 864 1485 1172 1486 865 1487 865 1487 1172 1486 1171 1488 865 1487 1171 1488 866 1489 866 1489 1171 1488 1170 1490 866 1489 1170 1490 867 1491 867 1491 1170 1490 1169 1492 867 1491 1169 1492 868 1493 868 1493 1169 1492 1168 1494 868 1493 1168 1494 869 1495 869 1495 1168 1494 1167 1496 869 1495 1167 1496 870 1497 870 1497 1167 1496 1166 1498 870 1497 1166 1498 871 1499 871 1499 1166 1498 1165 1500 871 1499 1165 1500 872 1501 872 1501 1165 1500 1164 1502 872 1501 1164 1502 873 1503 873 1503 1164 1502 1163 1504 873 1503 1163 1504 874 1505 874 1505 1163 1504 1162 1506 874 1505 1162 1506 875 1507 875 1507 1162 1506 1161 1508 875 1507 1161 1508 876 1509 876 1509 1161 1508 1160 1510 876 1509 1160 1510 877 1511 877 1511 1160 1510 1159 1512 877 1511 1159 1512 878 1513 878 1513 1159 1512 1158 1514 878 1513 1158 1514 879 1515 879 1515 1158 1514 1157 1516 879 1515 1157 1516 880 1517 880 1517 1157 1516 1156 1518 880 1517 1156 1518 881 1519 881 1519 1156 1518 1155 1520 881 1519 1155 1520 882 1473 882 1473 1155 1520 1154 1474 1130 1521 1176 1478 1129 1522 1129 1522 1176 1478 1153 1476 1129 1522 1153 1476 1152 1523 1152 1523 1153 1476 1154 1474 1152 1523 1154 1474 1151 1524 1151 1524 1154 1474 1155 1520 1151 1524 1155 1520 1150 1525 1150 1525 1155 1520 1156 1518 1150 1525 1156 1518 1149 1526 1149 1526 1156 1518 1157 1516 1149 1526 1157 1516 1148 1527 1148 1527 1157 1516 1158 1514 1148 1527 1158 1514 1147 1528 1147 1528 1158 1514 1159 1512 1147 1528 1159 1512 1146 1529 1146 1529 1159 1512 1160 1510 1146 1529 1160 1510 1145 1530 1145 1530 1160 1510 1161 1508 1145 1530 1161 1508 1144 1531 1144 1531 1161 1508 1162 1506 1144 1531 1162 1506 1143 1532 1143 1532 1162 1506 1163 1504 1143 1532 1163 1504 1142 1533 1142 1533 1163 1504 1164 1502 1142 1533 1164 1502 1141 1534 1141 1534 1164 1502 1165 1500 1141 1534 1165 1500 1140 1535 1140 1535 1165 1500 1166 1498 1140 1535 1166 1498 1139 1536 1139 1536 1166 1498 1167 1496 1139 1536 1167 1496 1138 1537 1138 1537 1167 1496 1168 1494 1138 1537 1168 1494 1137 1538 1137 1538 1168 1494 1169 1492 1137 1538 1169 1492 1136 1539 1136 1539 1169 1492 1170 1490 1136 1539 1170 1490 1135 1540 1135 1540 1170 1490 1171 1488 1135 1540 1171 1488 1134 1541 1134 1541 1171 1488 1172 1486 1134 1541 1172 1486 1133 1542 1133 1542 1172 1486 1173 1484 1133 1542 1173 1484 1132 1543 1132 1543 1173 1484 1174 1482 1132 1543 1174 1482 1131 1544 1131 1544 1174 1482 1175 1480 1131 1544 1175 1480 1130 1521 1130 1521 1175 1480 1176 1478 884 1545 1177 1546 883 1547 883 1547 1177 1546 1178 1548 885 1549 917 1550 1211 1551 1211 1551 917 1550 1210 1552 1210 1552 917 1550 916 1553 1210 1552 916 1553 1209 1554 1209 1554 916 1553 915 1555 1209 1554 915 1555 1208 1556 1208 1556 915 1555 914 1557 1208 1556 914 1557 1207 1558 1207 1558 914 1557 913 1559 1207 1558 913 1559 1206 1560 1206 1560 913 1559 912 1561 1206 1560 912 1561 1205 1562 1205 1562 912 1561 911 1563 1205 1562 911 1563 1204 1564 1204 1564 911 1563 910 1565 1204 1564 910 1565 1203 1566 1203 1566 910 1565 909 1567 1203 1566 909 1567 1202 1568 1202 1568 909 1567 908 1569 1202 1568 908 1569 1201 1570 1201 1570 908 1569 907 1571 1201 1570 907 1571 1200 1572 1200 1572 907 1571 906 1573 1200 1572 906 1573 1199 1574 1199 1574 906 1573 905 1575 1199 1574 905 1575 1198 1576 1198 1576 905 1575 904 1577 1198 1576 904 1577 1197 1578 1197 1578 904 1577 903 1579 1197 1578 903 1579 1196 1580 1196 1580 903 1579 902 1581 1196 1580 902 1581 1195 1582 1195 1582 902 1581 901 1583 1195 1582 901 1583 1194 1584 1194 1584 901 1583 900 1585 1194 1584 900 1585 1193 1586 1193 1586 900 1585 899 1587 1193 1586 899 1587 1192 1588 1192 1588 899 1587 898 1589 1192 1588 898 1589 1191 1590 1191 1590 898 1589 897 1591 1191 1590 897 1591 1190 1592 1190 1592 897 1591 896 1593 1190 1592 896 1593 1189 1594 1189 1594 896 1593 895 1595 1189 1594 895 1595 1188 1596 1188 1596 895 1595 894 1597 1188 1596 894 1597 1187 1598 1187 1598 894 1597 893 1599 1187 1598 893 1599 1186 1600 1186 1600 893 1599 892 1601 1186 1600 892 1601 1185 1602 1185 1602 892 1601 891 1603 1185 1602 891 1603 1184 1604 1184 1604 891 1603 890 1605 1184 1604 890 1605 1183 1606 1183 1606 890 1605 889 1607 1183 1606 889 1607 1182 1608 1182 1608 889 1607 888 1609 1182 1608 888 1609 1181 1610 1181 1610 888 1609 887 1611 1181 1610 887 1611 1180 1612 1180 1612 887 1611 886 1613 1180 1612 886 1613 1179 1614 1179 1614 886 1613 883 1615 1179 1614 883 1615 1178 1616 957 1617 885 1618 1212 1619 1212 1619 885 1618 1211 1620 884 1621 988 1622 1177 1623 1177 1623 988 1622 1243 1624 1243 1624 988 1622 987 1625 1243 1624 987 1625 1242 1626 1242 1626 987 1625 986 1627 1242 1626 986 1627 1241 1628 1241 1628 986 1627 985 1629 1241 1628 985 1629 1240 1630 1240 1630 985 1629 984 1631 1240 1630 984 1631 1239 1632 1239 1632 984 1631 983 1633 1239 1632 983 1633 1238 1634 1238 1634 983 1633 982 1635 1238 1634 982 1635 1237 1636 1237 1636 982 1635 981 1637 1237 1636 981 1637 1236 1638 1236 1638 981 1637 980 1639 1236 1638 980 1639 1235 1640 1235 1640 980 1639 979 1641 1235 1640 979 1641 1234 1642 1234 1642 979 1641 978 1643 1234 1642 978 1643 1233 1644 1233 1644 978 1643 977 1645 1233 1644 977 1645 1232 1646 1232 1646 977 1645 976 1647 1232 1646 976 1647 1231 1648 1231 1648 976 1647 975 1649 1231 1648 975 1649 1230 1650 1230 1650 975 1649 974 1651 1230 1650 974 1651 1229 1652 1229 1652 974 1651 973 1653 1229 1652 973 1653 1228 1654 1228 1654 973 1653 972 1655 1228 1654 972 1655 1227 1656 1227 1656 972 1655 971 1657 1227 1656 971 1657 1226 1658 1226 1658 971 1657 970 1659 1226 1658 970 1659 1225 1660 1225 1660 970 1659 969 1661 1225 1660 969 1661 1224 1662 1224 1662 969 1661 968 1663 1224 1662 968 1663 1223 1664 1223 1664 968 1663 967 1665 1223 1664 967 1665 1222 1666 1222 1666 967 1665 966 1667 1222 1666 966 1667 1221 1668 1221 1668 966 1667 965 1669 1221 1668 965 1669 1220 1670 1220 1670 965 1669 964 1671 1220 1670 964 1671 1219 1672 1219 1672 964 1671 963 1673 1219 1672 963 1673 1218 1674 1218 1674 963 1673 962 1675 1218 1674 962 1675 1217 1676 1217 1676 962 1675 961 1677 1217 1676 961 1677 1216 1678 1216 1678 961 1677 960 1679 1216 1678 960 1679 1215 1680 1215 1680 960 1679 959 1681 1215 1680 959 1681 1214 1682 1214 1682 959 1681 958 1683 1214 1682 958 1683 1213 1684 1213 1684 958 1683 957 1685 1213 1684 957 1685 1212 1686 1244 1687 1245 1688 1253 1689 1253 1689 1245 1688 1252 1690 1252 1690 1245 1688 1246 1691 1252 1690 1246 1691 1251 1692 1251 1692 1246 1691 1247 1693 1251 1692 1247 1693 1250 1694 1250 1694 1247 1693 1248 1695 1250 1694 1248 1695 1249 1696 1027 1697 1254 1698 1028 1699 1028 1699 1254 1698 1301 1700 1028 1699 1301 1700 1029 1701 1029 1701 1301 1700 1304 1702 1029 1701 1304 1702 1030 1703 1030 1703 1304 1702 1307 1704 1030 1703 1307 1704 1031 1705 1031 1705 1307 1704 1310 1706 1031 1705 1310 1706 1032 1707 1032 1707 1310 1706 1313 1708 1032 1707 1313 1708 1033 1709 1033 1709 1313 1708 1316 1710 1033 1709 1316 1710 1034 1711 1034 1711 1316 1710 1319 1712 1034 1711 1319 1712 1035 1713 1035 1713 1319 1712 1036 1714 1036 1714 1319 1712 1289 1715 1036 1714 1289 1715 1037 1716 1037 1716 1289 1715 1324 1717 1037 1716 1324 1717 1323 1718 1323 1718 1324 1717 1325 1719 1323 1718 1325 1719 1322 1720 1322 1720 1325 1719 1326 1721 1322 1720 1326 1721 1321 1722 1321 1722 1326 1721 1267 1723 1321 1722 1267 1723 1268 1724 1254 1698 1255 1725 1301 1700 1301 1700 1255 1725 1300 1726 1301 1700 1300 1726 1304 1702 1304 1702 1300 1726 1303 1727 1304 1702 1303 1727 1307 1704 1307 1704 1303 1727 1306 1728 1307 1704 1306 1728 1310 1706 1310 1706 1306 1728 1309 1729 1310 1706 1309 1729 1313 1708 1313 1708 1309 1729 1312 1730 1313 1708 1312 1730 1316 1710 1316 1710 1312 1730 1315 1731 1316 1710 1315 1731 1319 1712 1319 1712 1315 1731 1318 1732 1319 1712 1318 1732 1289 1715 1289 1715 1318 1732 1320 1733 1289 1715 1320 1733 1324 1717 1324 1717 1320 1733 1325 1719 1255 1725 1256 1734 1300 1726 1300 1726 1256 1734 1299 1735 1300 1726 1299 1735 1303 1727 1303 1727 1299 1735 1302 1736 1303 1727 1302 1736 1306 1728 1306 1728 1302 1736 1305 1737 1306 1728 1305 1737 1309 1729 1309 1729 1305 1737 1308 1738 1309 1729 1308 1738 1312 1730 1312 1730 1308 1738 1311 1739 1312 1730 1311 1739 1315 1731 1315 1731 1311 1739 1314 1740 1315 1731 1314 1740 1318 1732 1318 1732 1314 1740 1317 1741 1318 1732 1317 1741 1320 1733 1320 1733 1317 1741 1290 1742 1320 1733 1290 1742 1325 1719 1325 1719 1290 1742 1326 1721 1256 1734 1257 1743 1299 1735 1299 1735 1257 1743 1258 1744 1299 1735 1258 1744 1259 1745 1299 1735 1259 1745 1302 1736 1302 1736 1259 1745 1260 1746 1302 1736 1260 1746 1305 1737 1305 1737 1260 1746 1261 1747 1305 1737 1261 1747 1308 1738 1308 1738 1261 1747 1262 1748 1308 1738 1262 1748 1311 1739 1311 1739 1262 1748 1263 1749 1311 1739 1263 1749 1314 1740 1314 1740 1263 1749 1264 1750 1314 1740 1264 1750 1317 1741 1317 1741 1264 1750 1265 1751 1317 1741 1265 1751 1266 1752 1317 1741 1266 1752 1290 1742 1290 1742 1266 1752 1267 1723 1290 1742 1267 1723 1326 1721 1321 1722 1268 1724 1327 1753 1327 1753 1268 1724 1269 1754 1327 1753 1269 1754 1292 1755 1292 1755 1269 1754 1270 1756 1292 1755 1270 1756 1336 1757 1336 1757 1270 1756 1331 1758 1336 1757 1331 1758 1332 1759 1332 1759 1331 1758 1338 1760 1332 1759 1338 1760 1339 1761 1339 1761 1338 1760 1342 1762 1339 1761 1342 1762 1042 1763 1042 1763 1342 1762 1043 1764 1043 1764 1342 1762 1346 1765 1043 1764 1346 1765 1345 1766 1345 1766 1346 1765 1347 1767 1345 1766 1347 1767 1344 1768 1344 1768 1347 1767 1348 1769 1344 1768 1348 1769 1343 1770 1343 1770 1348 1769 1273 1771 1343 1770 1273 1771 1274 1772 1270 1756 1271 1773 1331 1758 1331 1758 1271 1773 1337 1774 1331 1758 1337 1774 1338 1760 1338 1760 1337 1774 1341 1775 1338 1760 1341 1775 1342 1762 1342 1762 1341 1775 1346 1765 1271 1773 1272 1776 1337 1774 1337 1774 1272 1776 1340 1777 1337 1774 1340 1777 1341 1775 1341 1775 1340 1777 1347 1767 1341 1775 1347 1767 1346 1765 1272 1776 1273 1771 1340 1777 1340 1777 1273 1771 1348 1769 1340 1777 1348 1769 1347 1767 1343 1770 1274 1772 1349 1778 1349 1778 1274 1772 1275 1779 1349 1778 1275 1779 1352 1780 1352 1780 1275 1779 1276 1781 1352 1780 1276 1781 1294 1782 1294 1782 1276 1781 1277 1783 1294 1782 1277 1783 1361 1784 1361 1784 1277 1783 1357 1785 1361 1784 1357 1785 1358 1786 1358 1786 1357 1785 1363 1787 1358 1786 1363 1787 1364 1788 1364 1788 1363 1787 1366 1789 1364 1788 1366 1789 1049 1790 1049 1790 1366 1789 1295 1791 1049 1790 1295 1791 1050 1792 1050 1792 1295 1791 1369 1793 1050 1792 1369 1793 1051 1794 1051 1794 1369 1793 1374 1795 1051 1794 1374 1795 1052 1796 1052 1796 1374 1795 1297 1797 1052 1796 1297 1797 1053 1798 1053 1798 1297 1797 1379 1799 1053 1798 1379 1799 1378 1800 1378 1800 1379 1799 1380 1801 1378 1800 1380 1801 1377 1802 1377 1802 1380 1801 1381 1803 1377 1802 1381 1803 1376 1804 1376 1804 1381 1803 1283 1805 1376 1804 1283 1805 1284 1806 1277 1783 1278 1807 1357 1785 1357 1785 1278 1807 1362 1808 1357 1785 1362 1808 1363 1787 1363 1787 1362 1808 1365 1809 1363 1787 1365 1809 1366 1789 1366 1789 1365 1809 1295 1791 1278 1807 1279 1810 1362 1808 1362 1808 1279 1810 1296 1811 1362 1808 1296 1811 1365 1809 1365 1809 1296 1811 1370 1812 1365 1809 1370 1812 1295 1791 1295 1791 1370 1812 1369 1793 1279 1810 1280 1813 1296 1811 1296 1811 1280 1813 1371 1814 1296 1811 1371 1814 1370 1812 1370 1812 1371 1814 1368 1815 1370 1812 1368 1815 1369 1793 1369 1793 1368 1815 1374 1795 1371 1814 1280 1813 1367 1816 1367 1816 1280 1813 1281 1817 1367 1816 1281 1817 1372 1818 1372 1818 1281 1817 1282 1819 1372 1818 1282 1819 1298 1820 1298 1820 1282 1819 1283 1805 1298 1820 1283 1805 1381 1803 1376 1804 1284 1806 1382 1821 1382 1821 1284 1806 1285 1822 1382 1821 1285 1822 1385 1823 1385 1823 1285 1822 1286 1824 1385 1823 1286 1824 1388 1825 1388 1825 1286 1824 1287 1826 1388 1825 1287 1826 1391 1827 1391 1827 1287 1826 1288 1828 1391 1827 1288 1828 1256 1734 1256 1734 1288 1828 1257 1743 1256 1734 1255 1725 1391 1827 1391 1827 1255 1725 1392 1829 1391 1827 1392 1829 1388 1825 1388 1825 1392 1829 1389 1830 1388 1825 1389 1830 1385 1823 1385 1823 1389 1830 1386 1831 1385 1823 1386 1831 1382 1821 1382 1821 1386 1831 1383 1832 1382 1821 1383 1832 1376 1804 1376 1804 1383 1832 1377 1802 1255 1725 1254 1698 1392 1829 1392 1829 1254 1698 1393 1833 1392 1829 1393 1833 1389 1830 1389 1830 1393 1833 1390 1834 1389 1830 1390 1834 1386 1831 1386 1831 1390 1834 1387 1835 1386 1831 1387 1835 1383 1832 1383 1832 1387 1835 1384 1836 1383 1832 1384 1836 1377 1802 1377 1802 1384 1836 1378 1800 1027 1697 1058 1837 1254 1698 1254 1698 1058 1837 1393 1833 1058 1837 1057 1838 1393 1833 1393 1833 1057 1838 1390 1834 1057 1838 1056 1839 1390 1834 1390 1834 1056 1839 1387 1835 1056 1839 1055 1840 1387 1835 1387 1835 1055 1840 1384 1836 1055 1840 1054 1841 1384 1836 1384 1836 1054 1841 1378 1800 1054 1841 1053 1798 1378 1800 1049 1790 1048 1842 1364 1788 1364 1788 1048 1842 1359 1843 1364 1788 1359 1843 1358 1786 1358 1786 1359 1843 1360 1844 1358 1786 1360 1844 1361 1784 1361 1784 1360 1844 1294 1782 1048 1842 1047 1845 1359 1843 1359 1843 1047 1845 1293 1846 1359 1843 1293 1846 1360 1844 1360 1844 1293 1846 1355 1847 1360 1844 1355 1847 1294 1782 1294 1782 1355 1847 1352 1780 1047 1845 1046 1848 1293 1846 1293 1846 1046 1848 1356 1849 1293 1846 1356 1849 1355 1847 1355 1847 1356 1849 1353 1850 1355 1847 1353 1850 1352 1780 1352 1780 1353 1850 1349 1778 1356 1849 1046 1848 1354 1851 1354 1851 1046 1848 1045 1852 1354 1851 1045 1852 1351 1853 1351 1853 1045 1852 1044 1854 1351 1853 1044 1854 1345 1766 1345 1766 1044 1854 1043 1764 1042 1763 1041 1855 1339 1761 1339 1761 1041 1855 1333 1856 1339 1761 1333 1856 1332 1759 1332 1759 1333 1856 1335 1857 1332 1759 1335 1857 1336 1757 1336 1757 1335 1857 1292 1755 1041 1855 1040 1858 1333 1856 1333 1856 1040 1858 1334 1859 1333 1856 1334 1859 1335 1857 1335 1857 1334 1859 1330 1860 1335 1857 1330 1860 1292 1755 1292 1755 1330 1860 1327 1753 1334 1859 1040 1858 1291 1861 1291 1861 1040 1858 1039 1862 1291 1861 1039 1862 1329 1863 1329 1863 1039 1862 1038 1864 1329 1863 1038 1864 1323 1718 1323 1718 1038 1864 1037 1716 1329 1863 1323 1718 1322 1720 1322 1720 1321 1722 1328 1865 1328 1865 1321 1722 1327 1753 1328 1865 1327 1753 1330 1860 1291 1861 1329 1863 1328 1865 1328 1865 1329 1863 1322 1720 1291 1861 1328 1865 1330 1860 1334 1859 1291 1861 1330 1860 1351 1853 1345 1766 1344 1768 1344 1768 1343 1770 1350 1866 1350 1866 1343 1770 1349 1778 1350 1866 1349 1778 1353 1850 1354 1851 1351 1853 1350 1866 1350 1866 1351 1853 1344 1768 1354 1851 1350 1866 1353 1850 1356 1849 1354 1851 1353 1850 1371 1814 1367 1816 1368 1815 1368 1815 1367 1816 1373 1867 1368 1815 1373 1867 1374 1795 1374 1795 1373 1867 1297 1797 1367 1816 1372 1818 1373 1867 1373 1867 1372 1818 1375 1868 1373 1867 1375 1868 1297 1797 1297 1797 1375 1868 1379 1799 1372 1818 1298 1820 1375 1868 1375 1868 1298 1820 1380 1801 1375 1868 1380 1801 1379 1799 1381 1803 1380 1801 1298 1820 1152 1523 1423 1869 1129 1522 1129 1522 1423 1869 1418 1870 1129 1522 1418 1870 1130 1521 1130 1521 1418 1870 1533 1871 1130 1521 1533 1871 1131 1544 1131 1544 1533 1871 1528 1872 1131 1544 1528 1872 1132 1543 1132 1543 1528 1872 1523 1873 1132 1543 1523 1873 1133 1542 1133 1542 1523 1873 1518 1874 1133 1542 1518 1874 1134 1541 1134 1541 1518 1874 1513 1875 1134 1541 1513 1875 1135 1540 1135 1540 1513 1875 1508 1876 1135 1540 1508 1876 1136 1539 1136 1539 1508 1876 1503 1877 1136 1539 1503 1877 1137 1538 1137 1538 1503 1877 1498 1878 1137 1538 1498 1878 1138 1537 1138 1537 1498 1878 1493 1879 1138 1537 1493 1879 1139 1536 1139 1536 1493 1879 1488 1880 1139 1536 1488 1880 1140 1535 1140 1535 1488 1880 1483 1881 1140 1535 1483 1881 1141 1534 1141 1534 1483 1881 1478 1882 1141 1534 1478 1882 1142 1533 1142 1533 1478 1882 1473 1883 1142 1533 1473 1883 1143 1532 1143 1532 1473 1883 1468 1884 1143 1532 1468 1884 1144 1531 1144 1531 1468 1884 1463 1885 1144 1531 1463 1885 1145 1530 1145 1530 1463 1885 1458 1886 1145 1530 1458 1886 1146 1529 1146 1529 1458 1886 1453 1887 1146 1529 1453 1887 1147 1528 1147 1528 1453 1887 1448 1888 1147 1528 1448 1888 1148 1527 1148 1527 1448 1888 1443 1889 1148 1527 1443 1889 1149 1526 1149 1526 1443 1889 1438 1890 1149 1526 1438 1890 1150 1525 1150 1525 1438 1890 1433 1891 1150 1525 1433 1891 1151 1524 1151 1524 1433 1891 1428 1892 1151 1524 1428 1892 1152 1523 1152 1523 1428 1892 1423 1869 1395 1893 1537 1894 1394 1895 1394 1895 1537 1894 1422 1896 1394 1895 1422 1896 1417 1897 1417 1897 1422 1896 1427 1898 1417 1897 1427 1898 1416 1899 1416 1899 1427 1898 1432 1900 1416 1899 1432 1900 1415 1901 1415 1901 1432 1900 1437 1902 1415 1901 1437 1902 1414 1903 1414 1903 1437 1902 1442 1904 1414 1903 1442 1904 1413 1905 1413 1905 1442 1904 1447 1906 1413 1905 1447 1906 1412 1907 1412 1907 1447 1906 1452 1908 1412 1907 1452 1908 1411 1909 1411 1909 1452 1908 1457 1910 1411 1909 1457 1910 1410 1911 1410 1911 1457 1910 1462 1912 1410 1911 1462 1912 1409 1913 1409 1913 1462 1912 1467 1914 1409 1913 1467 1914 1408 1915 1408 1915 1467 1914 1472 1916 1408 1915 1472 1916 1407 1917 1407 1917 1472 1916 1477 1918 1407 1917 1477 1918 1406 1919 1406 1919 1477 1918 1482 1920 1406 1919 1482 1920 1405 1921 1405 1921 1482 1920 1487 1922 1405 1921 1487 1922 1404 1923 1404 1923 1487 1922 1492 1924 1404 1923 1492 1924 1403 1925 1403 1925 1492 1924 1497 1926 1403 1925 1497 1926 1402 1927 1402 1927 1497 1926 1502 1928 1402 1927 1502 1928 1401 1929 1401 1929 1502 1928 1507 1930 1401 1929 1507 1930 1400 1931 1400 1931 1507 1930 1512 1932 1400 1931 1512 1932 1399 1933 1399 1933 1512 1932 1517 1934 1399 1933 1517 1934 1398 1935 1398 1935 1517 1934 1522 1936 1398 1935 1522 1936 1397 1937 1397 1937 1522 1936 1527 1938 1397 1937 1527 1938 1396 1939 1396 1939 1527 1938 1532 1940 1396 1939 1532 1940 1395 1893 1395 1893 1532 1940 1537 1894 1418 1870 1419 1941 1533 1871 1533 1871 1419 1941 1534 1942 1533 1871 1534 1942 1528 1872 1528 1872 1534 1942 1529 1943 1528 1872 1529 1943 1523 1873 1523 1873 1529 1943 1524 1944 1523 1873 1524 1944 1518 1874 1518 1874 1524 1944 1519 1945 1518 1874 1519 1945 1513 1875 1513 1875 1519 1945 1514 1946 1513 1875 1514 1946 1508 1876 1508 1876 1514 1946 1509 1947 1508 1876 1509 1947 1503 1877 1503 1877 1509 1947 1504 1948 1503 1877 1504 1948 1498 1878 1498 1878 1504 1948 1499 1949 1498 1878 1499 1949 1493 1879 1493 1879 1499 1949 1494 1950 1493 1879 1494 1950 1488 1880 1488 1880 1494 1950 1489 1951 1488 1880 1489 1951 1483 1881 1483 1881 1489 1951 1484 1952 1483 1881 1484 1952 1478 1882 1478 1882 1484 1952 1479 1953 1478 1882 1479 1953 1473 1883 1473 1883 1479 1953 1474 1954 1473 1883 1474 1954 1468 1884 1468 1884 1474 1954 1469 1955 1468 1884 1469 1955 1463 1885 1463 1885 1469 1955 1464 1956 1463 1885 1464 1956 1458 1886 1458 1886 1464 1956 1459 1957 1458 1886 1459 1957 1453 1887 1453 1887 1459 1957 1454 1958 1453 1887 1454 1958 1448 1888 1448 1888 1454 1958 1449 1959 1448 1888 1449 1959 1443 1889 1443 1889 1449 1959 1444 1960 1443 1889 1444 1960 1438 1890 1438 1890 1444 1960 1439 1961 1438 1890 1439 1961 1433 1891 1433 1891 1439 1961 1434 1962 1433 1891 1434 1962 1428 1892 1428 1892 1434 1962 1429 1963 1428 1892 1429 1963 1423 1869 1423 1869 1429 1963 1424 1964 1423 1869 1424 1964 1418 1870 1418 1870 1424 1964 1419 1941 1419 1941 1420 1965 1534 1942 1534 1942 1420 1965 1535 1966 1534 1942 1535 1966 1529 1943 1529 1943 1535 1966 1530 1967 1529 1943 1530 1967 1524 1944 1524 1944 1530 1967 1525 1968 1524 1944 1525 1968 1519 1945 1519 1945 1525 1968 1520 1969 1519 1945 1520 1969 1514 1946 1514 1946 1520 1969 1515 1970 1514 1946 1515 1970 1509 1947 1509 1947 1515 1970 1510 1971 1509 1947 1510 1971 1504 1948 1504 1948 1510 1971 1505 1972 1504 1948 1505 1972 1499 1949 1499 1949 1505 1972 1500 1973 1499 1949 1500 1973 1494 1950 1494 1950 1500 1973 1495 1974 1494 1950 1495 1974 1489 1951 1489 1951 1495 1974 1490 1975 1489 1951 1490 1975 1484 1952 1484 1952 1490 1975 1485 1976 1484 1952 1485 1976 1479 1953 1479 1953 1485 1976 1480 1977 1479 1953 1480 1977 1474 1954 1474 1954 1480 1977 1475 1978 1474 1954 1475 1978 1469 1955 1469 1955 1475 1978 1470 1979 1469 1955 1470 1979 1464 1956 1464 1956 1470 1979 1465 1980 1464 1956 1465 1980 1459 1957 1459 1957 1465 1980 1460 1981 1459 1957 1460 1981 1454 1958 1454 1958 1460 1981 1455 1982 1454 1958 1455 1982 1449 1959 1449 1959 1455 1982 1450 1983 1449 1959 1450 1983 1444 1960 1444 1960 1450 1983 1445 1984 1444 1960 1445 1984 1439 1961 1439 1961 1445 1984 1440 1985 1439 1961 1440 1985 1434 1962 1434 1962 1440 1985 1435 1986 1434 1962 1435 1986 1429 1963 1429 1963 1435 1986 1430 1987 1429 1963 1430 1987 1424 1964 1424 1964 1430 1987 1425 1988 1424 1964 1425 1988 1419 1941 1419 1941 1425 1988 1420 1965 1420 1965 1421 1989 1535 1966 1535 1966 1421 1989 1536 1990 1535 1966 1536 1990 1530 1967 1530 1967 1536 1990 1531 1991 1530 1967 1531 1991 1525 1968 1525 1968 1531 1991 1526 1992 1525 1968 1526 1992 1520 1969 1520 1969 1526 1992 1521 1993 1520 1969 1521 1993 1515 1970 1515 1970 1521 1993 1516 1994 1515 1970 1516 1994 1510 1971 1510 1971 1516 1994 1511 1995 1510 1971 1511 1995 1505 1972 1505 1972 1511 1995 1506 1996 1505 1972 1506 1996 1500 1973 1500 1973 1506 1996 1501 1997 1500 1973 1501 1997 1495 1974 1495 1974 1501 1997 1496 1998 1495 1974 1496 1998 1490 1975 1490 1975 1496 1998 1491 1999 1490 1975 1491 1999 1485 1976 1485 1976 1491 1999 1486 2000 1485 1976 1486 2000 1480 1977 1480 1977 1486 2000 1481 2001 1480 1977 1481 2001 1475 1978 1475 1978 1481 2001 1476 2002 1475 1978 1476 2002 1470 1979 1470 1979 1476 2002 1471 2003 1470 1979 1471 2003 1465 1980 1465 1980 1471 2003 1466 2004 1465 1980 1466 2004 1460 1981 1460 1981 1466 2004 1461 2005 1460 1981 1461 2005 1455 1982 1455 1982 1461 2005 1456 2006 1455 1982 1456 2006 1450 1983 1450 1983 1456 2006 1451 2007 1450 1983 1451 2007 1445 1984 1445 1984 1451 2007 1446 2008 1445 1984 1446 2008 1440 1985 1440 1985 1446 2008 1441 2009 1440 1985 1441 2009 1435 1986 1435 1986 1441 2009 1436 2010 1435 1986 1436 2010 1430 1987 1430 1987 1436 2010 1431 2011 1430 1987 1431 2011 1425 1988 1425 1988 1431 2011 1426 2012 1425 1988 1426 2012 1420 1965 1420 1965 1426 2012 1421 1989 1421 1989 1422 1896 1536 1990 1536 1990 1422 1896 1537 1894 1536 1990 1537 1894 1531 1991 1531 1991 1537 1894 1532 1940 1531 1991 1532 1940 1526 1992 1526 1992 1532 1940 1527 1938 1526 1992 1527 1938 1521 1993 1521 1993 1527 1938 1522 1936 1521 1993 1522 1936 1516 1994 1516 1994 1522 1936 1517 1934 1516 1994 1517 1934 1511 1995 1511 1995 1517 1934 1512 1932 1511 1995 1512 1932 1506 1996 1506 1996 1512 1932 1507 1930 1506 1996 1507 1930 1501 1997 1501 1997 1507 1930 1502 1928 1501 1997 1502 1928 1496 1998 1496 1998 1502 1928 1497 1926 1496 1998 1497 1926 1491 1999 1491 1999 1497 1926 1492 1924 1491 1999 1492 1924 1486 2000 1486 2000 1492 1924 1487 1922 1486 2000 1487 1922 1481 2001 1481 2001 1487 1922 1482 1920 1481 2001 1482 1920 1476 2002 1476 2002 1482 1920 1477 1918 1476 2002 1477 1918 1471 2003 1471 2003 1477 1918 1472 1916 1471 2003 1472 1916 1466 2004 1466 2004 1472 1916 1467 1914 1466 2004 1467 1914 1461 2005 1461 2005 1467 1914 1462 1912 1461 2005 1462 1912 1456 2006 1456 2006 1462 1912 1457 1910 1456 2006 1457 1910 1451 2007 1451 2007 1457 1910 1452 1908 1451 2007 1452 1908 1446 2008 1446 2008 1452 1908 1447 1906 1446 2008 1447 1906 1441 2009 1441 2009 1447 1906 1442 1904 1441 2009 1442 1904 1436 2010 1436 2010 1442 1904 1437 1902 1436 2010 1437 1902 1431 2011 1431 2011 1437 1902 1432 1900 1431 2011 1432 1900 1426 2012 1426 2012 1432 1900 1427 1898 1426 2012 1427 1898 1421 1989 1421 1989 1427 1898 1422 1896 1539 2013 1593 2014 1538 2015 1538 2015 1593 2014 1594 2016 1538 2015 1594 2016 1595 2017 1540 2018 1541 2019 1539 2013 1539 2013 1541 2019 1542 2020 1539 2013 1542 2020 1543 2021 1543 2021 1544 2022 1539 2013 1539 2013 1544 2022 1545 2023 1539 2013 1545 2023 1546 2024 1546 2024 1547 2025 1539 2013 1539 2013 1547 2025 1548 2026 1539 2013 1548 2026 1593 2014 1593 2014 1548 2026 1549 2027 1593 2014 1549 2027 1592 2028 1592 2028 1549 2027 1550 2029 1592 2028 1550 2029 1591 2030 1591 2030 1550 2029 1551 2031 1591 2030 1551 2031 1590 2032 1590 2032 1551 2031 1552 2033 1590 2032 1552 2033 1589 2034 1589 2034 1552 2033 1553 2035 1589 2034 1553 2035 1588 2036 1588 2036 1553 2035 1554 2037 1588 2036 1554 2037 1587 2038 1587 2038 1554 2037 1555 2039 1587 2038 1555 2039 1586 2040 1586 2040 1555 2039 1556 2041 1586 2040 1556 2041 1585 2042 1585 2042 1556 2041 1557 2043 1585 2042 1557 2043 1584 2044 1584 2044 1557 2043 1558 2045 1584 2044 1558 2045 1583 2046 1583 2046 1558 2045 1559 2047 1583 2046 1559 2047 1582 2048 1582 2048 1559 2047 1560 2049 1582 2048 1560 2049 1581 2050 1581 2050 1560 2049 1561 2051 1581 2050 1561 2051 1580 2052 1580 2052 1561 2051 1562 2053 1580 2052 1562 2053 1579 2054 1579 2054 1562 2053 1253 2055 1579 2054 1253 2055 1578 2056 1578 2056 1253 2055 1577 2057 1577 2057 1253 2055 1576 2058 1576 2058 1253 2055 1575 2059 1575 2059 1253 2055 1574 2060 1574 2060 1253 2055 1573 2061 1573 2061 1253 2055 1572 2062 1572 2062 1253 2055 1571 2063 1253 2055 1562 2053 1244 2064 1244 2064 1562 2053 1563 2065 1244 2064 1563 2065 1564 2066 1564 2066 1565 2067 1244 2064 1244 2064 1565 2067 1566 2068 1244 2064 1566 2068 1567 2069 1567 2069 1568 2070 1244 2064 1244 2064 1568 2070 1569 2071 1244 2064 1569 2071 1570 2072 1595 2017 1596 2073 1538 2015 1538 2015 1596 2073 1597 2074 1538 2015 1597 2074 1598 2075 1598 2075 1599 2076 1538 2015 1538 2015 1599 2076 1600 2077 1538 2015 1600 2077 1601 2078 1539 2079 1602 2080 1540 2081 1540 2081 1602 2080 1638 2082 1540 2081 1638 2082 1541 2083 1541 2083 1638 2082 1639 2084 1541 2083 1639 2084 1640 2085 1640 2085 1639 2084 1608 2086 1640 2085 1608 2086 1609 2087 1602 2080 1603 2088 1638 2082 1638 2082 1603 2088 1604 2089 1638 2082 1604 2089 1606 2090 1606 2090 1604 2089 1605 2091 1638 2082 1606 2090 1639 2084 1639 2084 1606 2090 1607 2092 1639 2084 1607 2092 1608 2086 1610 2093 1642 2094 1609 2087 1609 2087 1642 2094 1641 2095 1609 2087 1641 2095 1640 2085 1640 2085 1641 2095 1542 2096 1640 2085 1542 2096 1541 2083 1642 2094 1610 2093 1643 2097 1643 2097 1610 2093 1611 2098 1643 2097 1611 2098 1644 2099 1644 2099 1611 2098 1612 2100 1644 2099 1612 2100 1645 2101 1645 2101 1612 2100 1613 2102 1645 2101 1613 2102 1646 2103 1646 2103 1613 2102 1614 2104 1646 2103 1614 2104 1647 2105 1647 2105 1614 2104 1615 2106 1647 2105 1615 2106 1648 2107 1648 2107 1615 2106 1637 2108 1648 2107 1637 2108 1549 2109 1549 2109 1637 2108 1550 2110 1550 2110 1637 2108 1649 2111 1550 2110 1649 2111 1551 2112 1551 2112 1649 2111 1650 2113 1551 2112 1650 2113 1552 2114 1552 2114 1650 2113 1651 2115 1552 2114 1651 2115 1553 2116 1553 2116 1651 2115 1652 2117 1553 2116 1652 2117 1653 2118 1653 2118 1652 2117 1619 2119 1653 2118 1619 2119 1620 2120 1615 2106 1616 2121 1637 2108 1637 2108 1616 2121 1649 2111 1616 2121 1617 2122 1649 2111 1649 2111 1617 2122 1650 2113 1617 2122 1618 2123 1650 2113 1650 2113 1618 2123 1651 2115 1618 2123 1619 2119 1651 2115 1651 2115 1619 2119 1652 2117 1653 2118 1620 2120 1654 2124 1654 2124 1620 2120 1621 2125 1654 2124 1621 2125 1656 2126 1656 2126 1621 2125 1655 2127 1656 2126 1655 2127 1556 2128 1556 2128 1655 2127 1557 2129 1557 2129 1655 2127 1657 2130 1557 2129 1657 2130 1558 2131 1558 2131 1657 2130 1658 2132 1558 2131 1658 2132 1559 2133 1559 2133 1658 2132 1659 2134 1559 2133 1659 2134 1560 2135 1560 2135 1659 2134 1660 2136 1560 2135 1660 2136 1561 2137 1561 2137 1660 2136 1661 2138 1561 2137 1661 2138 1562 2139 1562 2139 1661 2138 1662 2140 1562 2139 1662 2140 1563 2141 1563 2141 1662 2140 1663 2142 1563 2141 1663 2142 1564 2143 1564 2143 1663 2142 1664 2144 1564 2143 1664 2144 1665 2145 1665 2145 1664 2144 1631 2146 1665 2145 1631 2146 1632 2147 1621 2125 1622 2148 1655 2127 1655 2127 1622 2148 1657 2130 1622 2148 1623 2149 1657 2130 1657 2130 1623 2149 1658 2132 1623 2149 1624 2150 1658 2132 1658 2132 1624 2150 1659 2134 1624 2150 1625 2151 1659 2134 1659 2134 1625 2151 1660 2136 1625 2151 1626 2152 1660 2136 1660 2136 1626 2152 1661 2138 1626 2152 1627 2153 1661 2138 1661 2138 1627 2153 1662 2140 1627 2153 1628 2154 1662 2140 1662 2140 1628 2154 1663 2142 1628 2154 1629 2155 1663 2142 1663 2142 1629 2155 1664 2144 1629 2155 1630 2156 1664 2144 1664 2144 1630 2156 1631 2146 1665 2145 1632 2147 1666 2157 1666 2157 1632 2147 1633 2158 1666 2157 1633 2158 1667 2159 1667 2159 1633 2158 1668 2160 1667 2159 1668 2160 1568 2161 1568 2161 1668 2160 1669 2162 1568 2161 1669 2162 1569 2163 1569 2163 1669 2162 1570 2164 1570 2164 1669 2162 1670 2165 1570 2164 1670 2165 1244 2166 1244 2166 1670 2165 1245 2167 1245 2167 1670 2165 1246 2168 1246 2168 1670 2165 1636 2169 1246 2168 1636 2169 1247 2170 1247 2170 1636 2169 1248 2171 1633 2158 1634 2172 1668 2160 1668 2160 1634 2172 1635 2173 1668 2160 1635 2173 1669 2162 1669 2162 1635 2173 1670 2165 1635 2173 1636 2169 1670 2165 1568 2161 1567 2174 1667 2159 1667 2159 1567 2174 1566 2175 1667 2159 1566 2175 1666 2157 1666 2157 1566 2175 1565 2176 1666 2157 1565 2176 1665 2145 1665 2145 1565 2176 1564 2143 1556 2128 1555 2177 1656 2126 1656 2126 1555 2177 1654 2124 1555 2177 1554 2178 1654 2124 1654 2124 1554 2178 1653 2118 1554 2178 1553 2116 1653 2118 1648 2107 1549 2109 1647 2105 1647 2105 1549 2109 1548 2179 1647 2105 1548 2179 1646 2103 1646 2103 1548 2179 1547 2180 1646 2103 1547 2180 1645 2101 1645 2101 1547 2180 1644 2099 1547 2180 1546 2181 1644 2099 1644 2099 1546 2181 1643 2097 1546 2181 1545 2182 1643 2097 1643 2097 1545 2182 1642 2094 1545 2182 1544 2183 1642 2094 1642 2094 1544 2183 1641 2095 1544 2183 1543 2184 1641 2095 1641 2095 1543 2184 1542 2096 1178 2185 1177 2186 1249 2187 1249 2187 1177 2186 1243 2188 1249 2187 1243 2188 1702 2189 1702 2189 1243 2188 1242 2190 1702 2189 1242 2190 1701 2191 1701 2191 1242 2190 1241 2192 1701 2191 1241 2192 1700 2193 1700 2193 1241 2192 1240 2194 1700 2193 1240 2194 1699 2195 1699 2195 1240 2194 1239 2196 1699 2195 1239 2196 1698 2197 1698 2197 1239 2196 1238 2198 1698 2197 1238 2198 1697 2199 1697 2199 1238 2198 1237 2200 1697 2199 1237 2200 1696 2201 1696 2201 1237 2200 1236 2202 1696 2201 1236 2202 1695 2203 1695 2203 1236 2202 1235 2204 1695 2203 1235 2204 1694 2205 1694 2205 1235 2204 1234 2206 1694 2205 1234 2206 1693 2207 1693 2207 1234 2206 1233 2208 1693 2207 1233 2208 1692 2209 1692 2209 1233 2208 1232 2210 1692 2209 1232 2210 1691 2211 1691 2211 1232 2210 1231 2212 1691 2211 1231 2212 1690 2213 1690 2213 1231 2212 1230 2214 1690 2213 1230 2214 1689 2215 1689 2215 1230 2214 1229 2216 1689 2215 1229 2216 1228 2217 1689 2215 1228 2217 1688 2218 1688 2218 1228 2217 1227 2219 1688 2218 1227 2219 1687 2220 1687 2220 1227 2219 1686 2221 1686 2221 1227 2219 1226 2222 1686 2221 1226 2222 1685 2223 1685 2223 1226 2222 1225 2224 1685 2223 1225 2224 1684 2225 1684 2225 1225 2224 1224 2226 1684 2225 1224 2226 1223 2227 1684 2225 1223 2227 1683 2228 1683 2228 1223 2227 1222 2229 1683 2228 1222 2229 1682 2230 1682 2230 1222 2229 1221 2231 1682 2230 1221 2231 1681 2232 1681 2232 1221 2231 1220 2233 1681 2232 1220 2233 1680 2234 1680 2234 1220 2233 1219 2235 1680 2234 1219 2235 1679 2236 1679 2236 1219 2235 1218 2237 1679 2236 1218 2237 1678 2238 1678 2238 1218 2237 1217 2239 1678 2238 1217 2239 1677 2240 1677 2240 1217 2239 1216 2241 1677 2240 1216 2241 1676 2242 1676 2242 1216 2241 1215 2243 1676 2242 1215 2243 1675 2244 1675 2244 1215 2243 1674 2245 1674 2245 1215 2243 1214 2246 1674 2245 1214 2246 1673 2247 1673 2247 1214 2246 1213 2248 1673 2247 1213 2248 1672 2249 1672 2249 1213 2248 1212 2250 1672 2249 1212 2250 1671 2251 1671 2251 1212 2250 1211 2252 1671 2251 1211 2252 1605 2253 1605 2253 1211 2252 1606 2254 1606 2254 1211 2252 1210 2255 1606 2254 1210 2255 1607 2256 1607 2256 1210 2255 1209 2257 1607 2256 1209 2257 1608 2258 1608 2258 1209 2257 1208 2259 1608 2258 1208 2259 1609 2260 1609 2260 1208 2259 1207 2261 1609 2260 1207 2261 1610 2262 1610 2262 1207 2261 1206 2263 1610 2262 1206 2263 1611 2264 1611 2264 1206 2263 1205 2265 1611 2264 1205 2265 1612 2266 1612 2266 1205 2265 1204 2267 1612 2266 1204 2267 1613 2268 1613 2268 1204 2267 1203 2269 1613 2268 1203 2269 1614 2270 1614 2270 1203 2269 1202 2271 1614 2270 1202 2271 1615 2272 1615 2272 1202 2271 1201 2273 1615 2272 1201 2273 1616 2274 1616 2274 1201 2273 1200 2275 1616 2274 1200 2275 1617 2276 1617 2276 1200 2275 1199 2277 1617 2276 1199 2277 1618 2278 1618 2278 1199 2277 1198 2279 1618 2278 1198 2279 1619 2280 1619 2280 1198 2279 1197 2281 1619 2280 1197 2281 1196 2282 1619 2280 1196 2282 1620 2283 1620 2283 1196 2282 1195 2284 1620 2283 1195 2284 1621 2285 1621 2285 1195 2284 1622 2286 1622 2286 1195 2284 1194 2287 1622 2286 1194 2287 1623 2288 1623 2288 1194 2287 1193 2289 1623 2288 1193 2289 1192 2290 1623 2288 1192 2290 1624 2291 1624 2291 1192 2290 1191 2292 1624 2291 1191 2292 1625 2293 1625 2293 1191 2292 1190 2294 1625 2293 1190 2294 1626 2295 1626 2295 1190 2294 1189 2296 1626 2295 1189 2296 1627 2297 1627 2297 1189 2296 1188 2298 1627 2297 1188 2298 1628 2299 1628 2299 1188 2298 1187 2300 1628 2299 1187 2300 1629 2301 1629 2301 1187 2300 1186 2302 1629 2301 1186 2302 1630 2303 1630 2303 1186 2302 1185 2304 1630 2303 1185 2304 1631 2305 1631 2305 1185 2304 1184 2306 1631 2305 1184 2306 1632 2307 1632 2307 1184 2306 1183 2308 1632 2307 1183 2308 1633 2309 1633 2309 1183 2308 1182 2310 1633 2309 1182 2310 1634 2311 1634 2311 1182 2310 1181 2312 1634 2311 1181 2312 1635 2313 1635 2313 1181 2312 1180 2314 1635 2313 1180 2314 1636 2315 1636 2315 1180 2314 1179 2316 1636 2315 1179 2316 1248 2317 1248 2317 1179 2316 1178 2185 1248 2317 1178 2185 1249 2187 1253 2318 1252 2319 1571 2320 1571 2320 1252 2319 1708 2321 1571 2320 1708 2321 1572 2322 1572 2322 1708 2321 1709 2323 1572 2322 1709 2323 1710 2324 1710 2324 1709 2323 1700 2325 1710 2324 1700 2325 1699 2326 1252 2319 1251 2327 1708 2321 1708 2321 1251 2327 1250 2328 1708 2321 1250 2328 1702 2329 1702 2329 1250 2328 1249 2330 1708 2321 1702 2329 1709 2323 1709 2323 1702 2329 1701 2331 1709 2323 1701 2331 1700 2325 1698 2332 1712 2333 1699 2326 1699 2326 1712 2333 1711 2334 1699 2326 1711 2334 1710 2324 1710 2324 1711 2334 1573 2335 1710 2324 1573 2335 1572 2322 1712 2333 1698 2332 1713 2336 1713 2336 1698 2332 1697 2337 1713 2336 1697 2337 1714 2338 1714 2338 1697 2337 1696 2339 1714 2338 1696 2339 1715 2340 1715 2340 1696 2339 1695 2341 1715 2340 1695 2341 1716 2342 1716 2342 1695 2341 1694 2343 1716 2342 1694 2343 1717 2344 1717 2344 1694 2343 1693 2345 1717 2344 1693 2345 1718 2346 1718 2346 1693 2345 1707 2347 1718 2346 1707 2347 1580 2348 1580 2348 1707 2347 1581 2349 1581 2349 1707 2347 1719 2350 1581 2349 1719 2350 1582 2351 1582 2351 1719 2350 1720 2352 1582 2351 1720 2352 1583 2353 1583 2353 1720 2352 1721 2354 1583 2353 1721 2354 1584 2355 1584 2355 1721 2354 1722 2356 1584 2355 1722 2356 1706 2357 1706 2357 1722 2356 1689 2358 1706 2357 1689 2358 1688 2359 1693 2345 1692 2360 1707 2347 1707 2347 1692 2360 1719 2350 1692 2360 1691 2361 1719 2350 1719 2350 1691 2361 1720 2352 1691 2361 1690 2362 1720 2352 1720 2352 1690 2362 1721 2354 1690 2362 1689 2358 1721 2354 1721 2354 1689 2358 1722 2356 1706 2357 1688 2359 1723 2363 1723 2363 1688 2359 1687 2364 1723 2363 1687 2364 1725 2365 1725 2365 1687 2364 1686 2366 1725 2365 1686 2366 1724 2367 1724 2367 1686 2366 1685 2368 1724 2367 1685 2368 1726 2369 1726 2369 1685 2368 1684 2370 1726 2369 1684 2370 1727 2371 1727 2371 1684 2370 1683 2372 1727 2371 1683 2372 1728 2373 1728 2373 1683 2372 1729 2374 1728 2373 1729 2374 1591 2375 1591 2375 1729 2374 1592 2376 1592 2376 1729 2374 1730 2377 1592 2376 1730 2377 1593 2378 1593 2378 1730 2377 1731 2379 1593 2378 1731 2379 1594 2380 1594 2380 1731 2379 1732 2381 1594 2380 1732 2381 1595 2382 1595 2382 1732 2381 1733 2383 1595 2382 1733 2383 1734 2384 1734 2384 1733 2383 1677 2385 1734 2384 1677 2385 1676 2386 1683 2372 1682 2387 1729 2374 1729 2374 1682 2387 1730 2377 1682 2387 1681 2388 1730 2377 1730 2377 1681 2388 1731 2379 1681 2388 1680 2389 1731 2379 1731 2379 1680 2389 1732 2381 1680 2389 1679 2390 1732 2381 1732 2381 1679 2390 1733 2383 1679 2390 1678 2391 1733 2383 1733 2383 1678 2391 1677 2385 1734 2384 1676 2386 1735 2392 1735 2392 1676 2386 1675 2393 1735 2392 1675 2393 1736 2394 1736 2394 1675 2393 1737 2395 1736 2394 1737 2395 1599 2396 1599 2396 1737 2395 1738 2397 1599 2396 1738 2397 1600 2398 1600 2398 1738 2397 1601 2399 1601 2399 1738 2397 1739 2400 1601 2399 1739 2400 1538 2401 1538 2401 1739 2400 1705 2402 1705 2402 1739 2400 1704 2403 1704 2403 1739 2400 1672 2404 1704 2403 1672 2404 1703 2405 1703 2405 1672 2404 1671 2406 1675 2393 1674 2407 1737 2395 1737 2395 1674 2407 1673 2408 1737 2395 1673 2408 1738 2397 1738 2397 1673 2408 1739 2400 1673 2408 1672 2404 1739 2400 1599 2396 1598 2409 1736 2394 1736 2394 1598 2409 1597 2410 1736 2394 1597 2410 1735 2392 1735 2392 1597 2410 1596 2411 1735 2392 1596 2411 1734 2384 1734 2384 1596 2411 1595 2382 1591 2375 1590 2412 1728 2373 1728 2373 1590 2412 1589 2413 1728 2373 1589 2413 1727 2371 1727 2371 1589 2413 1588 2414 1727 2371 1588 2414 1726 2369 1726 2369 1588 2414 1587 2415 1726 2369 1587 2415 1724 2367 1724 2367 1587 2415 1586 2416 1724 2367 1586 2416 1725 2365 1725 2365 1586 2416 1723 2363 1586 2416 1585 2417 1723 2363 1723 2363 1585 2417 1706 2357 1585 2417 1584 2355 1706 2357 1718 2346 1580 2348 1717 2344 1717 2344 1580 2348 1579 2418 1717 2344 1579 2418 1716 2342 1716 2342 1579 2418 1578 2419 1716 2342 1578 2419 1715 2340 1715 2340 1578 2419 1714 2338 1578 2419 1577 2420 1714 2338 1714 2338 1577 2420 1713 2336 1577 2420 1576 2421 1713 2336 1713 2336 1576 2421 1712 2333 1576 2421 1575 2422 1712 2333 1712 2333 1575 2422 1711 2334 1575 2422 1574 2423 1711 2334 1711 2334 1574 2423 1573 2335 1741 2424 1751 2425 1740 2426 1740 2426 1751 2425 1752 2427 1740 2426 1752 2427 1763 2428 1763 2428 1752 2427 1753 2429 1763 2428 1753 2429 1762 2430 1762 2430 1753 2429 1754 2431 1762 2430 1754 2431 1761 2432 1761 2432 1754 2431 1755 2433 1761 2432 1755 2433 1760 2434 1760 2434 1755 2433 1756 2435 1760 2434 1756 2435 1759 2436 1759 2436 1756 2435 1757 2437 1759 2436 1757 2437 1758 2438 1751 2425 1741 2424 1750 2439 1750 2439 1741 2424 1742 2440 1750 2439 1742 2440 1749 2441 1749 2441 1742 2440 1743 2442 1749 2441 1743 2442 1748 2443 1748 2443 1743 2442 1744 2444 1748 2443 1744 2444 1747 2445 1747 2445 1744 2444 1745 2446 1747 2445 1745 2446 1746 2447 1705 2448 1274 2449 1538 2450 1538 2450 1274 2449 1273 2451 1538 2450 1273 2451 1539 2452 1539 2452 1273 2451 1272 2453 1539 2452 1272 2453 1602 2454 1602 2454 1272 2453 1412 2455 1602 2454 1412 2455 1411 2456 1704 2457 43 60 1705 2448 1705 2448 43 60 42 62 1705 2448 42 62 1274 2449 1274 2449 42 62 1275 2458 1275 2458 42 62 1276 2459 1276 2459 42 62 1277 2460 1277 2460 42 62 41 64 1277 2460 41 64 1278 2461 1278 2461 41 64 40 66 1278 2461 40 66 1279 2462 1279 2462 40 66 39 68 1279 2462 39 68 1280 2463 1280 2463 39 68 38 70 1280 2463 38 70 37 72 1703 2464 27 92 1704 2457 1704 2457 27 92 26 94 1704 2457 26 94 25 48 1671 2465 30 86 1703 2464 1703 2464 30 86 29 88 1703 2464 29 88 28 90 1605 2466 1257 2467 1671 2465 1671 2465 1257 2467 1288 2468 1671 2465 1288 2468 30 86 30 86 1288 2468 1287 2469 30 86 1287 2469 1286 2470 1604 2471 1400 2472 1605 2466 1605 2466 1400 2472 1258 2473 1605 2466 1258 2473 1257 2467 1603 2474 1403 1925 1604 2471 1604 2471 1403 1925 1402 1927 1604 2471 1402 1927 1401 2475 1602 2454 1411 2456 1603 2474 1603 2474 1411 2456 1410 1911 1603 2474 1410 1911 1409 1913 1395 1893 1394 1895 1265 2476 1265 2476 1394 1895 1417 1897 1265 2476 1417 1897 1266 2477 1266 2477 1417 1897 1416 1899 1266 2477 1416 1899 1415 1901 1266 2477 1415 1901 1267 2478 1267 2478 1415 1901 1414 1903 1267 2478 1414 1903 1268 2479 1268 2479 1414 1903 1413 2480 1268 2479 1413 2480 1269 2481 1269 2481 1413 2480 1412 2455 1269 2481 1412 2455 1270 2482 1270 2482 1412 2455 1271 2483 1271 2483 1412 2455 1272 2453 1409 1913 1408 1915 1603 2474 1603 2474 1408 1915 1407 1917 1603 2474 1407 1917 1406 1919 1406 1919 1405 1921 1603 2474 1603 2474 1405 1921 1404 1923 1603 2474 1404 1923 1403 1925 1401 2475 1400 2472 1604 2471 1399 2484 1261 2485 1400 2472 1400 2472 1261 2485 1260 2486 1400 2472 1260 2486 1259 2487 1261 2485 1399 2484 1262 2488 1262 2488 1399 2484 1398 1935 1262 2488 1398 1935 1263 2489 1263 2489 1398 1935 1397 1937 1263 2489 1397 1937 1396 1939 1263 2489 1396 1939 1264 2490 1264 2490 1396 1939 1395 1893 1264 2490 1395 1893 1265 2476 1286 2470 1285 2491 30 86 30 86 1285 2491 31 84 31 84 1285 2491 1284 2492 31 84 1284 2492 32 82 32 82 1284 2492 1283 2493 32 82 1283 2493 33 80 33 80 1283 2493 34 78 34 78 1283 2493 1282 2494 34 78 1282 2494 35 76 35 76 1282 2494 1281 2495 35 76 1281 2495 36 74 36 74 1281 2495 37 72 37 72 1281 2495 1280 2463 1259 2487 1258 2473 1400 2472 25 48 24 50 1704 2457 1704 2457 24 50 47 52 1704 2457 47 52 46 54 46 54 45 56 1704 2457 1704 2457 45 56 44 58 1704 2457 44 58 43 60 28 90 27 92 1703 2464 1763 2496 1765 2497 1740 2498 1740 2498 1765 2497 1764 2499 1740 2498 1764 2499 1741 2500 1741 2500 1764 2499 1787 2501 1741 2500 1787 2501 1742 2502 1742 2502 1787 2501 1786 2503 1742 2502 1786 2503 1743 2504 1743 2504 1786 2503 1785 2505 1743 2504 1785 2505 1744 2506 1744 2506 1785 2505 1784 2507 1744 2506 1784 2507 1745 2508 1745 2508 1784 2507 1783 2509 1745 2508 1783 2509 1746 2510 1746 2510 1783 2509 1782 2511 1746 2510 1782 2511 1747 2512 1747 2512 1782 2511 1781 2513 1747 2512 1781 2513 1748 2514 1748 2514 1781 2513 1780 2515 1748 2514 1780 2515 1749 2516 1749 2516 1780 2515 1779 2517 1749 2516 1779 2517 1750 2518 1750 2518 1779 2517 1778 2519 1750 2518 1778 2519 1751 2520 1751 2520 1778 2519 1777 2521 1751 2520 1777 2521 1752 2522 1752 2522 1777 2521 1776 2523 1752 2522 1776 2523 1753 2524 1753 2524 1776 2523 1775 2525 1753 2524 1775 2525 1754 2526 1754 2526 1775 2525 1774 2527 1754 2526 1774 2527 1755 2528 1755 2528 1774 2527 1773 2529 1755 2528 1773 2529 1756 2530 1756 2530 1773 2529 1772 2531 1756 2530 1772 2531 1757 2532 1757 2532 1772 2531 1771 2533 1757 2532 1771 2533 1758 2534 1758 2534 1771 2533 1770 2535 1758 2534 1770 2535 1759 2536 1759 2536 1770 2535 1769 2537 1759 2536 1769 2537 1760 2538 1760 2538 1769 2537 1768 2539 1760 2538 1768 2539 1761 2540 1761 2540 1768 2539 1767 2541 1761 2540 1767 2541 1762 2542 1762 2542 1767 2541 1766 2543 1762 2542 1766 2543 1763 2496 1763 2496 1766 2543 1765 2497 23 4 1787 2501 0 2 0 2 1787 2501 1764 2499 0 2 1764 2499 1 0 1 0 1764 2499 1765 2497 1 0 1765 2497 2 46 2 46 1765 2497 1766 2543 2 46 1766 2543 3 44 3 44 1766 2543 1767 2541 3 44 1767 2541 4 42 4 42 1767 2541 1768 2539 4 42 1768 2539 5 40 5 40 1768 2539 1769 2537 5 40 1769 2537 6 38 6 38 1769 2537 1770 2535 6 38 1770 2535 7 36 7 36 1770 2535 1771 2533 7 36 1771 2533 8 34 8 34 1771 2533 1772 2531 8 34 1772 2531 9 32 9 32 1772 2531 1773 2529 9 32 1773 2529 10 30 10 30 1773 2529 1774 2527 10 30 1774 2527 11 28 11 28 1774 2527 1775 2525 11 28 1775 2525 12 26 12 26 1775 2525 1776 2523 12 26 1776 2523 13 24 13 24 1776 2523 1777 2521 13 24 1777 2521 14 22 14 22 1777 2521 1778 2519 14 22 1778 2519 15 20 15 20 1778 2519 1779 2517 15 20 1779 2517 16 18 16 18 1779 2517 1780 2515 16 18 1780 2515 17 16 17 16 1780 2515 1781 2513 17 16 1781 2513 18 14 18 14 1781 2513 1782 2511 18 14 1782 2511 19 12 19 12 1782 2511 1783 2509 19 12 1783 2509 20 10 20 10 1783 2509 1784 2507 20 10 1784 2507 21 8 21 8 1784 2507 1785 2505 21 8 1785 2505 22 6 22 6 1785 2505 1786 2503 22 6 1786 2503 23 4 23 4 1786 2503 1787 2501</p>
        </triangles>
      </mesh>
    </geometry>
  </library_geometries>
  <library_visual_scenes>
    <visual_scene id="Scene" name="Scene">
      <node id="zed2_camera_link-node" name="zed2_camera_link" type="NODE">
        <instance_geometry url="#zed2_camera_link-mesh">
          <bind_material>
            <technique_common>
              <instance_material symbol="Nylon_12__with_Formlabs_Fuse_1_3D_Printer_" target="#Nylon_12__with_Formlabs_Fuse_1_3D_Printer_"/>
            </technique_common>
          </bind_material>
        </instance_geometry>
      </node>
    </visual_scene>
  </library_visual_scenes>
  <scene>
    <instance_visual_scene url="#Scene"/>
  </scene>
</COLLADA>
